:020000041000EA
:10000000002008205D0100101B0100101D010010E0
:100010001101001011010010110100101101001058
:100020001901001019010010190100101F01001022
:10003000110100101901001021010010230100100E
:100040001101001011010010110100101101001028
:100050001101001011010010110100101101001018
:100060001101001011010010110100101101001008
:1000700011010010110100101101001011010010F8
:1000800011010010110100101101001011010010E8
:1000900011010010110100101101001011010010D8
:1000A00011010010110100101101001011010010C8
:1000B00011010010110100101101001011010010B8
:1000C00011010010110100101101001011010010A8
:1000D0001101001011010010110100101101001098
:1000E0001101001011010010110100101101001088
:1000F0001101001011010010110100101101001078
:100100001101001011010010110100101101001067
:10011000EFF30580103800BE00BE00BE00BE00BE7A
:1001200000BE00BEF2EB887198500210BC50021065
:10013000A001001090A31AE7D3DEFFFF42012110B7
:10014000FF010000B87B0200793512AB4FF00000D0
:100150001E49086006C881F3088810474FF05040D8
:10016000006810B14FF00000F2E70DA40ECC00299A
:1001700002D000F012F8F9E71549164A002000E015
:1001800001C19142FCD11449884714498847144958
:10019000884700BEFDE701C901C29A42FBD3704700
:1001A000BC50021010010020442D0020F07C0210F1
:1001B0000000082000000820F07C02100010082039
:1001C00000100820000000007047000008ED00E06B
:1001D000442D0020606B0220156100108902001080
:1001E0000D610010F8B500BF10B5054C237833B988
:1001F000044B13B10448AFF300800123237010BDFA
:10020000202F0020000000009819021008B5034BB1
:100210001BB103490348AFF3008008BD0000000094
:10022000242F0020981902104FF4007330B4034DAE
:10023000034C05600C60136030BC7047D4C00020D4
:10024000D4B800204FF08C0C70B44FF40076054DFC
:10025000054C0CFB035504EBC32405600C601660D1
:1002600070BC7047ECD1002078D200204FF480633E
:1002700030B4034D034C05600C60136030BC704714
:1002800060D1002060C1002010B582B006F0BAF83D
:1002900040F6B83003F072FD244806F03DF90A2418
:1002A0002E2006F0F7F84FF4FA7003F067FD013CDA
:1002B000F6D10A2006F0EEF81D4809F027F9864627
:1002C000DFF894C04FF480711A4B1B4A0094202031
:1002D000CCF800E009F066FB8646DFF880C06221BA
:1002E000164B174A00940820CCF800E009F05AFB9E
:1002F0000246144B14481A6006F00EF901F0C2F8D9
:1003000002F0F0F9114806F007F902F09DFB1048E1
:1003100002F080FB01200BF087FF0CF00FF80D4876
:1003200002F078FB0BF05EF9FEE700BF98190210AF
:10033000049100205C90002024910020B0900020C7
:1003400024B1002034E20020B8190210D0190210A4
:10035000EC1902100C1A021030E200202CE20020EE
:10036000704700BF003A18BF012242EC40107047AE
:100370004FF0504301205B6888401840003818BF98
:100380000120704700207047704700BF704700BFD2
:10039000704700BF704700BF704700BF4FF050422A
:1003A0000123D0F8FC01526803FA00F01040003835
:1003B00018BF0120704700BF704700BF38B5144612
:1003C000A4F10104B4FA84F408460D46640902F06D
:1003D000E3FC44EC445038BD844600B50B4B85B07B
:1003E0000FCB8DE80F006346188A5A68DCF808C006
:1003F000ADF80C0003F18400DB6869460293CDF888
:1004000004C000920FF0CAFE05B000BD042F021018
:10041000F8B50D4604464FF4867200218434284610
:1004200020F0A2F80121204612F09AF9FF22294675
:100430000746204613F03CF8064608B13046F8BDA2
:10044000204685F8007110F0F1FA03462046C5F801
:10045000043112F0B1F9C5F808013046F8BD00BF0B
:10046000843011F09FBE00BF10B50446282104F06F
:1004700053FA204610BD00BF10B504464FF400717A
:1004800004F04AFA204610BD38B504461549006A02
:1004900008F048FC226A0225134653F8040F02F5BF
:1004A000805C03F5405ECEF80050126803F50053FF
:1004B00082F00702284002F0CF02CCF8002018603A
:1004C00094F82400012102F0D1FB94F825000121C9
:1004D00002F0CCFB94F826000121BDE8384002F080
:1004E000C5BB00BF40420F009446006A1A466346EF
:1004F00021F0FAB908B503F031FD08BD08B503F0E5
:100500002DFD29B14FF47A72002321F0D9F908BDED
:10051000024AA2FB0020800908BD00BFD34D621033
:100520000846002103F0C0BB084603F027BC00BF0B
:10053000084600220C2102F0B7BB00BF94460846D3
:1005400001221946634602F0D3BB00BF0000000041
:100550002DE9F04F2DED0C8B1020ADF52D7D02F027
:100560001BFC10234FF0010242EC443042EC4030BF
:10057000DFF8BCB24FF4FA700BF094F95846FFF76D
:100580002BFF40B101469E4802F044FA4FF0FF3085
:100590000BF088F9FAE7072197A3D3E90023002499
:1005A000984D99480091CDE9024502F033FA0BF1DC
:1005B000840011F0F7FD9FED95BADFED95AADFED10
:1005C000958A0DF5D27A0DF59C790DF1D4084FF08E
:1005D00050420121DBF8FC31526801FA03F3134267
:1005E00003D105200BF05EF9F1E74FF4867200218C
:1005F00050461FF0B9FF0121874812F0B1F8FF22E1
:1006000004465146844812F053FF074630B18348F0
:1006100002F000FA804811F0C5FDD8E77E488AF85C
:10062000004110F003FACAF804017B4812F0C4F844
:100630009AF800410546122CCAF8080140F2C88019
:1006400045F2AA52BAF80010914268D1BAF80D608A
:10065000EC2E64D89AF8023006F113021093DAF8FF
:1006600007309442129340F0238346F2BB6306F1B5
:100670000F0C0AEB0C0252889A4250D14FF6FF73CE
:100680000DF5D9720DF2A511901911F8012F644FD3
:1006900082EA132237F812201B029BB2884283EAB7
:1006A0000203F2D13AF80C209A4238D1109B0A3B4F
:1006B000152B17D8DFE813F012011600C000160042
:1006C00016002B0016001600160016001600160065
:1006D000160016001600160016001600160016006A
:1006E00016002700284621F0DBF8CDE90201DAF8F0
:1006F000040121F0D5F82346CDE90001109A4949BB
:10070000494802F087F9444811F04CFD5FE7282280
:1007100000211CA81FF028FF242E00F06B842D2C34
:1007200056D99AF80030AA2B52D19AF80130552B9D
:100730004ED19AF80230012B4AD1BAF80430242B5A
:1007400046D14FF6FF7341F221010DF2A51010F8CA
:10075000012F83EA02235A0092B21E0448BF4A4086
:1007600053009BB2120448BF4B405A0092B21B0484
:1007700048BF4A4053009BB2170448BF4B405A0041
:1007800092B21E0448BF4A4053009BB2120448BFB5
:100790004B405A0092B21F0448BF4A40530016040F
:1007A0009BB20DF2CD1248BF4B408242CFD1DAED61
:1007B000417ABAF82A20CDED147A9A4208D19AF8F3
:1007C0002C30BB2B04D19AF82D30662B00F0978289
:1007D000DAF8040121F064F8064628460F4621F0B5
:1007E0005FF83246CDE900013B4621460F4802F052
:1007F00011F988E7AFF300800000000000448C404E
:100800003C1A021000405F40681A0210CDCCCC3D6B
:100810000000C84200FEFF46B8B40020A01A021033
:10082000042D0210D41A0210E81B0210741C0210CE
:1008300034B400200AD7233C0B2E7FF470AFDAF8D3
:100840000F301FED047A07EE903AF8EEE77A67EE84
:10085000877ABAF9173017EE900A109321F020F832
:10086000064628460F4621F01BF8DAF81340CDE97A
:100870000401DAF8040121F013F8129A3B46CDE99D
:10088000020100921248324602F0C4F8DAF8080178
:1008900021F006F8CDE90601DAF8040121F000F8AC
:1008A000CDE90401109803F043FF07A3D3E9002327
:1008B00003F0BCFE3246CDE902013B46054906483D
:1008C000009402F0A7F81EE77B14AE47E17A843F5C
:1008D000BC1A0210D41A0210A01B02101F2E7FF4A3
:1008E0001EAFDAF81B3064220AEE103ABAF91F3054
:1008F000002109EE903ABAF921304FA809EE103ADA
:10090000BAF92330DAF8136008EE103ABAF8253055
:10091000DAF817400BEE903ABAF82730DAED41CA10
:100920000DEE103ABAF82C30BAF82970ADF85830FC
:100930001FF01AFE4FF07E533046C9F8203003F006
:10094000F7FED9A3D3E9002303F070FE02460B465D
:100950002046CDE9102303F0EBFED3A3D3E9002317
:1009600003F064FEB8EEC99ADFEDC57AF8EEE99AB5
:10097000B8EEC88AB8EECAAA29EE279A2AEE27AAA4
:1009800069EEA79A28EE278A69EE097AE9EEA97A34
:10099000E8EE087ACDE9140117EE900A20F0BCFFCA
:1009A000129B0CEE100ADDE910012693B2A3D3E9E5
:1009B000002303F03BFE03F0DFFEAFA3D3E90023E7
:1009C0002790DDE9140103F031FE03F0D5FEB2EE0D
:1009D000047ADFEDAC7A2AEE077A6AEE277ABDEE6A
:1009E000C77AFDEEE77ADFEDA86A00238DED297A5C
:1009F000CDED2A7A289056A90DF1AA02F1EC017AE0
:100A000067EEA67AFDEEE77A17EE900A0133042B23
:100A100022F8020FF2D105EE905ADFED9A6AFEEE4F
:100A2000CF5A15EE905A6CEE265ABDF8583007EEA4
:100A3000907A69EEA69AFCEEE55AADF8CA3000232A
:100A40009FED8F6AF8EE6BBAB8EE4D7AF8EE677AE2
:100A500029EE269AFDEEE99ACDF8C230ADF8C630FF
:100A6000ADF8C8308DF8D030ADF8CE3015EE903AF4
:100A70006BEE86BA27EE067A67EE867A28EE268A2D
:100A8000BDEEEC6ABDEEC99AADF8B43019EE903AFD
:100A900016EE102ABDEEC88A2BEEA66AADF8B63067
:100AA00019EE103A27EE267ABCEEC66AADF8B830D9
:100AB00018EE103A67EEA67ABCEEC77AADF8BA30F7
:100AC00016EE103AFCEEE77AADF8BC3017EE103AAD
:100AD000ADF8BE3017EE903AADF8C03045F2AA53EB
:100AE000A8F80030032388F802303C238DF8CC208E
:100AF000664AA8F8043013788DF8CD5088F8033092
:100B0000013326AF0DF1DA0C13703C460CF1100CDA
:100B10000FCC4CF8043C32AB9C4207F110074CF868
:100B2000100C4CF80C1C4CF8082CEED107CF4FF6EB
:100B3000FF73002441F221050DF1D506CCF8000029
:100B4000CCF80410CCF8082016F8012F013483EA01
:100B500002235A0092B2190448BF6A4053009BB264
:100B6000120448BF6B405A0092B21F0448BF6A404B
:100B700053009BB2100448BF6B405A0092B2190454
:100B800048BF6A4053009BB2120448BF6B405A00F2
:100B900092B21F0448BF6A40530010049BB248BF82
:100BA0006B40402CD0D146F2BB62A8F84230A8F886
:100BB00044200023462236484146A8F860200068B9
:100BC0001A4608F037FF1A901AEE100A20F068FE55
:100BD0000446DAF808010D4620F062FECDE9040172
:100BE000DAF8040120F05CFE129B2246CDE90201F6
:100BF000009328482B4601F00DFF9DF858301CEE5D
:100C0000100A129320F04CFECDE916011BEE900A5B
:100C100020F046FE02460B46DAF80401CDE918231F
:100C200020F03EFE0646DAF808010F4620F038FEB6
:100C3000DDE918239DED167BCDE90C01CDE90245D8
:100C400015481A9C15498DED067B012C08BF0146FD
:100C50009DED147BCDE90823129B0E9104938DED3D
:100C6000007BDDE91023CDE90A670D490D4801F04D
:100C7000D1FE48E5AFF3008000000000D0126341D0
:100C80000AD7233C0000C84200FEFF46556B0220F5
:100C900034E20020BC1A0210241A02102C1A02108E
:100CA000D41A0210DC1A021048AFBC9AF2D77A3E6E
:100CB000FFF435AD46F2BB6206F10F010AEB01000D
:100CC000408890427FF42BAD38464FF6FF730DF20B
:100CD000A51C06F10D0E1CF8012FBF4F82EA13224E
:100CE00037F8122001301B029BB2864583EA0203CB
:100CF000F1D83AF801209A423FF4D8AC0FE54F46BC
:100D00000DF5D5743E46E36820686168A26810342A
:100D10000FC60DF5E5739C4207F11007F2D1DDF81F
:100D2000CA013860D9E9004003F002FDA8A3D3E965
:100D3000002303F0A1FCCDE91001D9F8080003F06D
:100D4000F7FCA3A3D3E9002303F096FC02460B466D
:100D500099ED047ACDE91223B9F91430F8EEC75AA7
:100D600006EE103AB9F91630D9ED037A06EE903A4C
:100D7000B9F91830F8EEE77A07EE103AB8EEC77A0C
:100D8000B9F91A30C7EE28BA07EE103AB9F81C3094
:100D900027EE8B8A07EE903AB8EEC66AF8EEE66A5E
:100DA000B8EEC77AF8EE677A284685EEAA9AC6EEBC
:100DB00028CA86EEA8CA87EE28AAC7EEAA9A20F00B
:100DC0006FFD99F81E7099F81F6099F82050CDE9D1
:100DD0000601149820F064FDCDE9040119EE100A13
:100DE00020F05EFDDDE910239DED127BCDE90201CF
:100DF0008DED007B794801F00DFE75A3D3E900234A
:100E0000DDE91001DAED417AFDEEE77AC8F800403D
:100E100017EE904A03F00AFC03F0AEFC6CA3D3E992
:100E20000023C8F80400DDE9120103F0FFFB03F022
:100E3000A3FC2CEEA85A00236CEE285ABDEEC55A2E
:100E4000C8E90933C8F81E30A8F82230C8F82C3099
:100E500088F8303088F83830A8F836302BEEA86A99
:100E600015EE103AFDEEE55AA8F814306AEE286A3D
:100E700015EE903ABDEEC66AA8F8163029EEAA7AA9
:100E800016EE103AFDEEE66AA8F81830BCEEC77A06
:100E900016EE903A9AED42DAA8F81A3017EE103AA8
:100EA000F0EE4D4AA8F81C30F2EE047A45F2AA534F
:100EB000FEEECF4AA9F8003068EE277A032329EE28
:100EC0002A9A14EE902A89F80230FDEEE77A3C2344
:100ED000BDEEC99A88F83170474688F83520404AF7
:100EE00088F83260C8ED037A88ED049AC8F80800E3
:100EF00088F8335088F83440A9F8043013780DF599
:100F00009F7689F80330013313703C4610360FCCBE
:100F100046F8043C41AB9C4207F1100746F8100C20
:100F200046F80C1C46F8082CEFD107CF4FF6FF739C
:100F300041F221040DF2391530607160B26015F88C
:100F4000012F83EA02235A0092B2190448BF62407B
:100F500053009BB2120448BF63405A0092B21B0474
:100F600048BF624053009BB2170448BF63405A0019
:100F700092B21E0448BF624053009BB2100448BFA7
:100F800063405A0092B2190448BF624053009BB2BA
:100F900012040DF2791248BF6340AA42CFD146F243
:100FA000BB62A9F84230A9F84420002346220D482C
:100FB000A9F8602049461A46006808F03BFD012860
:100FC0003FF4A1AB084801F025FDFFF79CBB00BF33
:100FD00000000000D0126341042D0210281C0210F2
:100FE000556B022034E20020B01C02100AD7233CCB
:100FF0000000003852461A23DAF81900DAF8111006
:101000000AEE100ABAF823009AF80F401890BAF8BE
:101010002500DAF815601A90BAF82700BAF91DC051
:10102000BAF91FE0BAF921701690109192F82A10BF
:1010300092F82900023340EA0120222B1CA9C85251
:1010400002F10202F2D107EE90EAB8EEE79A07EE5B
:1010500090CAF8EEE79A07EE907AB8EEE78A5FED6D
:101060001D7A29EE279A69EEA79A28EE278A69EE5B
:10107000097AE9EEA97AE8EE087A9AF8323017EEA2
:10108000900A9AF831701B9320F046FCBDF98C3021
:101090005FED295A06EE103ABDF98E30B8EEC66AF9
:1010A00006EE903ABDF99030F8EEE66A07EE103A97
:1010B000BDF99230B8EEC77A07EE903AF8EEE77ACB
:1010C00066EEA56A27EE257A67EEA57A26EE256AF2
:1010D000062F109998BFD44B0BEE900A0846C9ED25
:1010E000096A98BFDF5D89ED086A88BFFF2789ED2F
:1010F0000A7AC9ED0B7A03F01BFBC7A3D3E90023DF
:1011000003F094FA02460B463046CDE9102303F073
:101110000FFBC1A3D3E9002303F088FADAED417A8B
:101120009FEDC27AFDEEE77AB8EECAAA129BCDE92E
:101130001401DDE910012693B9A3D3E900232AEEB7
:1011400007AA17EE906A03F071FA03F015FBB4A337
:10115000D3E900232790DDE9140103F067FA03F0D7
:101160000BFBB2EE047ADFEDB27A2AEE077A6AEE72
:10117000277ABDEEC77AFDEEE77ADFEDAE6A00238F
:101180008DED297ACDED2A7A289056A90DF1AA0283
:10119000F1EC017A67EEA67AFDEEE77A17EE900A97
:1011A0000133042B22F8020FF2D1DFEDA17A1B9B51
:1011B00005EE105A8DF8CB30BDF960306BEEA7BA52
:1011C00006EE103ABDF96830DFED9B5A06EE903A14
:1011D000BDF95830BEEECF5A07EE103A69EEA74A75
:1011E0000023B8EEC66AFCEEEBBADFED943A15EEDA
:1011F000105A26EE256A29EE275AF8EEE66AB8EE6E
:10120000C77AFDEEE44A2F93ADF8C0308DF8CA30AE
:101210008DF8D030ADF8CE301BEE903A9FED884A75
:1012200066EEA56A27EE257A68EE277AC6EE235A7F
:10123000BDEEC55AADF8B43014EE903A86EEA36A0E
:1012400065EE845AFDEEE77AADF8B63015EE103A49
:10125000C7EE236A26EE046AFDEEE55AADF8B83013
:1012600017EE903A26EE847ABDEEC66AADF8BA3033
:1012700015EE903ABDEEC77AADF8C23016EE103AD0
:10128000ADF8C43017EE103AADF8C630032345F27E
:10129000AA5288F802303C23A8F80020694AA8F82E
:1012A000043013788DF8C97088F8033001338DF855
:1012B000C8408DF8CC608DF8CD5026AF0DF1DA0C1A
:1012C00013703C460CF1100C0FCC4CF8043C32ABC4
:1012D0009C4207F110074CF8100C4CF80C1C4CF811
:1012E000082CEED107CF4FF6FF73002441F2210501
:1012F0000DF1D506CCF80000CCF80410CCF808208D
:1013000016F8012F013483EA02235A0092B219041D
:1013100048BF6A4053009BB2120448BF6B405A005A
:1013200092B21F0448BF6A4053009BB2100448BFEA
:101330006B405A0092B2190448BF6A4053009BB2F6
:10134000120448BF6B405A0092B21B0448BF6A4067
:10135000530017049BB248BF6B40402CD0D146F2DB
:10136000BB62A8F84230A8F8442000234622364841
:101370004146A8F8602000681A4608F05BFB1A9006
:101380001AEE100A20F08CFA0446DAF808010D462D
:1013900020F086FACDE90401DAF8040120F080FAA1
:1013A000129B2246CDE90201009328482B4601F00A
:1013B00031FB19EE900A20F073FACDE9120119EE13
:1013C000100A20F06DFACDE9160118EE100A20F08F
:1013D00067FA02460B46DAF80401CDE9182320F03B
:1013E0005FFA0646DAF808010F4620F059FADDE9FF
:1013F00018239DED167B8DED067B9DED127BCDE9CF
:101400000C01CDE9024512481A9C12498DED047B6E
:10141000012C08BF01461FE048AFBC9AF2D77A3EC4
:1014200000000000D0126341642C02100AD7233C54
:101430000000C84200FEFF4612AC203C0AE81C41F6
:1014400000007A44556B022034E20020BC1A0210DE
:10145000241A02102C1A02109DED147BCDE90823EA
:10146000DDE910230E918DED007BCDE90A6703497C
:10147000034801F0CFFAFFF746B900BFD41A0210B3
:10148000441B021010B504240B480C4984B0CDE96C
:10149000011000234FF4006209490A48009409F042
:1014A0004DFF08B104B010BD23464FF4006204495B
:1014B000054801F095FC00BF442F00205C5000203F
:1014C000D41A021051050010DC1C021030B51C4C5F
:1014D0000421A4461B4A85B0029101254CF8042B37
:1014E0000822194B009501920FCB8CE80F000023C6
:1014F0002A46194604F114000AF088FF4FF0FF3124
:1015000041F212321425162310486061019122879E
:101510000F4A6119009301F128001123626384F8D6
:101520003A5015220AF098FF04F13C0104F18400BE
:101530000FF070F91123C4F8FC3105B030BD00BFC5
:1015400034B40020DC2C0210F42C0210742C021095
:10155000000008404FF050420123D0F800025268CA
:1015600003FA00F01040003818BF0120704700BF98
:10157000704700BFF8B50D4606464FF4867200214D
:1015800028461EF0F1FFB47E9036F4B1402C28BFFF
:1015900040242946304622460CF0F6FF074690B913
:1015A0002B1934B113F8012D611EA2B90C46002C81
:1015B000F8D1304685F800410CF050F90023C5F809
:1015C0000401C5F808313846F8BD012130460CF059
:1015D0005BF90446DAE7E4B2EBE700BF90300CF0C9
:1015E00009BB00BF10B504464FF4027103F094F933
:1015F000204610BD2DE9F041437D044690F914C00A
:101600008AB023B1BCF10D0FA8BF4FF00D0CD4ED83
:10161000016A94ED027AD4ED037A384B384E05AD69
:10162000C4F804320FCE0FC5D4F810E094F8168039
:10163000336804F19007384605A92B60CDED056AA3
:101640008DED067ACDED077A8DF824C0ADF82680B1
:10165000CDF820E00EF07AFA054618B128460AB017
:10166000BDE8F08127490346C4F804123846627E7B
:1016700004F117010DF03CFE05460028EED1224B87
:101680003846A17EC4F804320DF06EFF05460028EE
:10169000E4D11E4B3846E17EC4F804320CF054FD10
:1016A00005460028DAD1637DDBB9237F1BB9184BCF
:1016B000C4F80432D2E702264FF0000CFF27154B86
:1016C0000C22C4F804321E210323CDE9027C04F16C
:1016D0004800019600960BF0A9FE0028E7D00546C9
:1016E000BCE70D4B0122384694F91410C4F80432BB
:1016F0000DF098FD0028D8D00546AFE7141D021064
:10170000583102101C1D0210281D0210401D02102D
:10171000641D02106C1D0210501D0210000000001C
:101720002DE9F04F2DED0E8B1C20ADF52D7D01F038
:1017300033FB1C234FF0010242EC443042EC4030BA
:10174000DFF80CB34FF4FA700AF0ACF85846FFF724
:1017500051FF50B10146DBF80422AD4801F05AF9BF
:101760004FF0FF300AF09EF8FAE7AA48A2A3D3E9A7
:101770000023A3A5D5E90045CDE9004501F04AF9CC
:101780000BF190000CF036FA9FEDA39A9FED9EAB03
:101790000DF5D2780DF59C7A0DF1D4094FF0504239
:1017A0000121DBF80032526801FA03F3134203D13E
:1017B00005200AF077F8F1E74FF4867200214046E1
:1017C0001EF0D2FE9BF81A40002C00F05983402CEA
:1017D00028BF40244146224690480CF0D5FE30B147
:1017E0008F4801F017F98D480CF004FAD6E708EBA2
:1017F000040344B113F8012D611E002A40F0468312
:101800000C46002CF6D1854888F800410CF026F8EB
:1018100098F8004188ED429A122C0546C8F8040158
:1018200040F2B98045F2AA53B8F800209A4265D137
:10183000B8F80D60EC2E61D8D8F8072006F1130334
:101840009C4298F80270109240F0408346F2BB63CD
:1018500006F10F0C08EB0C0252889A424ED14FF65B
:10186000FF73A6460DF5D9720DF2A511901911F866
:10187000012F6C4C82EA132234F812201B029BB217
:10188000814283EA0203F2D138F80C2074469A426E
:1018900034D1A7F10A03152B17D8DFE813F02B0179
:1018A0001600DD00160016002700160016001600B0
:1018B0001600160016001600160016001600160078
:1018C0001600160016001600230028468DED02AB08
:1018D0001FF0E6FF2346CDE900013A46524953483E
:1018E00001F098F84D480CF085F957E728220021BF
:1018F0001CA81EF039FE242E00F0B4842D2C4AD9E9
:1019000098F80030AA2B46D198F80130552B42D1D7
:1019100098F80230012B3ED1B8F80430242B3AD18C
:101920004FF6FF7341F221010DF2A51010F8012FBF
:1019300083EA02235A0092B21E0448BF4A40530071
:101940009BB2120448BF4B405A0092B21B0448BFDE
:101950004A4053009BB2170448BF4B405A0092B212
:101960001E0448BF4A4053009BB2120448BF4B407C
:101970005A0092B21F0448BF4A40530016049BB25B
:101980000DF2CD1248BF4B409042CFD1B8F82A207B
:101990009A4200F0C4822846254D2B6801332B6003
:1019A0001FF07EFF02460B462248214601F032F826
:1019B000214A224B296802FB0133214AB2EB730F03
:1019C00090D398F800411F48102C254628BF1025B9
:1019D0002A4601F01FF844B14446454414F8011B5F
:1019E000194801F017F8A542F8D1184801F012F88B
:1019F00078E700BFAFF300800000000000887A4065
:101A000000000040333313400000000000000000DD
:101A1000701D0210A01D021000000000C4B60020BE
:101A2000D01D0210582F0210EC1D0210E81B0210EE
:101A300078DA0020281E0210295C8FC2D7A3703DDF
:101A400051B81E05581E0210801E02107C1E021086
:101A500034B600200AD7233C0B2E7FF44FAFD8F8C2
:101A60000F301FED047A07EE903AF8EEE77A67EE52
:101A7000877AB8F9173017EE900A12931FF010FF0B
:101A800006462846D8F813400F468DED04AB1FF0EC
:101A900007FF109A3B46CDE90201009212483246F8
:101AA00000F0B8FFD8F808011FF0FAFECDE90601F2
:101AB000D8F804011FF0F4FECDE90401129802F0F9
:101AC00037FE07A3D3E9002302F0B0FD3246CDE98B
:101AD00002013B4605490648009400F09BFF01E7E0
:101AE0007B14AE47E17A843FBC1A0210EC1D021051
:101AF000A01B02101F2E7FF401AFD8F81B30642208
:101B000009EE903AB8F91F30002108EE903AB8F982
:101B100021304FA80CEE103AB8F92330D8F81360F2
:101B200008EE103AB8F82530D8F817400BEE103A06
:101B3000B8F82730B8F829700CEE903AB8F82C3085
:101B4000B8EECCCAADF858301EF00EFD4FF07E5303
:101B50003046CAF8203002F0EBFDDAA3D3E90023C7
:101B600002F064FD02460B462046CDE9122302F046
:101B7000DFFDD4A3D3E9002302F058FDDFEDC67AE0
:101B8000F8EEE88AB8EEC88AF8EEE99A2CEE27CA91
:101B900069EEA79A68EEA78A28EE278A6CEE0C7A7F
:101BA000E8EEA87AE8EE087ACDE9140117EE900A7B
:101BB0001FF0B2FE109B0BEE900ADDE91201269396
:101BC000B3A3D3E9002302F031FD02F0D5FDB0A3A9
:101BD000D3E900232790DDE9140102F027FD02F08C
:101BE000CBFDB2EE047ADFEDAD7A29EE877A69EEAD
:101BF000A77ABDEEC77AFDEEE77ADFEDA96A00238A
:101C00008DED297ACDED2A7A289056A90DF1AA02F8
:101C1000F1EC017A67EEA67AFDEEE77A17EE900A0C
:101C20000133042B22F8020FF2D19FED9C6A07EEDC
:101C3000907A2BEE865ABDF85830DFED976AB8EEF1
:101C40004BBAB8EE6C7AF8EE677A68EE868ABCEE2C
:101C5000C55AADF8CA30002305EE905A2BEE26BACD
:101C600027EE267A67EEA67AFDEEE88A6CEE066A23
:101C7000CDF8C230ADF8C630ADF8C8308DF8CD30F3
:101C80008DF8D030ADF8CE3015EE103AFDEEE55AB5
:101C900028EE068AFDEEE66AADF8B43018EE903A0A
:101CA00015EE905ABDEEC88A6BEE065AADF8B63006
:101CB00016EE903A27EE067AFCEEE55AADF8B8300B
:101CC00018EE103A67EE867ABCEEC77AADF8BA30F5
:101CD00015EE903AFCEEE77AADF8BC3017EE103A0C
:101CE000ADF8BE3017EE903AADF8C030032345F2A0
:101CF000AA5289F802303C23A9F80020694AA9F8C1
:101D0000043013788DF8CC5089F80330013326AFB6
:101D10000DF1DA0C13703C460CF1100C0FCC4CF8A2
:101D2000043C32AB9C4207F110074CF8100C4CF805
:101D30000C1C4CF8082CEED107CF4FF6FF73002493
:101D400041F221050DF1D506CCF80000CCF80410C5
:101D5000CCF8082016F8012F013483EA02235A0038
:101D600092B2190448BF6A4053009BB2120448BFA4
:101D70006B405A0092B21F0448BF6A4053009BB2A6
:101D8000100448BF6B405A0092B2190448BF6A4021
:101D900053009BB2120448BF6B405A0092B21F041A
:101DA00048BF6A40530010049BB248BF6B40402CB0
:101DB000D0D146F2BB62A9F84230A9F844200023F2
:101DC000462239484946A9F8602000681A4607F0BB
:101DD00031FE1A9019EE900A1FF062FD0446D8F801
:101DE00008010D461FF05CFDCDE90401D8F804019F
:101DF0001FF056FD109B2246CDE9020100932B48AF
:101E00002B4600F007FE9DF858301BEE900A109309
:101E10001FF046FDCDE916011BEE100A1FF040FD34
:101E200002460B46D8F80401CDE918231FF038FD0F
:101E30000646D8F808010F461FF032FDDDE91823E9
:101E40009DED167BCDE90C01CDE9024518481A9CA1
:101E500018498DED067B012C08BF01469DED147BD2
:101E6000CDE90823109B0E9104938DED007BDDE9F5
:101E70001223CDE90A671049104800F0CBFD31E587
:101E800001210F480BF000FD0446A0E4E4B2BAE4DF
:101E900000000000D01263410AD7233C0000C84272
:101EA00000FEFF46556B022034E20020BC1A0210EF
:101EB000241A02102C1A0210EC1D0210DC1A021057
:101EC000C4B6002048AFBC9AF2D77A3EFFF416ADF4
:101ED00046F2BB6306F10F0108EB010252889A42F9
:101EE0007FF40CAD00204FF6FF730DF2A51C06F138
:101EF0000D0E12911CF8012FCF4982EA132231F8FE
:101F0000122001301B029BB2864583EA0203F1D8FE
:101F1000129938F801209A423FF4BBACEEE498F8ED
:101F20002C30BB2B7FF437AD98F82D30662B7FF427
:101F300032AD57460DF5D5743E46E36820686168BA
:101F4000A26810340FC60DF5E5739C4207F1100727
:101F5000F2D1DDF8CA01DFEDB98A3860DAE9006054
:101F600002F0E6FBB2A3D3E9002302F085FBCDE942
:101F70001401DAF8080002F0DBFBADA3D3E900237B
:101F800002F07AFBDAED037AB8EEE78ADAED047A4A
:101F9000BAF91430B8EEE76A06EE903ABAF916309C
:101FA000DFEDA75A07EE103ABAF91830B8EEC77A43
:101FB00007EE903AF8EEE77ABAF91A30C7EE28CA77
:101FC00007EE103ABAF81C3087EEA8CA07EE903A2E
:101FD00028EE258AF8EEE66AB8EEC77AF8EE677A58
:101FE000DFED98DA9AF81F309AF82020CDE9160133
:101FF00018EE100AC6EE2D9A86EEA8DAC7EE28BAB9
:1020000087EEADBA109312921FF04AFC02462846A2
:102010009AF81E7014460D468DED04AB1FF040FC7F
:1020200022462B46CDE902010096874800F0F2FCDB
:10203000D8F804011FF034FCCDE9020119EE900A32
:102040001FF02EFC2246CDE900012B467F4800F010
:10205000E1FC77A3D3E90023DDE91401D8ED417A4F
:10206000FDEEE77AC9F8006017EE904A02F0DEFA5A
:1020700002F082FB6EA3D3E90023C9F80400DDE976
:10208000160102F0D3FA02F077FB2DEE285A109BCE
:102090006CEEA85A89F83230BDEEC55A00232CEEFA
:1020A000286AC9E90933C9F81E30A9F82230C9F8ED
:1020B0002C3089F8303089F83830A9F83630FDEE08
:1020C000E55A15EE103A6BEEA86AA9F81430BDEE89
:1020D000C66A15EE903A2BEE2D7AA9F81630FDEE71
:1020E000E66A16EE103A98ED42EAA9F81830BCEE0E
:1020F000C77A16EE903AF2EE047AA9F81A30F0EEAA
:102100004E4A17EE103A28EE278AA9F81C3069EEDD
:10211000AD7A45F2AA53FEEECF4A129AAAF80030E1
:1021200089F83320032314EE902ABDEEC88AFDEE11
:10213000E77A89F8317089F8352089ED038AC9ED8D
:10214000047AC9F8080089F834408AF802303C2340
:102150004F463F4AAAF8043013780DF59F768AF867
:102160000330013313703C4610360FCC46F8043C64
:1021700041AB9C4207F1100746F8100C46F80C1CC6
:1021800046F8082CEFD107CF4FF6FF7341F2210438
:102190000DF2391530607160B26015F8012F83EAD5
:1021A00002235A0092B2190448BF624053009BB206
:1021B000120448BF63405A0092B21B0448BF6240F9
:1021C00053009BB2170448BF63405A0092B21E04EA
:1021D00048BF624053009BB2100448BF63405A009E
:1021E00092B2190448BF624053009BB212040DF230
:1021F000791248BF6340AA42CFD146F2BB62AAF827
:102200004230AAF84420002346221248AAF860204F
:1022100051461A46006807F00DFC01283FF462ABF6
:102220000D4800F0F7FBFFF75DBB00BFAFF3008088
:1022300000000000D0126341582F021000FEFF463C
:10224000CDCCCC3D0000C842BC1A0210F41D0210D7
:10225000556B022034E20020881E02100AD7233C6E
:102260000000003842461A23D8F81900D8F8111097
:102270000BEE100AB8F8230098F80F401890B8F841
:102280002500D8F815601A90B8F82700B8F91DC0D5
:10229000B8F91FE0B8F921701690129192F82A103F
:1022A00092F82900023340EA0120222B1CA9C852CF
:1022B00002F10202F2D107EE90EAF8EEE78A07EEA9
:1022C00090CAF8EEE79A07EE907AB8EEE78A5FEDEB
:1022D0001D7A68EEA78A69EEA79A28EE278A68EE2B
:1022E000A87AE9EEA97AE8EE087A98F8323017EE83
:1022F000900A98F831701B931FF00EFBBDF98C30DB
:102300005FED295A06EE103ABDF98E30B8EEC66A76
:1023100006EE903ABDF99030F8EEE66A07EE103A14
:10232000BDF99230B8EEC77A07EE903AF8EEE77A48
:1023300066EEA56A27EE257A67EEA57A26EE256A6F
:10234000062F129998BFD24B0BEE900A0846CAEDA1
:10235000096A98BFDF5D8AED086A88BFFF278AEDAA
:102360000A7ACAED0B7A02F0E3F9C5A3D3E9002398
:1023700002F05CF902460B463046CDE9122302F02A
:10238000D7F9BFA3D3E9002302F050F907EE105AA2
:10239000DFEDC07ABDEEC77AB8EECBBA109BCDE9BF
:1023A0001401DDE912012693B7A3D3E900232BEE34
:1023B00027BA17EE106A02F039F902F0DDF9B2A37C
:1023C000D3E900232790DDE9140102F02FF902F090
:1023D000D3F9B2EE047ADFEDB07A2BEE077A6BEE2A
:1023E000277ABDEEC77AFDEEE77ADFEDAC6A042509
:1023F0008DED297ACDED2A7A289056AA0DF1AA03FF
:10240000F2EC017A67EEA67AFDEEE77A17EE901A03
:10241000013D23F8021FF3D1DFED9F7A1B9B6BEE8A
:10242000A7BA8DF8CB30BDF96030DFED9D5A06EECE
:10243000103ABDF9683069EEA74A06EE903ABDF948
:102440005830B8EEC66A07EE103A45F2AA53FCEED1
:10245000EBBAA9F800300323DFED923A26EE256AA5
:1024600028EEA75AF8EEE66AB8EEC77AFDEEE44A1F
:1024700089F802301BEE903A9FED8B4A66EEA56A12
:1024800027EE257A68EE277AC6EE235ABDEEC55AA6
:10249000ADF8B43014EE903A86EEA36A65EE845A35
:1024A000FDEEE77AADF8B63015EE103AC7EE236AC6
:1024B00026EE046AFDEEE55AADF8B83017EE903A14
:1024C00026EE847ABDEEC66AADF8BA3015EE903AC3
:1024D000BDEEC77AADF8C23016EE103AADF8C43092
:1024E00017EE103AADF8C6303C23704AA9F8043014
:1024F00013788DF8C97089F8033001338DF8C8401E
:102500008DF8CC602F95ADF8C0508DF8CA508DF87D
:10251000CD508DF8D050ADF8CE5026AF0DF1DA0C7D
:1025200013703C460CF1100C0FCC4CF8043C32AB51
:102530009C4207F110074CF8100C4CF80C1C4CF89E
:10254000082CEED107CF4FF6FF7341F221040DF1B5
:10255000D506CCF80000CCF80410CCF8082016F80A
:10256000012F013583EA02235A0092B2190448BFB1
:10257000624053009BB2120448BF63405A0092B2BB
:102580001F0448BF624053009BB2100448BF634021
:102590005A0092B2190448BF624053009BB2120421
:1025A00048BF63405A0092B21B0448BF62405300C8
:1025B00017049BB248BF6340402DD0D146F2BB62A6
:1025C000A9F84230A9F84420002346223848494659
:1025D000A9F8602000681A4607F02CFA1A901BEE42
:1025E000100A1FF05DF90446D8F808010D461FF0E7
:1025F00057F9CDE90401D8F804011FF051F9109BF7
:102600002246CDE9020100932A482B4600F002FA47
:1026100019EE900A1FF044F9CDE9100118EE900A66
:102620001FF03EF9CDE9160118EE100A1FF038F937
:1026300002460B46D8F80401CDE918231FF030F903
:102640000646D8F808010F461FF02AF9DDE91823DD
:102650009DED167B8DED067B9DED107BCDE90C018C
:10266000CDE9024514481A9C14498DED047B012CD8
:1026700008BF01469DED147BCDE9082320E000BF93
:1026800048AFBC9AF2D77A3E00000000D0126341F6
:10269000142F02100AD7233C0000C84200FEFF4658
:1026A00012AC203C0AE81C4100007A44556B022021
:1026B00034E20020BC1A0210241A02102C1A021054
:1026C000DDE912230E918DED007BCDE90A67034908
:1026D000034800F09FF9FFF705B900BFEC1D021099
:1026E000441B021010B504240B480C4984B0CDE9FA
:1026F000011000234FF4006209490A48009408F0D1
:102700001DFE08B104B010BD23464FF40062044919
:10271000054800F065FB00BFD02F00205C70002052
:10272000EC1D021021170010DC1C0210F0B51F4C2C
:102730000422A446012708261D4B85B01D4D029298
:102740004CF8043B0FCD00970196ACE80F0095E8DC
:10275000070000238CE807003A46194604F12000E0
:1027600009F054FE4FF0FF301A2340F60A321249A6
:1027700084F8466001901148216204F12001009321
:102780001B232064A4F8442001F12800092209F049
:1027900063FE04F1480104F190000BF0A9FF1B2334
:1027A000074AC4E9803205B0F0BD00BF34B600204E
:1027B000242F02103C2F0210742C021000800840BD
:1027C000B41E02102DE9F04F0025E3B002AC8022C8
:1027D000002120461DF0C8FE2E46764FDFF82882E5
:1027E000DFF828A2DFF828920A22386822A907F029
:1027F000FBF9012800F0BC80002003F005FE831CDB
:10280000F2D0FF28F0DC0D2810D00A280ED00828BE
:102810004FD07F2857D01F28EEDD7E2DECD8605595
:10282000013503F037FE03F0DBFDE5E7624803F016
:1028300073FE6655002D34D0042220465F491DF0FA
:1028400049FF002847D0062220465D491DF042FF7F
:102850000546002843D0052220465A491DF03AFF7C
:10286000002876D023786C2B30D163786F2B2DD154
:10287000A378672B2AD1E378202B0DF10B0303D12A
:1028800013F8012F202AFBD01A786F2A56D15A78D4
:102890006E2A53D101234C494C4888F8003003F08C
:1028A000BBFE4B48267003F0B7FE03F099FD0025F0
:1028B000A2E7002DFBD0013D4648665503F0ACFE73
:1028C00003F08EFD98E7002DA9D0F4E72146424899
:1028D00003F0A2FEE5E7414803F01EFEE1E709F040
:1028E0007FFD834609F082FD594602463C4803F0CD
:1028F00093FE2946DAF8000006F070FEC2074CBFCE
:1029000038493949394803F087FE386807F0EAF951
:1029100020220146364803F07FFED9F8000007F078
:10292000E1F908220146334803F076FE98F80030BA
:10293000ABB12549304803F06FFEB2E71A786F2A31
:102940000FD15A78662A0CD19B78663B09D12B4966
:10295000A2E72B4803F060FE03F042FDA1E7274900
:10296000E8E798F80030002B94D00023234993E740
:1029700098F800B0BBF1000F03D016E098F80030D3
:102980005BB90022386822A907F02EF90128F5D09A
:10299000BBF1000F3FF430AF45E71A4822A901937D
:1029A00003F03AFE019B9B46EBE722A9154803F092
:1029B00033FEE6E72CE20020D41E0210D81E0210DF
:1029C000901F0210102002108022021020200210FE
:1029D000582002105C20021030200210E01E02106D
:1029E000981F0210C01E0210C41E0210B81F021051
:1029F000CC1F0210E41F0210FC1F0210CC1E02109C
:102A000018200210D01E0210E826002030E200201C
:102A100034E200200FB400B5C3B044AB53F8042B2C
:102A20004FF4807102A8019303F0E4FA0023054AF1
:102A300002A910681A4606F0FDFF43B05DF804EBEA
:102A400004B070472CE2002010B501240D480E4957
:102A500084B0CDE9011000234FF400620B490C480B
:102A6000009408F06BFC28B1214604B0BDE810408A
:102A700007F006BE23464FF400620449054800F003
:102A8000AFF900BF3CB800205C300020602002108D
:102A9000C5270010DC1C02104FF050422DE9F84F02
:102AA0006D4BD2F800A053F82A70BAF1000F2CD069
:102AB000DFF8B0816FB30026DFF8A0B1DFF8A09196
:102AC000F3080C3358F8235034460836CDB105F0DE
:102AD0000F0120462D09013489B15BF82A2000F04E
:102AE0000703C2404FEAD00C9B00D20701FA03F360
:102AF0000CF18C0C02D449F82C30B8470DB1B4421B
:102B0000E5D3202EDCD1BDE8F88FDFF85C81002F03
:102B1000D1D15248F90801F10C0358F82330002BA9
:102B20007BD013F00F054FEA13120AD050F82A4059
:102B3000FC40E60703D44A4C8C3144F82150002A6B
:102B40006BD012F00F024FEA13210DD050F82A403B
:102B50007D1CEC40E40705D4EC08414D12018C3497
:102B600045F82420002958D011F00F014FEA133204
:102B700007D050F82A40BD1CEC40E60757D5002A84
:102B80004BD012F00F024FEA134107D050F82A4001
:102B9000FD1CEC40E40751D500293ED011F00F0197
:102BA0004FEA135207D02D4C54F82A503C1DE540F3
:102BB000EE074AD58AB312F00F024FEA13610DD027
:102BC000264C54F82A507C1DE540ED0705D4244DD1
:102BD000E40812058C3445F82420F1B111F00F01FE
:102BE0004FEA13731FD01D4CBD1D54F82A20EA4034
:102BF000D60705D4EA081A4D09068C3245F822108A
:102C00005BB154F82A10FA1DD140C90705D4144904
:102C1000D2081B078C3241F822300837202F7FF46E
:102C200079AFBDE8F88F002BF7D00C4CE9E7EC0842
:102C30000B4D09028C3445F82410A0E7EC08084D30
:102C400012038C3445F82420A6E7054DE408090456
:102C50008C3445F82410ADE7B0E1002010E90020E5
:102C600000800240908202404882024010B44FF43B
:102C700080740C4B53F8202003EB8003C00082F0DB
:102C8000400200F1804003F5805C02F0C00200F5D4
:102C9000203003F54053CCF8002041601C605DF803
:102CA000044B7047048003404FF050431B6893B1BE
:102CB0000C4B4FEAD00C00F00700800081400A481E
:102CC00003EB8C030CF18C0C40F82C102AB103F5AB
:102CD000005319607047054BEBE703F5405319604B
:102CE000704700BF9082024000800240488202404C
:102CF0002DE9F0434FF050491F46DFF89880D9F88E
:102D00000030164658F8232004460D4683B032B3EF
:102D100087B348F823704FF050431B68BBB1194B81
:102D2000E10804F00704184AA40005FA04F403EBD0
:102D300081038C3142F821405EB10121152003F559
:102D400000531C6003B0BDE8F04300F043B90F4BE3
:102D5000E6E703F540531C6003B0BDE8F083002FA5
:102D6000DCD015200A4948F8237000F0A5F9D9F8FD
:102D70000030D3E715200649019300F091FA019B3A
:102D8000C7E700BF908202400080024048820240B4
:102D9000992A0010B0E1002030B44FF0000343EC5A
:102DA000440043EC400005254FF480740B4BC200F7
:102DB00053F8201003EB800081F0400102F18043C2
:102DC00003F5203301F0C00200F5805100F54050BA
:102DD0000A605D60046030BC704700BF048003403F
:102DE0000FB400B583B0049C074803F095FB3CB1D9
:102DF00005A92046019103F023F9044803F08CFB58
:102E0000012003F035F900BF642002107C1E02107F
:102E1000EFF3108072B6064BD3E8CF1F01220029D2
:102E2000FAD1C3E8412F0029F6D1BFF35F8F704775
:102E3000A7DD00200023034AC2E88F3F80F31088FB
:102E4000704700BFA7DD002070B58646EFF3108500
:102E500072B6124CD4E8CF6F0120002EFAD1C4E82C
:102E6000460F002EF6D1BFF35F8F4FF0010CC8085C
:102E700001F007030CFA03F31EF800C01CEA030676
:102E800008D14CEA030C0EF800C0C4E88F6F85F33C
:102E9000108870BD1046FFF7A3FF00BFA7DD00201C
:102EA000F8B5EFF3108772B61C4ED6E8CF5F012459
:102EB000002DFAD1C6E8454F002DF6D1BFF35F8F44
:102EC0009A421BD8012502E00132934222D3D40852
:102ED00010F804E002F0070C05FA0CFC1EEA0C0FD7
:102EE000F2D14EEA0C0E00F804E010460023C6E8CA
:102EF0008F3F87F31088984207DBF8BD0023C6E8B0
:102F00008F3F87F310884FF0FF300029F5D00698E7
:102F1000FFF766FF4FF0FF30E8E700BFA7DD0020B6
:102F2000044A1078431CDBB2182B28BF10231370FF
:102F3000704700BFE92600200146024A0248FFF719
:102F400083BF00BF74200210C0E1002010B5054C03
:102F500082B001461F23182200940348FFF7A0FF08
:102F600002B010BD94200210C0E100204FF0E0221A
:102F7000936843F000539360704700BF0021044BF7
:102F800003F12002C3E88F1F01339342FAD1704747
:102F90009CDD00204FF0E0234FF08032C3F8002486
:102FA000C3F80424C3F80824C3F80C24C3F810247D
:102FB000C3F81424C3F81824C3F81C24C3F820242D
:102FC000C3F82424C3F82824C3F82C24C3F83024DD
:102FD00062B67047012300F01F029340400941B1DF
:102FE000800000F1604000F56140C0F8803103606E
:102FF0007047024A203042F82030704700E100E07C
:103000000123064A410952F8212000F01F0003FA6B
:1030100000F01040003818BF0120704700E100E0C8
:1030200001224309034900F01F008240403341F868
:103030002320704700E100E0054A10309268054BFC
:1030400052F82000C01A2F288CBF002001207047A2
:1030500000ED00E0EC260020F8B50D46EFF31087F8
:1030600072B6124ED6E8CF2F0123002AFAD1C6E855
:10307000423F002AF6D1BFF35F8F0D4B00F11004E1
:103080009B680C4A53F82430934203D0994201D0F4
:1030900001F020F9064B9B6843F82450BFF35F8F83
:1030A0000023C6E88F3F87F31088F8BDA5DD002018
:1030B00000ED00E0110100102DE9F04F81468B4634
:1030C000164683B0EFF3108372B6DFF8D0A10093F9
:1030D000DAE8CF1F01230029FAD1CAE8413F0029CD
:1030E000F6D1BFF35F8F664B93F90040002CC0F21E
:1030F000A080644D04EB440705EB870898F80610A0
:1031000009F110091970604BBF009B6853F8290042
:103110006300411B2F292FD95C49884240F0A480CD
:103120001C445B4B02372F44043BDB1BC3F34A03B5
:103130006FEAC3434FF421416FEAD34325F82410CB
:1031400005EB840463804BF60153A380FF2348F012
:103150000100E671C4F808B0A3714B4B9B6843F8BB
:103160002900BFF35F8F0023CAE88F3F009B83F3E2
:10317000108803B0BDE8F08F20F0010E9EF8071014
:10318000B1422ED84FF42143EB53414BB91C294493
:10319000043B04375B1A2F44AEF10401C91BC1F391
:1031A0004A043C49C3F34A030B432143A8F80410E3
:1031B0003949A8F802304AF6AA2073465B1B5B41E6
:1031C0005843000D88F8076088F80600C8F808B072
:1031D00048F00100CEF80010BFE7D179B1422ED9F6
:1031E00096469EF906C00CEB4C02BCF1000F05EBB5
:1031F0008202F2DA4BF601510EF10402A8F1040743
:10320000BF1AC7F34A076FEAC7476FEAD7478EF876
:10321000064003EB0408204C05EB8803AEF804706D
:1032200045F82840998083F806C0DE71C3F808B0DD
:1032300093E701F04FF8124B93F9004059E77246BB
:1032400032F8041F490514D44915023102EB41013B
:1032500001916FF00701C91B019F491B3944C1F35C
:103260004A0141F46041C9E7019301F033F8019B41
:1032700056E701F5FF1101F5FF511F31E4E700BFEB
:10328000596B0220EC26002000ED00E01101001037
:103290001C27002000E0FFFF01488047A5DD00203B
:1032A0002DE9F04F83B0EFF3108A72B6714ED6E875
:1032B000CF2F0123002AFAD1C6E8423F002AF6D1D7
:1032C000BFF35F8F6C4B00F110089B686B4A53F89B
:1032D0002850954245D08D420C4650D0684FEB1B8C
:1032E0002F2B3ED801214FEA50194FEA890909F1E5
:1032F000604909F5614900F01F0301FA03F0D9F8AC
:103300000030C9F8800000EA030BBFF35F8FEFF3D2
:103310000581C9B2002934D0884505D0CDE9001017
:1033200000F0D8FFDDE9001025F0010EDEF808C03E
:10333000644505D189E0D3F808C0644531D09E4684
:103340009EF9062002EB4203002A07EB8303F2DA20
:10335000644561D0BBF1000F20D0C9F88001C9F8E5
:103360000000454B9B6843F82850BFF35F8F002354
:10337000C6E88F3F8AF3108803B0BDE8F08F15468A
:10338000EFE725F0010EDEF808C06445D8D19EF9BC
:1033900006407346002C08DA154646E0C9F880005E
:1033A000DFE793F90640002C37DB04EB440C07EB16
:1033B0008C0C9CF80710DCF80820D9719A609CF9F5
:1033C00006206100002A9A713DDBBCF804E05FEA48
:1033D0004E5E05D50EF5FF1E0EF5FF5E0EF11F0EBB
:1033E0006FF0070C0A194FEA6E5E920002EB4E0274
:1033F00008323A44ACEB030C6244C2F34A026FEA6F
:10340000C2426FEAD2429A801E4B21441A7807EBDF
:1034100081011C708A719DE77346D9B9FF228EF82D
:1034200006204BF60152AEF80420164C4AF6AA22AA
:1034300094F800C01946C91B49414A43120D83F84C
:1034400006C0227086E7104ADDE79EF90640734603
:10345000002CAADA0D4A0E4CD21A083AC2F30A31ED
:103460006FEA01516FEA115144EA5202DA80998001
:1034700070E700BFA5DD002000ED00E011010010A5
:10348000EC260020596B022001BDFFFF26270020FB
:1034900000F8FFFF4FF0FF0C20F0030303F160433F
:1034A00003F5644300F003001A68C0000CFA00FC46
:1034B00022EA0C0281400A431A607047F0B5EFF32C
:1034C0000585EDB2EFF3108C72B62649D1E8CF2F07
:1034D0000123002AFAD1C1E8423F002AF6D1BFF306
:1034E0005F8F214E40F0010EB4684AF6AA2354F8CB
:1034F00025701E4A0446A41A644163431B0D774598
:103500005BB21BD092F906409C421CD092F912404B
:103510009C4223D092F91E409C4221D092F92A402D
:103520009C4208BF03240FD0114A00241578137061
:103530008571C1E88F4F8CF31088F0BDB2680D4CD7
:1035400042F82540F0E7002404EB440402EB840237
:10355000FF2494714BF601549480E5E70124F3E7CE
:103560000224F1E7A5DD002000ED00E0EC260020BC
:10357000596B02201101001010B5074C82B00146B2
:103580000523002200940548FFF78AFC0028A8BF05
:10359000C0F1330002B010BDB02002105D6B0220FC
:1035A000014B0B44036070479CDD0020F8B5124CC2
:1035B000124DAC4211D24FF0FF36002723686BB199
:1035C000FFF7AEFC01462046FFF7EAFF6660277270
:1035D000BFF35F8F0C34AC42F0D3F8BDFFF7A0FC13
:1035E00001462046FFF7DCFF6660BFF35F8F0834BB
:1035F000AC42E3D3F8BD00BF342D0020442D0020A1
:1036000010B50446FFF78CFC01462046FFF7C8FFC3
:103610004FF0FF336360BFF35F8F10BD10B50446FA
:103620000120FFF793FC034B03442360BFF35F8F3C
:1036300010BD00BF9CDD0020024B0B440360BFF3B4
:103640005F8F70479CDD00202DE9F04F2DED028B40
:1036500085B0EFF30583DBB2103B9A0818BF012257
:103660004FF0010103F0030B18BFAD4DAD4B08BF88
:10367000AD4D0BEB820253F8226001FA0BF205F517
:1036800041539FEDA58B01925A6031E0B3881B0432
:1036900040F19580B379002B40F0DF80B6F9083017
:1036A000002B0093C0F205811A46736902EB4204B5
:1036B00003EBC403D3E90247B7F1FF3F08BFB4F1FE
:1036C000FF3F0ED005EB8B01AB6A0A69D21AE31AF1
:1036D000934205D301232A6A03FA0BF3134200D164
:1036E0000C61284600F032FCA042B941C0F2E180F2
:1036F000B6F90830019A002B0093EA63C6DBD6F8CE
:10370000148003EB4309284608EBC907D7E9024AAE
:1037100000F01CFCA04271EB0A01B7DBBAF1000F0C
:10372000C0F2CD80D7E90431804A934200F0008195
:103730007A88B6F9080092B242EA004098470246F9
:103740000B4652EA030100F0BA80002B80F2D580CC
:10375000B4EB020E6AEB030A38F93930C7E902EA22
:10376000002B93DB716903EB430201EBC202D2E948
:103770000270BE457AEB000C4FEA430286DBB4468A
:103780002CF8083F06E003EB430001EBC0005A00B1
:10379000D0E90270BE451A447AEB000001EBC20486
:1037A00004DB31F93230A446002BECDA28F839304A
:1037B000009BACF80030B3881B043FF56BAF336956
:1037C000EFF3108272B6D3E8CF0F01210028FAD1AF
:1037D000C3E8401F0028F6D1BFF35F8F4FF6FF7498
:1037E000B0880023316900B2B480C1E88F3F82F312
:1037F00010889842FFF64EAF0746A946746906F155
:10380000080807EB470E04EBCE03D3E90250B6F9E4
:103810000830C446002B13DBB246009704E034F9AD
:1038200036309446002B09DB03EB430604EBC6025B
:10383000D2E90271BD4270EB0101F0DA5646009FF9
:10384000ACF8007034F93E7024F83E30002FD8DA1E
:10385000B3794D46002B3FF421AF0023B371B6F985
:10386000083006F1080E5F1C009322D09C46706958
:1038700002E08E465A1C16D003EB430200EBC20155
:103880004C881F46240430F93230F2D5BC4581ED16
:10389000028BEFD0AEF800303189BC4620F83210F0
:1038A0005A1C3781E8D16346002BCDF800C0BFF623
:1038B000FBAE40BF05B0BDEC028BBDE8F08F38F821
:1038C000393033813369EFF3108272B6D3E8CF0F0A
:1038D00001210028FAD1C3E8401F0028F6D1BFF328
:1038E0005F8F7388316928F83930009B738000231B
:1038F000C1E88F3F82F31088C8E62846CDE902234D
:1039000000F024FB029A039B10EB020E43EB010A2A
:1039100022E700BFAFF30080FFFFFFFFFFFFFFFFC5
:1039200000800B4054E6002000000B404936001098
:1039300008460B69029198470028C0D00299D1E946
:103940000023FEE60B4808B50368EFF3108172B65A
:10395000D3E8CFCF0122BCF1000FF9D1C3E84C2F3F
:10396000BCF1000FF4D1BFF35F8F05F02BFC0020FA
:10397000002108BD20E900202DE9F84F364C2569CB
:103980002DB1BDE8F84F0A213448FFF709BEDFF832
:10399000E4800321404600F0C7FA0326C4F80C80F7
:1039A000FFF7BEFA4FF0504C2D4B267003442361B5
:1039B000DCF800300F216370636961801D834FF074
:1039C0000405A3F878504FF00505A3F890504FF088
:1039D0000605A3F8A8504FF007050E214FF6FF7219
:1039E00008274FF00A0EA3F8C0504FF001094FF01E
:1039F0000C0C4FF0020B4FF0090A0D204FF00B0595
:103A0000A3F868111749A280A3F808E1A160A3F800
:103A100048B0A3F8F0A0A3F82051A3F838C1A3F848
:103A20005001A3F83090A3F86060A3F8D8701A8012
:103A30000D4B3046C8F820700C49DC60FFF70CFBDA
:103A400049463046FFF7C6FA094B0A211F6403486E
:103A5000BDE8F84FFFF7A4BD3427002020E900207F
:103A60009CDD0020FFFF100054E6002049360010C6
:103A700000200B4000000B40004870473427002016
:103A8000F8B59DF82050044617461E4635B900F09B
:103A900065FA874266EB010100295CDB2169EFF3DF
:103AA000108372B6D1E8CF0F01220028FAD1C1E805
:103AB000402F0028F6D1BFF35F8FB4F9022065696B
:103AC00002EB4201002A4FEAC10C206905EBC1015B
:103AD00039DB35F80CE0A4F802E04FF0000EC0E846
:103AE0008FEF83F310884888069B0130C0F30E00E7
:103AF000012838BF01200B61079B48804B61C1E959
:103B0000027640EA02402369EFF3108172B6D3E8EF
:103B1000CF7F0126002FFAD1C3E8476F002FF6D1DF
:103B2000BFF35F8FA38825F80C30A2802369C3E818
:103B30008FEF81F310880122E368217803F50153A8
:103B40008A405A60F8BD0022C0E88F2F83F31088A6
:103B50004FF0FF30F8BD2846F8BD00BF0146F0B574
:103B60000069EFF3108772B6D0E8CF5F0124002D13
:103B7000FAD1C0E8454F002DF6D1BFF35F8FB1F900
:103B800002E04C690EEB4E0CBEF1000F4FEACC0583
:103B9000086904EBCC0C3CDB665B4E800026C0E879
:103BA0008F6F87F31088BCF80200CCE90223013044
:103BB000C0F30E00012838BF0120059BACF80200BD
:103BC000CCF81030069B40EA0E40CCF814300B695C
:103BD000EFF3108272B6D3E8CFCF0127BCF1000F0C
:103BE000F9D1C3E84C7FBCF1000FF4D1BFF35F8F74
:103BF0008B886353A1F804E00B69C3E88F6F82F3ED
:103C000010880122CB68097803F501538A405A6075
:103C1000F0BD0023C0E88F3F87F310884FF0FF30DE
:103C2000F0BD00BF03464089B0EB214F37DD586936
:103C30000A1402EB420210B500EBC2001C69EFF35C
:103C4000108C72B6D4E8CFEF0122BEF1000FF9D18B
:103C5000C4E84E2FBEF1000FF4D1BFF35F8F42884E
:103C600089B292B28A4207D000221B69C3E88F2F23
:103C70008CF31088002010BD42F4004242800121E4
:103C8000002218699971C0E88F2F8CF310881C7876
:103C9000DA68084602F50153A140596010BD0020C2
:103CA000704700BF407870472DE9F04383B0044669
:103CB0000E4600F053F94FF0FF326FF00043241826
:103CC00046EB0106A24273EB06013CBF14461E46BA
:103CD000B4F1960546F1FF37AC4276EB07033CBFE3
:103CE00000252F4600F03AF9281A67EB010C01284D
:103CF0007CF1000C06DA2046314603B0BDE8F04303
:103D000000F064B900F02AF9854267EB010100294F
:103D10000ADB0021154B2A46009315483B460191CA
:103D2000FFF71CFF0130E6D0DFF84C80DFF844904D
:103D3000D8F824309F4205D8D8F82820AA42DAD2F1
:103D40009F42D8D1D9F80030EFF3108172B6D3E892
:103D5000CF0F01220028FAD1C3E8402F0028F6D166
:103D6000BFF35F8F034805F0FBF9E1E74539001029
:103D70003427002020E9002000000B402DE9F0430B
:103D800083B0064600F0EAF84FF47A7304464FF029
:103D9000FF306FF00042E6FB0341A04272EB0103EB
:103DA0003ABF044615460D46B4F1960645F1FF3775
:103DB000B44275EB07033CBF0026374600F0CEF84F
:103DC000301A67EB0101012871F1000106DA204683
:103DD000294603B0BDE8F04300F0F8B800F0BEF8A3
:103DE000864267EB010100290ADB0021154B3246B0
:103DF000009315483B460191FFF7B0FE0130E6D035
:103E0000DFF84C80DFF84490D8F824309F4205D882
:103E1000D8F82820B242DAD29F42D8D1D9F800305F
:103E2000EFF3108172B6D3E8CF0F01220028FAD148
:103E3000C3E8402F0028F6D1BFF35F8F034805F099
:103E40008FF9E1E7453900103427002020E90020F0
:103E500000000B402DE9F04306460D4683B0EFF31A
:103E60000584E4B23CB12D4B5A6AAA421CD2002010
:103E700003B0BDE8F0832A4FD7F80C9097F8008084
:103E8000484600F063F808F1040859F828301B1A76
:103E9000301A65EB0101984271F1000110DB20BF7F
:103EA0001E4B5A6AAA42E2D314BF012400249B6A23
:103EB000B34234BF204644F0010003B0BDE8F083B4
:103EC00000F04CF8864265EB0101002914DB154B2C
:103ED0003846CDE9003432462B46FFF73FFE011E3F
:103EE0000ADD0E4B5A6AAA4216D39B6AB34211D31B
:103EF0000B48FFF797FEB6E7084B5C6AAC42B6D3B7
:103F0000641B18BF01249B6AB34234BF204644F0AF
:103F10000100ADE7AA42EBD120BFE9E700000B406A
:103F2000342700204539001010B4054B054C064AD3
:103F3000A04214BF1846581C5DF8044BFEF784BF1E
:103F4000C4E1002000800B40CC2002100346416AEF
:103F50000A46986A596A8A42FAD17047034B596AED
:103F60000A46986A596A9142FAD1704700000B409C
:103F700030B4154A536A9C46946A536A6345FAD131
:103F8000021959414FF0000528BF01250E4B5B6A0D
:103F9000B5B15A1C08BF1A4608D04FF0FF310A4687
:103FA0000948436A8B42FCD38B4207D1064902E0A1
:103FB000486A984202D1886A9042F9D330BC70476F
:103FC0009942EDD8F0E700BF00000B40074A536A62
:103FD0009942FCD8994207D1044B02E05A6A9142B7
:103FE00002D19A6A9042F9D8704700BF00000B4096
:103FF00000EB400C4FEA8C0C0CF1804C0CF5803C33
:10400000F0B51646DCF80420051FB2F5803F38BF36
:104010004FF48032EDB238BFCCF80420012D2AD9FC
:104020004FF40067254C0CF54052176054F82020DF
:10403000B2B9DCF80020012D82EA461202F0E0025B
:104040000CF5805632602AD94FF4006144F82030D4
:104050004FF480330CF500521160CCF80430F0BD01
:104060006769B7FBF2FE0EF1010E0EEB4E0EBEF1CC
:10407000030EFCD2DDE70129D2D103240CF5405216
:104080001460DCF80820D207FBD5DCF800200B4CCC
:1040900082EA461202F0E0020CF5805632600122FC
:1040A000DCF800504D4005F00305356002FA01F1DF
:1040B000DCF808200A42FBD0C6E700BFC8E10020B8
:1040C000014B53F820007047C8E1002070B4039DF5
:1040D00004682D0345EA03451B4B002CB3FBF1F3A9
:1040E000B2FBF3F61FDB194A194B904214BF4FF491
:1040F00080424FF40042174C1A6003F580531A6057
:10410000A36832EA0303FBD1212200F540530433B4
:10411000016086601A600268002AFCDA0822C56025
:104120001A6070BC7047036803F03F038B42DAD11A
:104130008368C3F30B03B342D5D1C36803F4EE2302
:10414000AB42D0D1EDE700BF001BB70000800540B7
:10415000002002400000024030B44FF080441C4B6D
:104160001C60E0B11B4CA3F54053DC611A4C40F0DD
:10417000010044401C62596298624FF080454FF044
:10418000E061134B1548164C1D60846019604AB9F4
:1041900030BC4FF00042A3F580531A607047114BBA
:1041A000D861EAE74FF47A7303FB02F2B2F1807F41
:1041B0002ABF6FF07F4313461A464FF080410A4CE6
:1041C00008482360094B426030BC1960704700BF4B
:1041D00000B00D40D3C007B02D3FF84F00A0014004
:1041E000F3FFFF0100800D4044E6002000A00D40D9
:1041F000012300EB4000800000F1804000F58410B6
:1042000041600360704700BF002370B5DB8A04463D
:104210000D46002242E800F2520254BF1021042150
:1042200044F25220984786462B462246F446BDE883
:1042300070400A214FF48170604700BF0023DB8A81
:10424000002242E800F2520201D410211847042152
:10425000184700BF08B503460846191E02DB1AB10D
:1042600040F03000FFF7D0FF40F02000FAE700BF39
:10427000034AD2F82838002BFBD0BFF35F8F70477A
:1042800000000E400021044B044ABFF35F8F43F847
:10429000041B9342F9D170470C080E402C080E40C5
:1042A00010B44FF48D704FF42A64064A064B074948
:1042B0001460D06019605368002BFCDA5DF8044B81
:1042C000704700BF0080044000A0044000B0FA0026
:1042D000704700BF08B50148FEF782FDF0200210CC
:1042E00038B5054C054DAC4204D254F8043B984710
:1042F000AC42FAD338BD00BF401902108019021039
:1043000038B5054C054DAC4204D254F8043B9847EF
:10431000AC42FAD338BD00BF6C19021080190210EC
:1043200010B40748074C084B084A094904601A6052
:104330008B6832EA0303FBD15DF8044B704700BF82
:10434000002002407F3BEFEF00300240F6FFF30316
:1043500000000240044BDB6CB3F5004F03D14FF477
:104360008022024BDA647047000011500020115087
:104370004FF0E022044BD2F8881D0B43C2F8883D71
:1043800010EE3004704700BF030330006FF060414F
:10439000044B054A19609368DB4333F06043FAD15C
:1043A000704700BF003002400000024010B545F2E7
:1043B0005320FFF743FFBDE8104003460420184791
:1043C00010B545F25320FFF739FFBDE81040034612
:1043D00001201847FEF7D2BD1449154B70B55C1A81
:1043E000A610442E324628BF4422124D9200284681
:1043F0001CF0FAFAB4F5867F13D80F4AC6F14400D0
:1044000012D02B19410803EBC101C3E90022083384
:104410008B42FAD1C30704D520F00100304445F89F
:104420002020064B9D6070BD4320F8E7000000107F
:1044300010010010000000201101001000ED00E04C
:10444000002370B52B4C82B0C4F88430FFF728FFEE
:104450000122294BDA63636C012BFCD10321264A2C
:10446000244B11639C6B012CFCD1022605252146AF
:104470000523224A22480096FFF728FE21462B46B4
:10448000204A21480095FFF721FE002204203146F2
:104490001E4BFFF7ADFD2146284600221C4BFFF7BF
:1044A000A7FD0022082011461A4BFFF7A1FD0022AC
:1044B00009201146174BFFF79BFD002206201146ED
:1044C000134BFFF795FD0022114B07201146FFF714
:1044D0008FFD0420FFF7F4FD00240F4BA3FB0035F4
:1044E000AD0CE0B229460134FFF782FE062CF8D16C
:1044F00002B070BD0000014000300140002F68593B
:1045000000000540008C864700800540001BB70076
:1045100080D1F008006CDC0283DE1B43C1F30A5338
:104520000A467BB3A3F2FF33002B24DBC3F1340331
:10453000002B2BDD0121C3F1200C00B58646A3F131
:10454000200001FA00F021FA0CFC002A40EA0C00DD
:1045500001FA03F307DB1EF1FF3E42F1FF321EEBCF
:10456000030E40EB02025B4260EB400C0CEA0201DE
:1045700003EA0E0000BD00294FF0000007DA4FF0FB
:1045800000417047184601F00041704770470149EB
:10459000704700BF0000F03F86B003B451FC080430
:1045A000CDE9020151FC0904CDE9040151EC0A04F2
:1045B000CDE9060103BCF047BDE800504EEC00C455
:1045C000BDE800504EEC01C4BDE800504EEC02C402
:1045D00000BD000000B5FFF7DFFF02E010FE30F481
:1045E000F8D441EC100443EC112400EE010410EE69
:1045F000010480EE200451EC1004704700B5FFF771
:10460000CBFF02E010FE30F4F8D441EC100443EC90
:10461000112400EE010410EE210480EE200451EC80
:104620003004704700B5FFF7B7FF02E010FE30F42A
:10463000F8D410B541EC100443EC112451EC0404FF
:1046400053EC0524A0FB024C5FF0000EE0FB03CE10
:10465000E1FB02CE4CEC20440024E1FB03E444ECFB
:1046600030E480EE200451EC5004BDE81040704767
:1046700000B5FFF791FF02E010FE30F4F8D441ECF2
:10468000100443EC112451EC2104A0FB01126FEA49
:10469000820252FB100052FB12F252FB1000A0EB00
:1046A000D07C53EC04245CFB13F153EC1524A1FBE8
:1046B000022001FB030053EC4424A2EB000050FB5A
:1046C0001CF24FEA111312EB017043EBE27140EA66
:1046D000515020EA915020F0070053EC7524A0FBC4
:1046E000023C53EC752400FB03CC01FB02CC53ECE1
:1046F0000424ACEB824C40EA5C70A0F1010041EC78
:10470000400480EE200451EC7004704700B5FFF7C0
:1047100043FF02E010FE30F4F8D441EC100480EEC8
:10472000220410EEB204704700B5FFF735FF02E037
:1047300010FE30F4F8D440EC700400EE010410EEEA
:10474000210480EE200451EC3004704700B5FFF7DF
:1047500023FF02E010FE30F4F8D440EC600400EED9
:10476000010410EE210480EE200451EC3004704767
:1047700000B5FFF711FF02E010FE30F4F8D441EC71
:10478000800400EE010410EE010480EE400410EEFF
:104790001304704700B5FFF7FFFE02E010FE30F48F
:1047A000F8D441EC800400EE010410EE010480EE28
:1047B000400410EE3304704700B5FFF7EDFE02E051
:1047C00010FE30F4F8D441EC100443EC112400EE58
:1047D000010410EE3004C0F30070704700B5FFF71D
:1047E000DBFE02E010FE30F4F8D443EC102441EC80
:1047F000110400EE010410EE30F48CBF0120002003
:10480000704700BF00B5FFF7C7FE02E010FE30F4AE
:10481000F8D443EC102441EC110400EE010410EE36
:1048200030F42CBF01200020704700BF00B5FFF717
:10483000B3FE02E010FE30F4F8D441EC100443EC77
:10484000112400EE010410EE30F42CBF01200020F2
:10485000704700BF00B5FFF79FFE02E010FE30F486
:10486000F8D441EC100443EC112400EE010410EEE6
:1048700030F48CBF01200020704700BF38B50446DB
:1048800009481DF039F820461AF09CFE05460648F6
:104890001DF01AF82DB1054B2C449C4201D8284636
:1048A00038BD0348FEF79CFA342D00200000082094
:1048B000FC20021038B505460C460A481DF01CF8CD
:1048C000284621461BF0D2F9054606481CF0FCFF9D
:1048D0002DB1054B2C449C4201D8284638BD0348D5
:1048E000FEF77EFA342D002000000820FC20021084
:1048F00010B5044605481CF0FFFF20461AF06AFE7A
:10490000BDE8104001481CF0DFBF00BF342D00207F
:10491000FFF7B4BFFFF7ECBFFFF7EABF9A4238BF1B
:1049200088547047704700BF2DE9F04F83B0994617
:10493000DDE90DAB0F9B884611469A07074616D155
:10494000DA453AD20C460D46ABEB0A060E44224637
:104950004B46414620200134B847B442F7D129469E
:10496000BAF1000F08D1204603B0BDE8F08F0C4625
:10497000BAF1000F10D00E4655460C9B2E449A44B7
:104980000191721B4B46013D41461AF8010D344618
:10499000B847002DF5D101990F9B9B07E3D5651A08
:1049A000AB45E0D922464B46414620200135B84769
:1049B0005D4504F10104F5D3D5E70C46BAF1000FCB
:1049C000D9D1D0E72DE9F04F0F9FDDF8248017F003
:1049D000020F0A9C9DF82CA00E9DDDE90C9644D197
:1049E000F5BBB44241D207F0010B04F1FF3C4FF09C
:1049F000300EC44404E00134A6420CF801EF01D9A2
:104A0000202CF8D1BBF1000F00F08880A5422CD9F2
:104A100004F1FF3C4FF0300EC44404E00134AC42DA
:104A20000CF801EF21D0202CF8D117F0100F0ED088
:104A300017F4806F54D1A64263D0A54261D0B9F17A
:104A4000100F50D0B9F1020F56D0202C29D12024BC
:104A5000CDE90B57CDE90984BDE8F04FFFF764BFFE
:104A600017F0010B34D1B442BFD317F0100F1ED092
:104A700017F4806FE3D1002CDDD1B9F1100F63D0B2
:104A8000B9F1020F77D0302488F800400124BAF140
:104A9000000F11D17E0748D52B2608F80460013499
:104AA000D6E7264601344FF0300C08F806C0202C1B
:104AB000CDD0BAF1000FEDD02D2608F804600134F6
:104AC000CDE90B57CDE90984BDE8F04FFFF72CBFC6
:104AD000BAF1000F30D0B44205F1FF3585D395E728
:104AE000B9F1100FB3D1BE063BD5202CAFD058265C
:104AF00008F804600134A8E7202CA8D02646013429
:104B000007E0661EB9D0B9F1100F36D0B9F1020F27
:104B1000C9D14FF0620C08F806C096E717F0100FE5
:104B2000C5D017F4806F86D089E73E0790D5202640
:104B300008F8046001348BE717F00C0F00D0013D3A
:104B4000B442FFF452AF61E7BC0612D4782488F86F
:104B50000040302488F801400224BAF1000F99D0B7
:104B6000AAE7202C3FF473AF782608F804600134DC
:104B70006BE75824EBE76224E9E717F0200FA4F174
:104B8000020C04D04FF0580E08F80CE08BE74FF001
:104B9000780E08F80CE086E700B9704701F07ABC9F
:104BA00010B1D1E900311847704700BF0000000084
:104BB0002DE9F04F97B09DED207BDDE9225B0746A4
:104BC000884651EC170B249C99460C920B460246E2
:104BD0008DED047B0794FFF7F3FD002840F0F4818E
:104BE000DDE904014FF0FF326FF48013FFF7FAFDA7
:104BF000002840F01B81DDE904014FF0FF32AC4B8F
:104C0000FFF72CFE002840F0EE80DDE90401A4A3AC
:104C1000D3E90023FFF722FE002840F0D380DDE92E
:104C20000401A1A3D3E90023FFF7DCFD002840F035
:104C3000C980DDE9040100220023FFF7D3FD00282D
:104C400040F0E88023460D9013F4806F08BF0625DE
:104C500030212B460EAAA5F1200605E0013BB34208
:104C600002F8011B00F09381092BF7D81E46ED1ABC
:104C7000DDE90401FFF780FD8E4B044603EBC6031C
:104C800093ED007B8DED087BFFF752FD02460B464E
:104C9000DDE90401FFF7B6FCDDE90823FFF7C6FCF8
:104CA00002460B46CDE90A23FFF778FD8246FFF75F
:104CB00051FD02460B46DDE90A01FFF7A3FC02465F
:104CC0000B46CDE90A2300227B4BFFF7C7FD0028E6
:104CD00000F0FE800AF1010A5046FFF73BFD024654
:104CE0000B46DDE90801FFF791FD10B14FF0000A16
:104CF0000134002E00F0FD80681E0EABDFF8CCC141
:104D000018440FE0ACFB0A21C90801EB8102AAEBB1
:104D100042023032BAF1090F00F8012F40F21C8133
:104D20008A461D46202D05F1010306F1FF36E9D123
:104D30002025691E0EAB6148194410E080FB046217
:104D4000C3EBA20303EB8302A4EB420404F13002A1
:104D500001351C4601F8012F002B00F0EB80202DBF
:104D60004FEAE473EAD1079B03F00303012B18D148
:104D7000BBF1000F15D00D9B002B00F00A810BF149
:104D8000FF3BBBF1200F0CD96B1E0EA930220B4448
:104D900005E001355D4503F8012F80F0D180202D1D
:104DA000F7D1079B0EACCDE902B341464B463846DE
:104DB0000C9A01950094FFF7B7FD8246504617B054
:104DC000BDE8F08F079B9DED047BCDE923B3414601
:104DD0004B4638460C9A8DED207B229517B0BDE8E6
:104DE000F04F00F045B9610723464CBF042303236D
:104DF0004146219338464B46079A48BF304CCDE98F
:104E000022B258BF2F4C0C9A209417B0BDE8F04F37
:104E1000FFF78ABDDDE9042300200021FFF7F2FB44
:104E20000123CDE904010D9323460DE723469C079A
:104E300040F0AA80BBF1040F40F2A6800C9B1D46F7
:104E40001C1F04EB0B0A2A464B4641462020013525
:104E5000B847AA45F7D155461B4C261F14F8010D3B
:104E60002A464B464146B847B44205F10105F5D103
:104E7000079B0AF1040A9807A0D50C9CAAEB04032F
:104E80009B459BD952464B46414620200AF1010AD8
:104E9000B847AAEB04039B45F4D88FE7AFF3008033
:104EA0000000000065CDCD410000000065CDCDC102
:104EB000FFFFEF7FD83102100000E03F67666666B3
:104EC0005C2102106421021070210210CDCCCCCCE8
:104ED0000022DDE90A01634BFFF784FC00287FF420
:104EE00008AFBAF1000F6AD10AF1010A002E7FF46F
:104EF00003AF2046FFF71CFC02460B46DDE9040128
:104F0000FFF780FB02460B46CDE904230022554BF8
:104F1000FFF768FC00287FF40CAFDDE904010022F4
:104F2000504BFFF79BFC00287FF403AF013424F0C3
:104F30000104FEE6079B03F00303012B00F08280CF
:104F4000202D3FF42EAF0D9B7BB32D220DEB0503DF
:104F500083F83820013524E7202B3FF4E9AE0EAA70
:104F600015441E44302204E0202B05F8012F3FF4A5
:104F7000DFAE9E4203F10103F6D12E220DEB0603B4
:104F800083F83820751CD4E6DDF830A063E72025CF
:104F90006EE6079B13F00C0F50D00BF1FF3BAB45B7
:104FA0003FF6F2AE202D3FF4FCAE079B5A0701D529
:104FB0002B22CBE71B077FF5F4AE2022C6E71AF0C1
:104FC000010F3FF496AE8FE7A60734D1BBF1030F74
:104FD00031D90C9B1D46DC1E04EB0B0A2A464B46BE
:104FE000414620200135B847AA45F7D155461E4C09
:104FF000E61E14F8010D2A464B464146B847B44216
:1050000005F10105F5D1079B0AF1030A9D077FF51C
:10501000D5AE0C9CAAEB04039B457FF6CFAE52465F
:105020004B46414620200AF1010AB847AAEB040387
:105030005B45F4D3C2E6DDF830A0D7E7AB453FF6D9
:10504000A3AEAEE6BBF1000F3FF47AAF0D9B002B91
:105050009FD00BF1FF3B5D45FFF496AE202D7FF412
:1050600074AF9EE60000E03F6B21021000000000DC
:105070002DE9F04F9FB02A9EDDE92845074693466B
:105080000891099322462B46204629460E96DDE9D3
:105090002BA6FFF795FB002840F0BE80204629464E
:1050A0004FF0FF32784BFFF7D9FB002840F0B48077
:1050B000204629464FF0FF326FF48013FFF792FB32
:1050C000002840F0A9802046294600220023FFF74F
:1050D00089FB002840F0D581CDE90A45DDE90A23A6
:1050E0009046994606F4006216F480630F9213937B
:1050F00040F0A18058EA090340F0CA80002A40F03D
:10510000E38106230E9316F00202109240F0D48140
:105110005346042B38BF04230C920422043B129202
:105120000F932046294600220023FFF75BFB00284F
:1051300040F0F3819DED0A7B0F9B5A4603930E9B33
:105140008DED007B029326F4006304933846099B9F
:105150000899FFF72DFD024616F0200F099B0899CC
:105160000CBF6520452002F10108B8470C9A129B3C
:1051700016AC5D1E82EAE273A3EBE273D10F002648
:1051800022469946DFF804C101E0202E10D0CE4619
:10519000ACFB0930C00800EB8003A9EB43033033BC
:1051A000BEF1090F814606F1010602F8013BECD879
:1051B0000523002006930A2305950094099D089C69
:1051C0004246CDE90330CDE901612B462146384600
:1051D000FFF7F8FB109A8046D2B1A0EB0B06B24560
:1051E00016D90BEB06022B46214620200136B84784
:1051F000B245F6D80BF1FF335344CBF10102A3EBD8
:1052000008034244924538BF002308F1010898443E
:1052100040461FB0BDE8F08F5A463846CDE92845D4
:10522000CDE92BA60E9C099B08992A941FB0BDE8D6
:10523000F04FFFF7BDBC58EA09032BD1002A3FF419
:1052400062AF00230C930E9B0C9A934200F3B9813A
:105250004FF000082046294600220023FFF7C2FA3B
:10526000002840F013819DED0A7B26F4006646F489
:1052700080668DED287B5A463846CDE92A8A099BFF
:1052800008992C96D2E700BFFFFFEF7FCDCCCCCCA6
:1052900006230E93C9F30A50A0F2FF30FFF748FA35
:1052A000C1A3D3E90023FFF7C1F9C1A3D3E90023C8
:1052B000FFF794F9C9F31309CDE90C0149F07F51C7
:1052C00040460022B24B41F44011FFF79BF9A4A3E2
:1052D000D3E90023FFF7AAF902460B46DDE90C01EA
:1052E000FFF77CF9FFF748FA0C90FFF721FA9EA32D
:1052F000D3E9002380468946FFF798F90022A54BA1
:10530000FFF76CF9FFF738FA034649464046129317
:1053100097A3D3E90023FFF789F9804612988946BD
:10532000FFF706FA94A3D3E90023FFF77FF90246BB
:105330000B4640464946FFF765F902460B46804654
:105340008946FFF773F942464B46CDE910014046C6
:105350004946FFF743F90022CDE91401DDE91001C8
:105360008D4BFFF789F900228C4BFFF737F9024686
:105370000B46DDE91001FFF77FF90022884BFFF7AC
:105380002DF902460B46DDE91001FFF775F942469B
:105390004B468046894600204FF08041FFF732F9A6
:1053A00002460B4640464946FFF718F902460B46AF
:1053B000DDE91401FFF760F900227A4BFFF70EF9DF
:1053C000129B002203F2FF3C4FEA0C53FFF72EF929
:1053D00080468946DDE90A0142464B46FFF702FA5C
:1053E00050B10C9B4046013B49460C9300226B4B4D
:1053F000FFF742F9804689460C9A43466332C62A33
:1054000006F00202109249460F9A2CD8002A5ED06C
:10541000042212920B433FF416AFDDE90A0158A3B0
:10542000D3E90023FFF706FA48B1DDE90A0156A3E4
:10543000D3E90023FFF7D6F900287FF404AF0E9BD1
:10544000002B50D0139A002A7DD0013B0E93129B63
:105450009A4505D9109B002B00F0AE8002231093D3
:1054600000230F9344E022BBBAF1050F4FD906F099
:105470000203002B49D105231293AAF105030F93D0
:105480003AE005F100430A940B9327E626F4006600
:1054900046F4806638462C96DDE90A67344607F103
:1054A00000455A46CDE92A8ACDE92845099B089945
:1054B000BCE605221292ADE700230222CDE90F32AD
:1054C00004220C9312922CE64FF00508C2E6BAF1C2
:1054D000040F1FD9109B002B78D104231293AAF13B
:1054E00004030F9304E0129B9A4531D80E9B0F934F
:1054F0000C9B002B3FF415AEDDE90A0142464B46FA
:10550000FFF7BAF8CDE90A010BE602231093052351
:105510001293F1E704231293EAE7DDE90A45A04676
:105520000F9B05F1004903930E9B5A46029326F404
:10553000006304933846CDE90089099B0899FFF779
:1055400037FB024608E6129B9A4544D80F92CFE7F4
:10555000109B8BB30E9B0F9302231093C8E700BFE1
:1055600061436F63A787D23F71A379094F930A40C4
:105570001655B5BBB16B0240EF39FAFE422EE63F3D
:105580002D431CEBE2361A3F0000000080842E41C0
:105590000000F83F0000E03F00002C4000002440E5
:1055A000000018400000F03FFB799F501344D33FA8
:1055B000B3C8608B288AC63F129BAAEB03030F93E4
:1055C00096E7A3EB020808F1FF3843E604231293A1
:1055D000022310938CE7109B002BEDD002230F9237
:1055E000109385E72DE9F04F9BB0249C954D0A94CC
:1055F000954CB1F1000A18BF834625601878934C8A
:10560000914608BFA3460993002800F093824FF00B
:1056100000080AE042464B46514608F10108D847C7
:10562000099B1878002800F0CE80099B252803F1FB
:1056300001030993EED11C460023224612F8010B08
:10564000A0F1200110290AD8DFE801F04009093C47
:105650000909090909090938093409093000A0F1C3
:1056600030010929099440F28A802A2800F0F0804C
:1056700000252E2800F096800026A0F1680112294E
:105680002DD8DFE811F049012C0043012C0038012E
:105690002C002C002C002C002C002C002C002700AF
:1056A0002C002C002C002C002C002700144643F06A
:1056B0000103C2E7144643F00203BEE7144643F079
:1056C0000403BAE7144643F01003B6E7144643F068
:1056D0000803B2E70999487843F4807301326728D8
:1056E00009927ED8242840F2C180A0F12502422AE6
:1056F00000F2BC80DFE812F05001BA00BA00BA0034
:10570000BA00BA00BA00BA00BA00BA00BA00BA00C9
:10571000BA00BA00BA00BA00BA00BA00BA00BA00B9
:10572000BA00BA00BA00BA00BA00BA00BA00BA00A9
:10573000BA00BA00BA00BA00190137011901BA005B
:10574000BA00BA00BA00BA00BA00BA00BA00BA0089
:10575000BA00BA00BA00BA00BA00BA00BA00BC0176
:10576000BA00BA00BA00BA00BA00BA00BA00BA0069
:10577000BA00BC015801BC0119013701190100250B
:1057800000E0013205EB850500EB45051078303D62
:10579000A0F130010929F4D92E28099202F1010261
:1057A0007FF46AAF099943F4806348781146A0F109
:1057B0003006092E40F221812A2800F02F8109921B
:1057C0000026013259E74446C14501D809F1FF38A6
:1057D0004B46424651460020D84720461BB0BDE804
:1057E000F08FA0F16902D2B20F2A3FD8012149F20D
:1057F00041079140394040F0F3800A2A3DD0072A02
:1058000034D10A9D55F8042B002A00F0138143F08F
:10581000210012AB1F460B9303E0202900F01481F6
:105820001A4602F00F042346092C94BF3033373355
:105830000F2A07F8013B01F101014FEA1213ECD8DE
:1058400002E100BFE555001040E6002025490010A8
:105850000A99099851F8045B4078002DCDE9092197
:10586000BCBF43F002036D42013202E742464B46A1
:10587000514608F10108D847D2E60A99002E51F89E
:10588000047B18BF3246387808BF4FF0FF3200283B
:1058900000F07B83BC18A4463A4604E012F8014F9E
:1058A000002C00F03F819445F8D16446E41B5A0572
:1058B00040F12281B44228BF344613F0020300F0C5
:1058C00088820223CDE90A5142461D46464408E03B
:1058D0004B465146D84717F8010F08F1010810B19F
:1058E00042464645F4D12B460B990A9D002B40F0C9
:1058F00041810A9194E6099948786C287FF4ECAECE
:105900000A46887843F440730332E8E6099943F481
:10591000007348780132E2E609994878682800F077
:10592000038143F080030132D9E6672800F0D98073
:10593000472800F0DC80452800F0DB80CDE90353E8
:105940000A9B0296073323F007031C464246F4E8FD
:1059500002674B4651465846CDE900670A94FFF767
:1059600087FB80465CE6462808BF43F02003CDE96C
:1059700003530A9B0296073323F007031C46424653
:10598000F4E802674B4651465846CDE900670A9451
:10599000FFF70EF9804643E642464B465146252026
:1059A00008F10108D8473BE60A9A990702F1040476
:1059B00008F1010640F1C68010784B464246514638
:1059C000D847012D88BFA84440F2BD8132464B46DE
:1059D000514620200136D8474645F7D10A941FE6A4
:1059E0006F2800F0818040F24882782800F0908192
:1059F0000A2723F01003BC4641E0002606EB86068A
:105A000000EB4600A0F1300611F8010FA0F13002C2
:105A1000092AF3D90A46099101322EE6DDE9092166
:105A200051F8046B9078023209920A91013226EA09
:105A3000E67622E623F0100013F4806240F02100A5
:105A40003FF4E7AE12AB0B930B9B06900093082339
:105A50001020059300234246CDE9023001914B46C8
:105A6000514658460496FEF7ADFF0A958046D7E5A5
:105A7000582862D0622840F08F800227BC4613F479
:105A8000806000F0DD8023F00D0313F4007240F01D
:105A900081810A990F1D13F4807140F037825C06F2
:105AA0000A9A40F13B811278002A40F04E8123F09F
:105AB0001003002800F04981114612AA0B92CDE98B
:105AC0000553CDE903C601910B9B42460093002389
:105AD0005146029358464B46FEF774FF0A9780469C
:105AE0009EE543F4006329E70827BC46C7E743F473
:105AF000006343F0200321E713F0020300F08E81DE
:105B000002230A951E460D4642464B465146D8474B
:105B100017F8010F08F101080028F5D1294633468E
:105B20000A9DE3E6D41BC2E60A46887843F0C00328
:105B30000332D4E50446804646E6102743F02003AE
:105B4000BC469CE7012D40F2F880464608F1FF373D
:105B50002F4432464B46514620200136D847BE429C
:105B6000F7D10A9B3246187851464B46D847A8448D
:105B70000A9455E54646A5427FF6BBAEA844A8EB7D
:105B800004080C4632464B46514620200136D84781
:105B90004645F7D12146ACE613F4806200F0BB80A5
:105BA0004FF4806223F0110C1CF400770A9B4AD159
:105BB0001CF4807003F1040440F034811CF0400FA9
:105BC00040F0A3801CF0800F00F0D381B3F90010E7
:105BD00081EAE177A7EBE177BFB2CB0F002900F0B4
:105BE00056813A4612A90F46DFF8D8E30B910A9383
:105BF0000C9501E020280FD01546AEFB0213DB0800
:105C000003EB8301A2EB41013031092D1A4600F16B
:105C1000010007F8011BEDD80A9B0C9DCDE9055C3E
:105C2000CDE9010304960B9B424600930A2351469B
:105C3000039358464B46FEF7C5FE0A948046EFE4B0
:105C400023F00C0321E7073323F007031946084626
:105C50005B6850F8081BDF0F0A9051EA030062D11D
:105C6000002A40F09F811346114612AACDE90C7517
:105C700000201546CDE90E68DFF848E30B9201E0FD
:105C800020282DD05A1842F10002AEFB027828F0ED
:105C9000030707EB9807D21B1E469B1A61F100070A
:105CA0000C464FF0CC3101FB03F10EFB0711A3FBB7
:105CB0000E731944052307F00108A8FB03389B184D
:105CC0000A2E03F130034FEA570774F1000405F878
:105CD000013B00F1010047EAC1734FEA5101CFD205
:105CE000DDE90C75DDE90E680B9B424600930A2343
:105CF000CDE9055CCDE90107049603934B46514677
:105D00005846FEF75FFE80468AE419780F4664E73E
:105D10001027BC46B3E623F0100C45E71C064CBF29
:105D200012881268C0E60A46191E01DB13469CE77A
:105D30005242134661EB410197E7134651461878EA
:105D400042464B46D847B04648E613F0200F14BFF2
:105D50004120612012ACA6460B940A93A0F10A04DC
:105D60000C9502E0202912D02A46B2FBFCF50CFB70
:105D70001520C3B2092803F130008ABF1B19C3B232
:105D8000DBB262450EF8013B01F10101EAD20A9B48
:105D90000C9D94E60A9A073222F00702516852F8E5
:105DA000084B8E460A9254EA010276D123F0100382
:105DB000002872D00022114612AA0B92CDE9055399
:105DC0000B9B424600930023CDE903C60191029349
:105DD00094E7A54298BF01347FF674AD4FF4806319
:105DE000CDE90A7505EB08021F460D46141B424615
:105DF0004B465146202008F10108D847A045F6D16E
:105E00003B460A9F294638780B9D6C1C00283FF4BE
:105E100070AD002B3FF475AE002353E5A542DFD8EB
:105E200001346EE61968CB0F002900F0A88081EAE2
:105E3000E172A2EBE17212A90846DFF888E10B914A
:105E40000A930C9501E0202F0FD01546AEFB0213EC
:105E5000DB0803EB8301A2EB41013031092D1A4627
:105E600007F1010700F8011BEDD80A9B0C9DCDE955
:105E7000055CCDE901730496D5E6692823F0100C82
:105E800040F08C8013F480623FF48EAE88E6002AE6
:105E90003FF4A8AE12AA0B92C0E613F0200F14BF75
:105EA00041226122002012A90A3ACDE90E68CDE90B
:105EB0000C35CDF844B006468846754693460B919E
:105EC000CDF840C003E0202E17D004460D462946E9
:105ED0003A46002320461BF0F3FCD2B2092A02F115
:105EE000300388BF02EB0B03BC42DBB275F1000547
:105EF00008F8013B06F10106E5D23146DDE90C3533
:105F0000DDE910CBDDF83C800E9E57E70A99096861
:105F100051B923F0100338B112A90B91CDE9055303
:105F2000CDE903C60192CFE513F0200F14BF412045
:105F3000612012ACA6460B940A93A0F10A040C95BA
:105F400002E0202A12D02946B1FBFCF50CFB15100B
:105F5000C3B2092803F130008ABF1B19C3B2DBB2F8
:105F600061450EF8013B02F10102EAD20A9B0C9D49
:105F7000D4E7196881EAE177A7EBE1772DE6002AFB
:105F80003FF459AF12AA0B9271E713F480640DD05D
:105F900013F0020412D004464646ECE50A27634695
:105FA000BC466CE512AB00200B939DE613F0020398
:105FB0007FF4E0AD002D7FF413AF9AE4002D7FF461
:105FC0000DAF96E4CDCCCCCC0EB410B585B007ACFB
:105FD00054F8043B01464FF0FF3200940448039408
:105FE000FFF700FB05B0BDE8104003B0704700BFED
:105FF0001D49001030B594468E4605461C4683B0B8
:1060000029467246634600940248FFF7EBFA03B054
:1060100030BD00BF1D49001070B594461E460546B0
:106020000C4684B04FF0FF32634602A90096034845
:10603000CDE90254FFF7D6FA04B070BDA14B0010B1
:1060400010B5094B84B01C684CB1034600914FF069
:10605000FF3203A90548A047012004B010BD00F09D
:106060005BFA204604B010BD40E60020994B0010BA
:1060700000BEFDE7074A0346106838B106490344ED
:106080008B428CBF4FF0FF301360704703490846C6
:106090001160F3E738E2002000000820606B022066
:1060A000002070474FF0FF30704700BF034608469E
:1060B000114623B9034BD3E9002300F03FB94FF059
:1060C000FF30704770310210431E012B09D810B504
:1060D0001446084601230022214600F0B9F8204664
:1060E00010BD4FF0FF3070474FF0FF30704700BFDA
:1060F0004FF0FF30704700BF4FF0FF30704700BFD8
:1061000002288CBF00200120704700BF08B5FFF7B0
:10611000AFFF00BF38B5064C064DFEF7E1F8AC42C4
:1061200004D254F8043B9847AC42FAD338BD00BFC0
:106130008019021098190210036808461146184782
:106140002DE9F0411546427D07468846002A46D093
:10615000002D1DDD0B780A2B23D0012D4FF0000CF4
:1061600018D04646012416F8012F21460A2A04F1C8
:10617000010422D0A542F6D165450BDC08EB0503EE
:1061800013F8013CA3F10D03B3FA83F35B093B75EC
:10619000BDE8F0813B68A5EB0C0108EB0C009847CB
:1061A000ECE7037D002BD8D1036802210F48984704
:1061B000012DE3D04FF0010CD3E716F8013C0D2B75
:1061C000D8D08C4508EB0C00A1EB0C0101DA3B6840
:1061D0009847022105483B689847A446CAE72946E4
:1061E00040463B68BDE8F041184700BF2832021026
:1061F0000B682DE9F041802B0D46064605D05A1C50
:106200002B442A601E71BDE8F0810F4B1C68A4B1BD
:106210000E4F01F1040801E0246974B12368002BDA
:10622000FAD03B680BB1A342F6D1204641462A681A
:10623000FFF786FF2469002CF0D1002301222B44B4
:106240002A601E71BDE8F0811CE2002028E20020D7
:106250002DE9F04782B00D4691461C460646FDF7F3
:106260007DFE4FF0FF3C6FF000472E4A821841F14F
:106270000003944577EB03013CBF62463B462A4846
:106280001BF042FB6B1C804640D00CB3274F284BC1
:106290001C68B4B1B9F1000F1CD1DFF89C9001E08B
:1062A000246974B12368002BFAD0D9F800300BB1FF
:1062B0009C42F5D120462A463146B8472469002C35
:1062C000F0D1B8F1000F26D1284602B0BDE8F08722
:1062D000184FDCE74FF00A0ADFF85C9002E024690F
:1062E000002CEED02368002BF9D0D9F800300BB188
:1062F000A342F4D12A4631462046B847012220461F
:106300000DF107018DF807A0B847E8E730461AF00D
:10631000E1FB0546B9E704481BF0D6FA284602B06F
:10632000BDE8F08740420F003C2D00204161001085
:106330001CE200203961001028E200202DE9F04F16
:10634000984607460E4683B0DFF860B0DFF86090ED
:10635000DFF860A00192DBF8004014B911E0246975
:106360007CB1D9F800500DB1A542F8D1A268002A3D
:10637000F5D03146384690470028F0DD03B0BDE83F
:10638000F08FDAF8242090450BD8DAF82810019B1A
:10639000994204D36FF0010003B0BDE8F08F90453F
:1063A000F8D101200021FDF7E3FDD4E71CE2002035
:1063B00028E2002000000B40084A136823B90AE0D5
:1063C00003F110021B6933B18342F9D129B918696D
:1063D00010601961704701B1106070471CE2002025
:1063E000074B10B51C682CB1636823B1984724692A
:1063F000002CF9D110BD2469002CF5D110BD00BFCF
:106400001CE2002000F024BB2DE9F04182B00646DA
:10641000FDF7A4FD4FF0FF326FF00043361841F155
:106420000007B24273EB07013CBF16461F46DFF878
:106430006080154DD8F8004014B912E0246984B189
:106440002B680BB19C42F9D1A368002BF6D0012137
:1064500001A898470028F1DD9DF8040002B0BDE8CE
:10646000F0810A4B5A6A974209D89B6AB34204D317
:106470006FF0010002B0BDE8F0819742F8D1012031
:106480000021FDF775FDD5E728E2002000000B4054
:106490001CE20020F0B583B006468DF80700FDF73A
:1064A0005DFD4FF0FF356FF00044174A821841F14F
:1064B0000003954274EB03013CBF23462A46134870
:1064C0001BF022FA124B07461C689CB1114D01E0EB
:1064D00024697CB12368002BFAD02B680BB19C4255
:1064E000F6D1204601220DF10701FFF729FE2469AC
:1064F000002CEFD117B9304603B0F0BD03481BF0B4
:10650000E3F9304603B0F0BD40420F003C2D0020BF
:106510001CE2002028E2002038B504461AF0DAFA1E
:10652000012305461A4620462946FFF791FE084BEF
:106530001C682CB163682BB198472469002CF9D1F1
:10654000284638BD2469002CF4D1284638BD00BF48
:106550001CE200202DE9F041A2B004460D46FDF7F3
:10656000FDFC4FF0FF376FF00046264ADFF8A480AD
:10657000821841F10003974276EB03013CBF3A4693
:10658000334621481BF0C0F900272B462246064619
:1065900001A91E480197FFF73FFD019B0546D8F86A
:1065A0000040C3B1002C2BD0194F01E0246974B115
:1065B0002368002BFAD03B680BB1A342F6D12046EA
:1065C000019A02A9FFF7BCFD2469002CF0D1002339
:1065D000D8F8004001932CB1636843B1984724690F
:1065E000002CF9D12EB9284622B0BDE8F0812469EB
:1065F000F1E705481BF068F9284622B0BDE8F081B4
:106600000194EFE740420F003C2D0020F1610010A3
:1066100028E200201CE200200FB400B583B004A9DA
:1066200051F8040B0191FFF795FF03B05DF804EBFF
:1066300004B07047704700BF0022014B1A707047CA
:106640005A6B02204B79FF2B0BD1887948B9CB7953
:10665000012B07D1082A05D9034B8A7809201A7023
:1066600070470020704700BF5A6B0220012070471E
:10667000012901D00120704708B5104B91881B7883
:10668000994201D0002008BD5378012B08D0022B7D
:10669000F8D1002164220846FDF75EFD012008BD07
:1066A0005188CB0548BF480AC1F3402258BF4FF07C
:1066B000FF3001F07F01FDF7CDFD00BF5A6B0220D6
:1066C00000487047F4320210012907D15378012B9A
:1066D00002D19388072B03D0002070470120704718
:1066E0001146A623014A01F037BA00BF4C3202100E
:1066F0000346012201481A70704700BF2C32021075
:1067000008B50B68B3F5966F00D008BD00224FF0B6
:10671000FF301146FDF79EFD024A034B10601960E1
:10672000704700BFB8E10020BCE10020184B70B5F5
:106730001A68002A28D0EFF3108172B6D2E8CF4F42
:106740000120002CFAD1C2E8440F002CF6D1BFF38F
:106750005F8F00220F4C186859602270C0E88F2F9D
:1067600081F31088002400250B4E3078FCF748FC9C
:1067700020B9002400252046294670BD3078FCF75A
:106780004FFC2046294670BD4FF47A740025EBE794
:106790004CE600205C6B02205B6B0220014B1878FA
:1067A000FCF73EBC5B6B022038B5044600200D466A
:1067B00001F002FBA8B3002001F014FB88B3FDF741
:1067C000CDFB4FF0FF3E6FF0004C174A821841F1AD
:1067D000000396457CEB03013CBF724663461348B9
:1067E0001BF092F8E8B1002001F0E6FA58B9002158
:1067F0004FF0FF3000F008FD6FF002040B481BF073
:1068000063F8204638BD002001F0ECFA0028EED0F5
:1068100021462A46002001F0EFFA04460028EDD177
:10682000EAE76FF00204ECE740420F0024E90020A1
:1068300008B5FDF793FB4FF0FF3E6FF0004C0F4A99
:10684000821841F1000396457CEB03013CBF724680
:1068500063460B481BF058F870B14FF0FF30002131
:1068600000F0D2FC002001F00FFB0028F5D1BDE8BC
:10687000084003481BF028B808BD00BF40420F0085
:1068800024E900202DE9F84380460F46FDF766FB1A
:106890004FF0FF356FF00044334A821841F1000396
:1068A000954274EB03013CBF2A4623462F481BF058
:1068B0002BF808B9BDE8F883002001F07DFA002824
:1068C00047D0002F40DD0025DFF8A890284E13E0C8
:1068D0002246002001F01EFB002104464FF0FF304D
:1068E00000F092FC002001F0CFFAFDF737FBC9E978
:1068F00000012544AF4227DD002001F02BFB7C1B6B
:106900008442A8BF044608EB0501002CE0D12146D3
:106910004FF0FF3000F078FC204601F0B5FA204639
:1069200001F04AFA80B1204601F014FB0028E1D1C1
:10693000FDF714FBD9F80030D9F804209B1942F177
:10694000000283428A41D5D20848BDE8F8431AF0D4
:10695000BBBF00200021074BC3E90001BDE8F8439D
:1069600002481AF0B1BF00BF40420F0024E90020E6
:1069700020A10700D82E002030B5002185B02E4878
:106980001AF0DAFFF0B92D4B1A68CAB1EFF3108193
:1069900072B6D2E8CF5F0124002DFAD1C2E8454F8C
:1069A000002DF6D1BFF35F8F254C1D68227859600A
:1069B000D3B201222270C5E88F0F81F31088CBB1CA
:1069C00005B030BD00214FF0FF3000F01DFC00206D
:1069D00001F008FA044618481AF076FF002CEFD0B0
:1069E000184B1B68002BEBD0174A106805B0BDE8A8
:1069F00030401847FDF740F80446FDF7AFFA4FF076
:106A0000FF3C6FF0004510F57A7241F100039445A8
:106A100075EB030138BF2B464FF000014FF0010525
:106A200020460A4C38BF6246CDE901150094FDF7B7
:106A300027F805B030BD00BF24E900204CE6002057
:106A40005C6B0220B8E10020BCE100202D67001043
:106A50004FF0504330B585B01C68FDF70DF8FDF7D9
:106A600021F9A04202D0002005B030BD00212A4B00
:106A700008461B7801F036FD28480368002B47D0F4
:106A80000120FCF779FD0346254C2649C0B223704E
:106A9000FCF7E2FA20780121FCF79CFA0E20FCF7C3
:106AA000CBFA40BB204B0125C3E90000FCF7E4FF13
:106AB0000446FDF753FA4FF0FF3E6FF0004C10F51F
:106AC0007A7241F1000396457CEB03014FF000011F
:106AD0002046164C3CBF72466346CDE90115009432
:106AE000FCF7CEFF0028BEDB01211148FFF764FC54
:106AF000012005B030BD0120FCF728FA01460A4804
:106B0000FCF79AFD00220E200A49FCF7D5FAEBE7C4
:106B1000FCF776FDB4E700BFB850021024E900206E
:106B20005B6B0220796900104CE600202D67001095
:106B30004C2700209D6700100048704790330210DA
:106B4000004870473C33021038B5184B04461A7899
:106B50000AB344B940F209424FF44173144D6A80BC
:106B600013482B8038BD052C1DD8124B104D53F8FF
:106B7000241028460023013903E0132B20F8022FAC
:106B80000ED011F8012F0133DBB2002AF5D15B00E2
:106B900043F44073E4E71121184600F023F8D8E7E6
:106BA0004FF44A73DCE7002038BD00BFE0690220E3
:106BB000F0E100202433021000B545F247308BB0DD
:106BC000FDF73CFB01220346092101A89847DDE9B6
:106BD0000332034912BA1BBAC1E900230BB000BD4E
:106BE00018E90020012901F1FF3300F0B3805D496D
:106BF0000A784FEA121C9F2A8CBF0CF1370C0CF15B
:106C0000300C012B80F800C000F0A78002F00F02CA
:106C1000092A8CBF37323032022B427000F09D803F
:106C20004A784FEA121C9F2A8CBF0CF1370C0CF1EA
:106C3000300C032B80F802C000F08F8002F00F02AE
:106C4000092A8CBF37323032042BC27000F08580A5
:106C50008A784FEA121C9F2A8CBF0CF1370C0CF17A
:106C6000300C052B80F804C077D002F00F02092AFF
:106C70008CBF37323032062B42716ED0CA784FEA61
:106C8000121C9F2A8CBF0CF1370C0CF1300C072B17
:106C900080F806C061D002F00F02092A8CBF37329B
:106CA0003032082BC27158D00A794FEA121C9F2A41
:106CB0008CBF0CF1370C0CF1300C092B80F808C09C
:106CC0004BD002F00F02092A8CBF373230320A2B28
:106CD000427242D04A794FEA121C9F2A8CBF0CF1B3
:106CE000370C0CF1300C0B2B80F80AC035D002F0B9
:106CF0000F02092A8CBF373230320C2BC2722CD0D3
:106D00008A794FEA121C9F2A8CBF0CF1370C0CF1C8
:106D1000300C0D2B80F80CC01FD002F00F02092A96
:106D20008CBF373230320E2B427316D0CA7911091C
:106D30009F2A8CBF373130310F2B81730DD002F079
:106D40000F02092A94BF30323732102BC27318BF9A
:106D5000103002D0002303707047184400230370E2
:106D6000704700BF18E9002070B500F02DF90C2322
:106D70004026194CFF22A3670E201849FCF79CF906
:106D800032460021164819F0EFFB0125002380212F
:106D90001348144A41844570068306878260436025
:106DA000136042F8043C80F8213080F83B304362A5
:106DB0000D4B4FF00056C360C362803B83621AF0F4
:106DC0008BFD4FF480320949094B25642846E6645F
:106DD000C4F89010DA6470BD00001150ED0300207B
:106DE0003CE20020840010500001105010D001003F
:106DF0000020115001210E20FCF7ECB800220248BF
:106E0000114600F001B900BF5CE20020044B19708C
:106E100021B14FF40032034BC3F89020704700BFFC
:106E2000576B0220002011500B785B0602D14B7883
:106E3000052B00D070474B88014ADBB213607047C6
:106E400000001150CB782DE9F04103F0030EBEF1A4
:106E5000010FC3F301005BD0002791F802C0344C4E
:106E60000CF07F025600898806EBDC1304EB431319
:106E70004FEADC15D876C1F30A0185F0010083F8EA
:106E800002C019835870DF70D3008DBB29480433CA
:106E900004EB821C03EB0008CCF808801F5082B37F
:106EA000254BD2001344CCF80430244B3F311A68F0
:106EB00021F03F01BEF1020F08BF490011441960E3
:106EC0001F4B771904EB47179942FA602BD82E44D1
:106ED00004EB4613D97E82F0A04282F480125B68F4
:106EE00042EA816242F000421A600120BDE8F0816E
:106EF000104804EB821C0344CCF8283040F8327070
:106F00004AB900220F4904EB4513D9605A60ECE7F7
:106F10000020BDE8F081D20002F1A04202F580120B
:106F2000CCF82420C1E7FDF7D5F9FA68CFE700BF18
:106F30003CE20020800010500400105048E6002081
:106F4000FF0F1050000110501AF0C6BC8C4608B557
:106F5000114607481A460CF07F034FEADC1C0CEB85
:106F6000430C00EB4C1000F04FF8012008BD00BFAF
:106F70003CE2002011F07F0205D100290CBF022065
:106F80000120064B9866C909054B01EB420003EB53
:106F900040104FF4006200211AF0B2BC00201150E2
:106FA0003CE2002011F07F0300D170470022054829
:106FB0005B0003EBD11300EB43106FF40061C27070
:106FC0001AF09EBC3CE200204FF0805209480A496A
:106FD00008B50A4B02600A609968C94311F08051F4
:106FE000FAD14FF48052064819F0BEFA0922054B37
:106FF0005A6708BD002002400030024000000240F5
:10700000000010500000115000234FF0010C10B58B
:1070100080F81AC08282C382016104461AF03CFCE7
:1070200020B14FF40032074BC3F8902020461AF0ED
:107030007FFC10B10123237710BD2046BDE810402E
:107040001AF026BC002011502DE9F04100241D4EFD
:10705000054623463278DFF878801B4F0DE03B6809
:1070600013EB441324D0DB68284698473278013468
:10707000E4B2511CA142234606DBA242A3EB020369
:10708000EDD808EB4313EEE7542200210F4819F026
:107090006BFA4FF0FF330D482022041D4360C4E912
:1070A0000133E360FF21BDE8F041143019F05CBA10
:1070B0004FF0E023D3F8F03DDB0700D500BEBDE87C
:1070C000F08100BF566B0220F8DB0020C8DD0020F5
:1070D000A4330210704700BF704700BF0020704704
:1070E00000207047704700BF704700BF704700BF67
:1070F000704700BF024B5878003818BF0120704716
:10710000C8DD0020024B1878C0F38000704700BF34
:10711000C8DD00202DE9F047DFF8E4A09AF8003040
:10712000FF2B56D10E4600293ED00021542207469F
:10713000294819F019FA0022284C294B20461A70C8
:10714000FCF75EFA274B28481C60284CFCF766FACF
:10715000204601F0ADFD264A264B146023B1264897
:10716000FFF7C6FA254B18600024234D23462A78E2
:10717000DFF89090DFF884800EE0D8F8003013EB51
:10718000441311D05B687BB198472A780134E4B28C
:10719000511CA142234611DBA242EED89B1A09EBF7
:1071A00043135B68002BEFD14FF0E023D3F8F03DA1
:1071B000DB0700D500BE0020BDE8F0873146384629
:1071C0008AF80070FFF7D0FD0028EDD03846FFF7B1
:1071D00011FE0120BDE8F087C8DD0020C0DD0020E1
:1071E000586B02201CDE0020782700206427002036
:1071F00020DE0020F1660010566B0220F8DB002034
:1072000080270020A43302102DE9F04FDFF8C89248
:107210008BB099F80030FF2B00F0F180A84CA94DFD
:10722000DFF8B0A2DFF8B4B226687369EFF310821A
:1072300072B6D3E8CF0F01210028FAD1C3E8401F6E
:107240000028F6D1BFF35F8FB261304607A901F085
:1072500075FB00237269C2E88F3FB36983F310881E
:10726000002800F0CC809DF81D30013B072B00F278
:107270007D83DFE803F0A7B1959D8E350A04089B56
:10728000002BD1D009989847CEE79DF8201001F047
:107290007F0605EB460000EBD11090F8343023F068
:1072A000010380F8343090F8343023F0040380F880
:1072B0003430002E00F0A680037D9AF8002093421F
:1072C00080F09380804A126812EB431300F09080A4
:1072D0009E699DF82120099B9DF81C00B047A3E7FB
:1072E0009BF80030002B00F083809BF80030013BBE
:1072F000DBB28BF800309BF8003003F0FF00002B6E
:1073000092D1704F9DF81C803B7843F001033B7095
:1073100097F8343060F3000387F8343097F834304E
:1073200060F3820387F8343097F8353060F3000358
:1073300087F8353097F8353060F3820387F83530B9
:1073400000F06CFC9DF8203003F06002602A6CD0E5
:10735000402A7CD003F01F03012B00F0C180022BD8
:1073600000F08180002B60D1202A00F0E981002A02
:107370005BD19DF82130092B57D8DFE813F0B0011D
:10738000A2015600C101560095016B015600600133
:10739000F4002B78D9077FF547AFFFF7A9FE43E745
:1073A000EB78DA077FF540AF0898FFF795FE3BE7EB
:1073B0002B78D8077FF538AF2878C0F3C000FFF7E7
:1073C00095FE31E79DF81C00FFF73EFE00F01CFC27
:1073D0009DF82030AB7027E79DF81C00FFF734FEC6
:1073E00000F012FCFFF780FE1EE7501C984211DAF5
:1073F0004FF0E023D3F8F03DDC0700D500BE0BB022
:10740000BDE8F08F099B9DF821209DF81C0000F03D
:1074100019FC09E79B1A2D4A02EB431358E7FFF7C3
:107420008FFB0246002840F082814FF0E023D3F822
:10743000F03DDE0700D500BE9DF81C000021FFF7DF
:1074400099FD80219DF81C00FFF794FDECE6204893
:1074500000F0E4FB0121404608AAFFF735F90028B7
:107460007FF4E2AEE8E79DF8241011F0700FDCD154
:1074700001F07F0607EB4600164B00EBD1101B789E
:10748000007D7600019698424FEAD116009659D3B6
:107490005E1C8642C0F26681C01A0C4B03EB40169C
:1074A000002A00F06381706900F0B8FB01214046BA
:1074B000736908AA984700287FF4B6AEBCE700BFFE
:1074C00020DE0020C8DD0020F8DB0020A4330210FD
:1074D000C9660010566B022080270020586B0220DE
:1074E0009DF824300F2BA7D8AE4A3B441B79127865
:1074F000934232D3511C99429EDBAB4E9B1A06EB52
:107500004316706900F08AFB01214046736908AA9E
:10751000984700287FF488AE9DF8203013F060066D
:107520008AD19DF821300A3B012B85D800F076FBEB
:107530009DF821300A2B00F0F281404608A900F0A6
:10754000F1FA71E6994B1B6803EB4016002A00F034
:107550000D81002E3FF470AFA5E7944A166816EB34
:107560004316CED168E77B789DF822609E4200F0FA
:107570004F817B78002B40F0BE817E70002E00F0A2
:107580004581701EC0B2FFF7DBFA0346002800F009
:107590005F814278022A40F05B81C17903F10906DC
:1075A000C1F340121201C1F3801142EA4112314687
:1075B000387820F0300002433A705A88CDF80C80B9
:1075C0009A180192019B8B4240F2A4814A780B2ABF
:1075D00000F0AF810123042A40F03A810026019A8D
:1075E0000096521A92B202926E4A049312781DE0EB
:1075F0006E4B1B6813EB461800F02A81029AD8F8EC
:10760000103003980591984708280246059906F11D
:10761000010303D90298904280F0FF80DEB2614BF3
:1076200000961A78531C9E4200F31281009BB242CE
:10763000A3EB0202DCD85C4B03EB4218DEE77B785D
:1076400040468DF81A300DF11A02012308A900F006
:1076500083FAE9E5BDF82200030A013B020AC0B241
:107660000E2B3FF6E9AE01A151F823F0817800100E
:107670001D770010BD7800103974001039740010A7
:107680009F7800101D7700103974001039740010B5
:1076900039740010397400103974001039740010F6
:1076A000397400107378001008A800F0BDFA404645
:1076B0009DF82210FFF7A2FB3B7843F002033B70DA
:1076C000B2E5BDF82230012B7FF4B6AE3B784046E0
:1076D00023F0080308A93B7000F024FAA4E5404613
:1076E0003B789A0802F00202C3F340131343ADF84B
:1076F0001A300DF11A02022308A900F02DFA93E5C1
:10770000BDF82230012B7FF497AE3B78404643F022
:10771000080308A93B7000F005FA85E5022A3FF44A
:107720007EAEFFF7DDFC024600283FF485AE404602
:10773000538808A900F010FA00287FF475AD7BE6A5
:107740009DF824300F2B3FF677AE164A3B441B7949
:10775000127893421DD2154A166816EB43167FF431
:10776000A2AE69E6002A7FF467AE00269DF82120CC
:1077700002F0FD03012B1BD0002A7FF456AE019BC3
:10778000009A3B44134493F834304046C3F340031B
:10779000ADE7511C9942FFF64FAE034E9B1A06EB24
:1077A000431680E6566B0220A4330210F8DB00205B
:1077B000BDF82230B3B9012A99F8000000F08680A4
:1077C000FFF7D8FB019B009A3B44134493F8342005
:1077D00042F0020283F8342093F8342042F0010290
:1077E00083F83420002E3FF41FAD706900F016FAC4
:1077F0007369012108AA40469847002000F00EFA5C
:1078000097F83530DF073FF50FAD96E6FFF76CFCD4
:10781000404608A900F086F906E5049B012B00F01C
:107820009E80002B00F08A80002091F8028005E005
:107830008CF804605FFA80FC63457FD908EB000C8C
:1078400057FA8CFC9CF804E00130BEF1FF0FEFD03A
:107850004FF0E023D3F8F03DDA0700D500BE4FF03B
:10786000E023D3F8F03DDB0700D500BE00237B709A
:10787000E2E5FEF725FF024600287FF458AFDBE57E
:10788000FFF75AF9024600283FF4CFAD40461223D5
:1078900008A900F061F900287FF4C6ACCCE5FFF739
:1078A0001DFC024600283FF4C7AD4046137808A9E6
:1078B00000F052F900287FF4B7ACBDE5BDF8241004
:1078C000FFF742F902460028EFD1B5E50293FFF732
:1078D00069FB019A009B3A441A4492F83410029BC7
:1078E00063F3410182F8341092F8341063F300011D
:1078F00082F8341076E700214046FFF787FA4046C9
:10790000FFF722FBBB7840460093FFF79DFB009BEF
:10791000BB7032E6DDF80C80FFF7E4FB78E7404609
:10792000012308A90DF11A028DF81A6000F014F96C
:107930007AE40A78CB7811444A784CE6334610480A
:107940000492029100F076FE0E4B049A02991B7885
:107950001144009A01339342BFF634AE78E7D8F869
:1079600010C00948844508BF02235DE74FF0E023BB
:10797000D3F8F03DDB077FF557AC00BE54E400BF01
:10798000DCDD0020566B0220558000102DE9F84FF9
:107990000A9F002A40D00C461E4615464FF0000AAA
:1079A000DFF87C90DFF87C8018E0204698F8021021
:1079B00099F800B000F00EFEE0B121465846FFF7FE
:1079C00041FAF0B1A2780AF1010AD10916BF0B9B66
:1079D0003A701A702278AA4514441DD06278052A9C
:1079E0000FD1E17801F00301B1420AD1A27812F07F
:1079F000700FDAD04FF0E023D3F8F03DDA0700D56E
:107A000000BE4FF0E023D3F8F03DDB0702D40020A6
:107A1000BDE8F88F00BEFAE70120BDE8F88F00BF8F
:107A200080270020C8DD002038B58B7813F0700F58
:107A300008D04FF0E023D3F8F03DDB0700D500BEBF
:107A4000002038BD074A084B0C46084691781D783F
:107A500000F0C0FD0028ECD021462846BDE83840A3
:107A6000FFF7F0B9C8DD0020802700200B46064A4A
:107A700006481168DA09343203F07F0302EB43034E
:107A8000184400F061BD00BF1CDE0020C8DD0020EE
:107A90000B46064A06481168DA09343203F07F03C0
:107AA00002EB4303184400F079BD00BF1CDE002048
:107AB000C8DD002010B5194801F07F0C00EB4C0028
:107AC00000EBD11090F834C01CF0010F08D04FF03B
:107AD000E023D3F8F03DDA0700D500BE002010BD4A
:107AE00000F1300494F804C00D484CF0010C00780B
:107AF00084F804C0FFF72AFA0028F0D14FF0E02103
:107B0000227960F300022271227960F382022271ED
:107B1000D1F8F03DDB07E1D500BEDFE7C8DD00208E
:107B20008027002030B50B4C0023A6468C46054626
:107B300008684968C4E90233AEE803009CF8001005
:107B40002846BDE83040C9431A4601F08001FFF7DE
:107B5000B1BF00BF88DD00202DE9F041284F4FF074
:107B60000008BE468C46064608684968BA60AEE81A
:107B70000300A7F80E801546BCF80620934228BFE4
:107B80001346BB819AB11C4633B3DDB197F900307F
:107B9000402C28BF4024002B29DB41462346304699
:107BA000184AFFF787FF68B10120BDE8F0819CF813
:107BB00000101346C943304601F08001FFF77AFFF9
:107BC0000028F1D14FF0E023D3F8F03DDB0700D5DA
:107BD00000BE0020BDE8F0811A46397801F080012E
:107BE00023463046FFF766FF0028DDD1EAE722464C
:107BF0002946044818F0F8FE8021024AF0E700BF49
:107C000088DD002048DD00200022034BC3E900226C
:107C1000C3E902221A61704788DD0020014B186118
:107C2000704700BF88DD002030B40246044C0025B8
:107C3000234600685168C4E9025530BC03C370474D
:107C400088DD002070B53D4CC90922780646B1EBAD
:107C5000D21F1D4682B017D053B14FF0E023D3F8A6
:107C6000F03DDB0702D4002002B070BD00BEFAE791
:107C70002146FFF7D9F823691BB12246032130467C
:107C80009847012002B070BD94F90030002B06DB4C
:107C9000A0680028E7D02A46294918F0A5FEE08907
:107CA000A168E388284480B229448342E081A1602E
:107CB00016D03F2D14D9A28994F90040131A9BB213
:107CC000402B28BF4023002C27DB90424FF00001BF
:107CD00031D01B4A3046FFF7EDFE0028D1D1BCE77A
:107CE000236923B102213046144A984760B12178B4
:107CF0000023C94330461A4601F08001FFF7DAFE3F
:107D00000028AAD00120BDE701463046FFF732F92E
:107D100080213046FFF72EF9B3E7904208D01A468B
:107D20000748019318F060FE8021054A019BD1E7C6
:107D300080210022CEE70A46CCE700BF88DD002084
:107D400048DD00202DE9F0410446FFF7D3F908B9DA
:107D5000BDE8F081FFF7D6F905460028F8D1C82321
:107D600004FB03F3124EF718F9780029F0D0103312
:107D70001E44304600F0D0FD3F28E9D92846F97866
:107D8000FFF774FE0028E3D0304600F0C5FD3F2821
:107D9000F97808D9074A284602EBC4124023BDE807
:107DA000F041FFF787BE2846BDE8F041FFF770BEFF
:107DB00080DC0020FCDB002010B50446FFF79AF9B8
:107DC00008B9002010BDFFF79DF90028F9D1C8229D
:107DD000034B02FB0433187900F0010010BD00BF13
:107DE00080DC0020C82208B5024B02FB003000F006
:107DF00079FD08BD90DC00202DE9F8434FF6FF73B4
:107E0000C8249A4228BF1A4600FB04F4DFF87480A5
:107E100004F110054544064692B2284600F0D8FD0C
:107E20000746FFF767F910B93846BDE8F883FFF752
:107E300069F981460028F7D1A04498F80330002B57
:107E4000F2D0284600F068FD3F28EDD9484698F862
:107E50000310FFF70BFE0028E6D0284600F05CFD7B
:107E60003F2898F8031007D9054A4846402302EBFB
:107E7000C612FFF71FFED7E74846FFF709FED3E714
:107E8000FCDB002080DC00202DE9F0410446FFF7F8
:107E900031F910B90020BDE8F081FFF733F905464C
:107EA0000028F7D1C82604FB06F6DFF8648006F147
:107EB00024074744384600F015FD0028EAD0B044B6
:107EC000284698F80210FFF7D1FD0028E2D00F4EA7
:107ED000384606EBC4163146402200F079FD98F88A
:107EE0000210044668B1034632462846FFF7E2FD19
:107EF00050B94FF0E023D3F8F03DDB07CAD500BE00
:107F0000C8E7FFF7C5FDC5E72046C4E73CDC002015
:107F100080DC002038B54FF6FF75C823AA4228BF81
:107F20002A460B4C92B203FB00440546204600F063
:107F30000DFE034620461C4600F0D4FC3F2801D825
:107F4000204638BD2846FFF79FFF204638BD00BFBA
:107F5000A4DC0020C82208B5024B02FB003000F070
:107F6000DBFC08BDA4DC0020F0B5002483B0C822EF
:107F70000021174818F0F8FAFF234FF4E1310822E6
:107F8000144804701248009407464371816082735C
:107F900000F1380101234022103000F073FC01236E
:107FA000402207F17801009307F1B80607F1240099
:107FB00000F068FC07F1C0053046FBF721FB2846BE
:107FC000FBF71EFBC7E90746C7E90C5403B0F0BD39
:107FD00080DC00207CDC00200A4A116B136A61B14E
:107FE0003BB10023C2E90C33D361002313620120AB
:107FF00070470120C2E90C337047002BF7D0D161E4
:10800000F3E700BF80DC0020002210B50E4C0F48C3
:10801000237802600271DA0707D59B070BD5BDE80C
:10802000104001210A4800F05FBE103000F040FE11
:1080300023789B07F3D4064800F03AFEBDE81040D1
:108040000121034800F050BE7CDC002080DC0020D1
:10805000A4DC0020F0B54B7983B0022B02D18B79E0
:10806000022B03D00025284603B0F0BD274FBB7874
:108070003BB14FF0E023D3F8F03DDB07F2D500BE73
:10808000F0E78B7806463B700B78CC186178242992
:1080900008BF092507D036E023781C4461782B44BB
:1080A00024299DB207D1AA42F6D20020FFF74AFE4A
:1080B000284603B0F0BD0B46052916D0042BF4D199
:1080C00063790A2BF1D1124B277801930133009386
:1080D000022330461A46E119FFF758FC0028C8D0A1
:1080E0000E3517FA85F5ADB2DFE721463046FFF7CA
:1080F0009BFC0028BDD0A3787B7023785A191C44C0
:10810000637895B2DAE70B460925D5E780DC0020D5
:1081100082DC0020137803F06003202B08D170B5B7
:10812000264C938894F800C09C4503D0002070BD75
:10813000002070475378203B032BF7D8DFE803F08B
:1081400027230D0201292ED003291ED11C4BE3B198
:1081500000205188AFF3008017E0012923D00329C4
:1081600013D15588174805F0010686F001012571E5
:1081700000F0BAFD144B43B131460020C5F3400274
:10818000AFF3008001E0012911D0012070BD012969
:108190000DD00329F9D10D4B002BF6D000200C494E
:1081A000FEF7AEFAF1E71146FFF7BCFCEDE711462A
:1081B0000723074AFFF7D0FCE7E700BF80DC002079
:1081C00000000000A4DC0020000000000167001097
:1081D00088DC00202DE9F843354E0C46F27807463E
:1081E0008A421D463DD0B3788B4212D04FF0E02337
:1081F000D3F8F03DDB0732D40020BDE8F8832D4BE7
:1082000023B12D4800F07EFB00284DD00020FFF761
:1082100099FDB378A34201D00120EEE7274B13B1BB
:108220000020AFF300800020FFF72EFE0028F3D1DE
:10823000234800F057FB0028EED1002DECD015F0BC
:108240003F05E9D13846B178FFF710FC0028E3D0AC
:108250002B462A463846B178FFF72CFCDCE700BEF7
:10826000CAE79AB2174906F1100000F06FFC164BEE
:10827000002BC4D07379FF2BC1D0002DBFD0DFF805
:10828000448008EB050902E0C845B8D0737918F8B6
:10829000012B9A42F8D1084800F034FB0028F3D1B2
:1082A0007179AFF30080EFE7AFF30080AEE700BF76
:1082B00080DC00200000000090DC002000000000B6
:1082C000A4DC0020FCDB002000000000F0B54FF42F
:1082D000137285B00021124818F046F94026002399
:1082E0004FF480750E4F0F4C07F5A6721946CDE975
:1082F0000246009201951A4607F5947000F0C4F901
:108300000023384607F12801344400910122194620
:10831000CDE902460195043000F0B6F905B0F0BD94
:1083200064DF0020E4DE002008B5054800F0D8F93D
:10833000034BA3F5927000F0D3F9012008BD00BFF4
:108340008CE0002038B50025064C04F598702570A7
:1083500000F0AEFC04F10C0000F0AAFC84F82951F6
:10836000657138BD64DF00202DE9F8434B79FF2BA0
:1083700051D1354E96F82931002B4CD196F8058015
:10838000B8F1000F47D18B780C7833700B790F461A
:108390000C44ABB38146A51803E0A54230D923783D
:1083A0001C446378052BF8D1AC4229D221464846BB
:1083B000FFF73AFB40B3A378DB092FD1234800F045
:1083C00077FCA37896F8282186F82931A3884846B7
:1083D000C3F30A03A3F50073B3FA83F35B0963F3F2
:1083E00041021B4986F8282100F0E8F960B12378A2
:1083F0003A7908F101081C445FFA88F39A42D0D810
:10840000E11B88B2BDE8F8834FF0E023D3F8F03DDC
:10841000DB0700D500BE0020BDE8F8830D4800F062
:1084200047FCA37832797371A3880B49C3F30A031D
:10843000A3F50073B3FA83F35B0963F341020020F1
:10844000327100F083F9D2E764DF002094E000206D
:108450008CE0002070DF002068DF002070B51B4C2E
:10846000064694F829C11D468C4511D063798B428C
:1084700001D0002070BD164B1BB10020A9B2AFF394
:1084800000803046134900F061F9C8B1012070BD89
:10849000B4F8343163B9104B23B100200F49AAB2AC
:1084A000AFF3008030460E4900F088F90120EEE776
:1084B000D4F82C11AAB204F5987000F047FBEAE753
:1084C0002A463046034900F00DF9DFE764DF00205B
:1084D0000000000068DF002000000000E4DE002053
:1084E0008CE0002010B582B0C9B101280CD80B78FF
:1084F00053B1144C012B235402D0012002B010BD03
:10850000FEF708FE0028F8D14FF0E023D3F8F03D45
:10851000DB0702D4002002B010BD00BEFAE7012440
:10852000084601A9ADF80440FEF7F4FD38B94FF054
:10853000E023D3F8F03DDA07EDD500BEEBE7014BC1
:108540001C70E8E7BCDD0020F8B5037813F00104E7
:108550001AD1037805465A07C3F3800701D5204690
:10856000F8BD0E464FF0FF31304619F08DF92B78EB
:1085700013F001040BD12B785B0709D42B7801246D
:1085800043F004032B7003E000242046F8BD3C4672
:10859000304619F099F92046F8BD00BF70B50C4679
:1085A00005464FF0FF31204619F06EF92B78C3F3E2
:1085B00080065B0708D52B7813F0010311BF002656
:1085C0002A7863F382022A70204619F07DF930463A
:1085D00070BD00BFC378828803F003000228C2F395
:1085E0000A0215D003280AD001281CD1022940F222
:1085F000FF3308BF4FF4806393420DD370470229C5
:1086000014BF40234FF48063934205D30120704789
:1086100002290AD0402AF9D94FF0E023D3F8F03DDF
:10862000DB0700D500BE00207047B2F5007FEDD01B
:10863000F2E700BF0A44914225D291F801C0BCF193
:10864000050F05D091F800C061448A42F5D8704703
:1086500000B591F802C00CF07F0E00EB4E0E4FEA11
:10866000DC1C0EF80C3091F800C061448A4209D934
:1086700091F801C0BCF1050FEBD091F800C0614446
:108680008A42F5D800BD70472DE9F0418E4682B090
:10869000009390F800C0089EBDF824706EF3000CA3
:1086A00004461546012331463A4600F808CBBDF88A
:1086B0002C8000F0E7F806B13FB901200A9BA4F82E
:1086C0000280636002B0BDE8F08104F11C06304610
:1086D000FAF796FF0DB135460026C4E90556ECE7DA
:1086E00001207047F8B50746084640F2FF131546CB
:1086F00010F8082B0C4612F0020F0CBF3F261E4646
:1087000000F0F0F828B925B12E4202D12378DA071B
:1087100001D50020F8BD38466178FFF7A7F9002899
:10872000F7D0237813F0010307D04FF0E023D3F8FC
:10873000F03DDB07EDD500BEEBE71A463846617821
:10874000FFF7B8F90028F0D0F8BD00BF70B501F10F
:108750000805064628460C4600F0C4F810B12378F8
:10876000DA0701D5002070BD30466178FFF77EF949
:108770000028F7D028466288616800F029F923783C
:10878000054603F0010340B173B14FF0E023D3F885
:10879000F03DDB07E6D500BEE4E7002BE2D1304632
:1087A0006178FFF775F9DDE7034662683046617866
:1087B000FFF780F90028E8D0284670BD8A892DE9A6
:1087C000F0410B780C46064622B9DD0734D500206F
:1087D000BDE8F08104F108079907384647BF4FF418
:1087E0007E484FF400754FF6C078402500F094F8AD
:1087F0008542ECD82378DA07E9D430466178FFF770
:1088000035F90028E3D0384600F086F82378854211
:1088100003F001032DD8BBB9658808EA0008454577
:1088200028BF454661785DB362682B463046FFF746
:1088300041F948B12846CBE74978FFF717F90028F6
:10884000C5D02378D80707D54FF0E023D3F8F03D03
:10885000DB07BCD500BEBAE7638861783BB16268CC
:108860003046FFF727F90028EED06088B0E71A46B7
:10887000F6E7002BABD130466178FFF709F9A6E7A0
:108880002A46D2E72DE9F041B2F5004F9DF8188055
:1088900024D80446C06817460E461D4618B14FF04E
:1088A000FF3118F0F1FF206918B14FF0FF3118F0D7
:1088B000EBFF0022C5F30E03E06843EAC833628190
:1088C0002660A780E380228108B118F0FDFF2069AF
:1088D00008B118F0F9FF0120BDE8F0810020BDE8E3
:1088E000F08100BF038942899BB292B28088934293
:1088F00036BFC2EB40029B1A9B189BB2984228BF1E
:10890000184670470289438990B29BB2C01AB0FAE8
:1089100080F04009704700BF038942899BB280887C
:1089200092B2934236BFC2EB40029B1A9B189BB295
:10893000984286BFC01A80B20020704738B50446FE
:1089400000690D4618B14FF0FF3118F09DFF2189E5
:10895000638989B29BB2A288994236BFC3EB4200B9
:10896000C81A401880B250B3824209D291422CBF3B
:10897000891A89188BB29A42638103D89B1A9BB2D9
:108980009A42FBD9E2882168C2F30E0202FB03116E
:10899000284618F029F86189012589B24B1C9BB241
:1089A0009942A2880ED9002302FA05F15B1A9BB204
:1089B0002069638108B118F087FF284638BD054655
:1089C00063899BB2B3EB420F4FEA4201F0DBEDE764
:1089D0002DE9F047064600698846914618B14FF0E8
:1089E000FF3118F051FF338974899BB2A4B2B58866
:1089F000A34236BFC4EB45071F1BFF18BFB2002FB1
:108A00004AD0BD4240D3B94528BFB946A5421FFA56
:108A100089F703D8641BA4B2A542FBD9B6F806A017
:108A20002B1B31689BB2CAF30E029F42924602FB97
:108A3000041123D913FB02F31FFA83F94A46404677
:108A40007D1B17F0D1FF621912FB0AF2316808EBA7
:108A5000090092B217F0C8FF7289B58892B2D31993
:108A60009BB29A421AD96A009B1A9BB230697381F1
:108A700008B118F029FF3846BDE8F087404607FBEB
:108A800002F217F0B1FFE7E7AB422CBF5B1B5B19AB
:108A90009CB22F467481B6E773899BB2B3EB450F46
:108AA0004FEA4502E2DBDFE7F8B50446C0680E4650
:108AB00018B14FF0FF3118F0E7FE2589238961894D
:108AC0009BB289B2A2888B4236BFC1EB42015B1ACE
:108AD0005B189BB29A42ADB208D8E779FF0905D17D
:108AE000E06808B118F0F0FE3846F8BD954228BF9E
:108AF0002B4618D39B1A9BB29342FBD2E288206884
:108B0000C2F30E0202FB0300314617F06DFF6B1C2F
:108B10009BB29D42A28812D9002351005B1A9BB2DE
:108B200001272381DCE7E2882068C2F30E0205FBFF
:108B30000200314617F058FF0135A288ABB2B3EB03
:108B4000420F4FEA4201EBDBE8E700BF2DE9F04FAF
:108B5000174683B0002A75D00646C068894618B10A
:108B60004FF0FF3118F090FEF379B6F80880728963
:108B7000DB09B5881FFA88F892B23DD1904536BF1F
:108B8000C2EB4502A8EB0202424492B2AA425ED274
:108B9000AA1A92B2BA4228BF3A4697B2A7EB050B7F
:108BA00008EB070AF3881FFA8BFB1FFA8AFAA8451D
:108BB000444603D3641BA4B2AC42FBD22D1B3068E5
:108BC000ADB2C3F30E02BD4202FB04005AD34946C4
:108BD00007FB02F217F008FFB288D0454FEA4203C4
:108BE00002D8BAEB420F03DBAAEB03031FFA83FAA6
:108BF0003D46A6F808A02BE0AF4232D2904536BFE2
:108C0000C2EB4503A8EB020343449BB269003B441B
:108C1000A7EB050B8B421FFA8BFB0DDB02EB050A62
:108C20001FFA8AFAAAEB07081FFA88F842453CD9CE
:108C3000A8EB01011FFA81F807EB080A1FFA8AFA6C
:108C4000F388B4E71546284603B0BDE8F08F002549
:108C5000F0680028F7D018F037FE284603B0BDE8CA
:108C6000F08F002DF4D0F3887F1B02EB050A9046AD
:108C7000C3F30E0202FB07994FF0000B2F461FFAB9
:108C80008AFA94E715FB02F5ADB2494601922A46ED
:108C900017F0AAFE019B5C4414FB03F4306809EB57
:108CA0000501A2B217F0A0FE96E74145C0DDC7E777
:108CB00010B50446C06818B14FF0FF3118F0E4FD5C
:108CC000206918B14FF0FF3118F0DEFD0023E06895
:108CD0006381238108B118F0F7FD206908B118F00D
:108CE000F3FD012010BD00BF38B50446C0680D4635
:108CF00018B14FF0FF3118F0C7FD206918B14FF0DF
:108D0000FF3118F0C1FDE379E06865F3C713E37143
:108D100008B118F0D9FD206908B118F0D5FD01207F
:108D200038BD00BF374B2DE9F047984214BF4FF4D0
:108D300000234FF4802307460E46334D334C344A0C
:108D40002B602360956833EA0505FBD10620FBF70D
:108D5000B7F939464FF0020A51F804EF4FEAD659F5
:108D6000720201F540581346CC4654460EEA0A0EEC
:108D7000C8F800A007E0D31804F102044CEB090C7A
:108D8000B4F5807F03D0984275EB0C0AF3D24FF410
:108D90008073C4EB042201E0012B30D0B0FBF2FC65
:108DA00066459946A2EB040203F1FF33F4D209FBB6
:108DB00004F91D023C6102243B4603263A6801F592
:108DC00000516A4007F5805C02F47F42CCF8002035
:108DD000C1F800E07D68C8F8004053F8242B254016
:108DE00082F0070202F0CF0203F50053CCF8002016
:108DF000B0FBF9F00D601E600C60BDE8F087A14685
:108E0000D8E700BF000008400020024000300240C8
:108E100000000240F8B504460D46EFF3108772B625
:108E20000C4B9B6853F82060B14204D00A4B9E4221
:108E30000BD2FBF74FFA074B9B6843F82450BFF364
:108E40005F8F87F310883046F8BD044B9E42F2D303
:108E5000EFE700BF00ED00E010010010240100105A
:108E60000A4B93F90020002A0FDB4FF050410123F9
:108E7000D1F888019340184207D04FF0E0224FF01C
:108E80008050C1F88C31C2F8040D70478127002052
:108E9000002300B583B0019300F096FA019B002BEC
:108EA000FCD003B000BD00BF10B502F0CDFD0446FC
:108EB00001F0D8FC28B14FF0E0234FF08052C3F806
:108EC000042D2046BDE8104002F054BE10B5042227
:108ED0004FF0E024002322610520A361FBF7F0F8A6
:108EE0000721044BA3FB00239B09013B6361216124
:108EF00010BD00BFD34D62104FF0E0234FF07F4212
:108F0000002130B585B00391C3F81C2DD3F81C3D6A
:108F10001B0E8DF807309DF807309DF807301A06B4
:108F20000CD5039B013303939DF807305B00DBB244
:108F30008DF807309DF807301B06F2D4039B082BF1
:108F400040D0039BC3F107031B0203F4E0634FF01F
:108F500050412548254A036012780B689A4233D065
:108F60004FF0E02300244FF05045D3F8202D204946
:108F700042F47F02C3F8202D0E20C3F81C4DFFF7EA
:108F800049FF1C490B20FFF745FF1B4B2A68FF21B7
:108F90001A2043F82240FAF77DFA1A201749FAF707
:108FA0005BF801211A20FAF715F800F005FA286895
:108FB00001F07EFD029400F007FA029B002BFCD02A
:108FC00005B030BD0023C2E7FFF780FF4FF0E0227D
:108FD000D2F8203D0A4943F07F43C2F8203D0F20DC
:108FE000FFF718FFBCE700BFDC69022082270020E2
:108FF000F193001089940010D4690220618E001052
:10900000A98E001008B500F0DFF9BDE80840FFF7B1
:1090100073BF00BF4FF0E0234FF08052C3F8042D20
:10902000BFF34F8FBFF36F8F704700BF836913F893
:10903000023C662B00D070474FF0E023D3F8882D18
:1090400042F47002C3F8882DD3F8342F42F0404226
:10905000C3F8342F00F094B92DE9F04F4FF0113ED2
:109060004FF0807440E909E34FF0073340F8044CB7
:10907000164C40F8343C40E903424FF005334FF0C2
:1090800006324FF0123B40E90F324FF0033A4FF0F7
:1090900002394FF001384FF010374FF009364FF0DA
:1090A00008354FF004346FF0020340E905AB40E9A6
:1090B000078940E90B6740F8305C40F8404C40F8C5
:1090C000443C40F8481DBDE8F08F00BF918E001071
:1090D00070B50E20F9F730FF0F20F9F72DFF0121B1
:1090E000032003F025F8024601234FF050410024ED
:1090F00052B2084E9340084D32700848C1F88C3186
:10910000C1F884312C7002F0EFFFFFF7F5FE204626
:1091100070BD00BF8127002082270020059000102D
:10912000EFF305830F2B84BF014A9B5C704700BFA0
:10913000F0E300E0094B1B78FF2B0BD0EFF3058326
:10914000DBB22BB14FF05042106800EB4300704788
:1091500001F06CBF4FF05043186870478227002021
:10916000144B02681B78FF2B06D10023C2E88F3F07
:1091700081F3108820BF704710B5002382B0C2E889
:109180008F3F81F310884FF0FF34012201680A48B5
:109190000094091A0948A0FB01C0000900EB400037
:1091A000A1EBC001064802FA01F1006800F0BEF927
:1091B00002B010BD822700209CDD0020ABAAAAAA25
:1091C000586A022010B51F4B8E461B7882B0FF2BC9
:1091D0002ED04FF0010C02681B4BD21A1B4BA3FB85
:1091E00002131B0903EB4303A2EBC3020CFA02F1C7
:1091F00040BF00240368C3E88F4F8EF31088EFF35D
:109200000583134ADBB2106823B902B0BDE81040F1
:1092100000F0F2B901AA019400F026FA019B2BB1EB
:109220004FF0E0234FF08052C3F8042D02B010BD80
:1092300040BF00230268C2E88F3F81F3108802B06C
:1092400010BD00BF822700209CDD0020ABAAAAAA87
:10925000586A02202DE9F041364C064694F800C0C9
:109260000F46BCF1FF0F14461D4682B050D0FAF7EE
:1092700075FE40F2E733B4EB000C65EB01011CEB2B
:10928000030041F10001B0F57A7F71F10003D6F8D7
:1092900000801DDA0023C8E88F3F87F31088264B33
:1092A0005A6A95420DD94FF0E0234FF08052C3F82F
:1092B000042DBFF34F8FBFF36F8F002002B0BDE8C6
:1092C000F0819B6AA34230D3012002B0BDE8F08157
:1092D0004FF47A72002318F0FBFA0028DAD000234A
:1092E000C8E88F3F87F31088012200903168134847
:1092F000091A1348A0FB0160000900EB4000A1EB34
:10930000C001104802FA01F1006800F00FF9C6E749
:1093100000230268C2E88F3F81F310882046294667
:1093200002B0BDE8F041FAF795BD9542BBD00120EF
:10933000CBE700BF8227002000000B409CDD00200F
:10934000ABAAAAAA586A022008B5034800F0DEF8C2
:10935000024B186008BD00BFA46A0220586A0220B0
:1093600001234FF05042034991F900108B40C2F89D
:1093700080317047812700200000000000000000BD
:109380000BA10CC9126853F82210086806C881F3B3
:109390000B88022181F31488203080F30988BFF301
:1093A0006F8F4FF0000080F311881047AFF30080FB
:1093B000000000D074E6002062B661B6BFF34F8FA4
:1093C000BFF36F8F66DF00BFEFF311804FF0100126
:1093D00081F31188BFF34F8FBFF36F8F704700BFCA
:1093E00080F31188BFF34F8FBFF36F8F704700BFBB
:1093F000EFF309811EF0100F08BF21ED108AEFF383
:109400000B82734621E9FC0F55FC084457FC0964A4
:1094100059FC0A8401E9F00319A00CC8106853F83C
:10942000203019604FF0100181F31188BFF34F8F86
:10943000BFF36F8F01F03CFB4FF0000080F3118809
:109440000FA10CC9126853F8221008681838B0E848
:10945000F00345EC004447EC016449EC0284B0E8B9
:10946000FC0F13F0100F08BFB0EC108A82F30B88CA
:1094700080F30988184700BFAFF30080AFF3008086
:10948000000000D074E600201EF0040F0CBFEFF3C4
:109490000880EFF309800149084700002D90001073
:1094A0002DE9F04106460C4600F10C0801F0C6F922
:1094B000D6F800C0356944EA0C03A845336020D0D3
:1094C0009C4600270AE033B1D30148BF274302F08E
:1094D0001DFAD6F800C0A845634610D02846026899
:1094E00043F0007122F07F4412F0806F6D6803EA50
:1094F0000403E8D09C42E7D0A8456346EED12CEAAD
:1095000007033360BDE8F04102F0C4B9202310B571
:1095100082B00446019330B1002340F8043B00F0D0
:10952000B1F801232377204602B010BD2DE9F041A8
:1095300080460D461E46174601F080F9D8F80040D7
:1095400004EA050356B933B33FB324EA0505C8F866
:10955000005002F09FF92046BDE8F0819D42F3D013
:10956000069BD3B1391E18BF01211A46090641F0E6
:109570008061294308F1040001F03EFC02F08AF901
:1095800030B302F029FB8301044611D524F07F4457
:109590002046BDE8F081069B23B902F07BF9204606
:1095A000BDE8F081391E18BF01211A460906E0E71F
:1095B00001F0BCFDD8F8004005EA04035EB923B110
:1095C0001FB124EA0505C8F8005002F087FADDE76C
:1095D00001F09AFDD5E79D42F7D1F1E770B5054658
:1095E0000C4601F0A3FD2E6826EA04042C6002F06C
:1095F00075FA304670BD00BF2DE9F04106460C46B5
:1096000000F10C0801F01AF9D6F800C0356944EAF7
:109610000C03A845336020D09C4600270AE033B1F4
:10962000D30148BF274302F071F9D6F800C0A8451E
:10963000634610D02846026843F0007122F07F4450
:1096400012F0806F6D6803EA0403E8D09C42E7D013
:10965000A8456346EED12CEA0703336002F01AF9FD
:109660003068BDE8F08100BF8C4600B586461346E1
:109670007146624602485DF804EB02F0D1BC00BFBF
:10968000A19400104FF0FF31002200F10803C0E95F
:109690000131C0E903330260704700BF002303615A
:1096A000704700BF10B4D0E9003294680133C1E9BB
:1096B0000124616091605DF8044B086103607047AC
:1096C00030B40D686B1C10D000F108031C465B68B9
:1096D0001A68AA42FAD902684B60013299608C601C
:1096E0006160086130BC0260704704696368F2E73A
:1096F0000346026910B45468406899689C428160CE
:10970000486008BF5160002110685DF8044B0138C3
:1097100019611060704700BF70B51646026C0446B0
:10972000856B2AB9066801354EB31046A56370BD36
:109730008EB9406817F058F96368216CA2680B4431
:109740009342636028BF236805F1010528BF636069
:109750000020A56370BDC06817F046F9226CE3686D
:1097600051429B1A2268E360934202D2A3680B44E1
:10977000E360022E08D001350020A56370BD80682B
:1097800001F064FCA660D1E7012D38BF0125DFE7B9
:109790002DE9F043064685B001F0C8FC96F8453047
:1097A0005DB2002D1CDD06F1240708E0A26BE36B1F
:1097B00003969A423DD36B1EDAB25DB282B1B46CAD
:1097C000002CF3D1736A5BB1384601F0B3FB00287B
:1097D000F1D001F021FC6B1EDAB25DB2002AEED1AD
:1097E000FF2386F8453002F079F901F09FFC96F8E6
:1097F00044305CB2002C14DD06F1100503E0631E5A
:10980000DAB25CB26AB133695BB1284601F092FB0F
:109810000028F4D001F000FC631EDAB25CB2002A2A
:10982000F1D1FF2386F8443005B0BDE8F04302F0E3
:1098300055B994F84580226CA36B4FFA88F803F170
:1098400001099AB92368002B3FD0B8F1FF3FC4F853
:1098500038902ED1636A002BADD004F1240001F0C2
:1098600069FB0028A7D001F0D7FBB4E7606803A923
:1098700017F0BAF86368226CC4F838901344A268F1
:10988000636093420ED32368B8F1FF3F6360E1D079
:1098900000F0E2FF40458ED908F101035BB284F885
:1098A000453088E7B8F1FF3FF2D1636A002B82D0E0
:1098B000D3E700F0D1FF8045BFF47DAF08F1010888
:1098C0004FFA88F884F8458075E7A068019301F0A5
:1098D000BDFB019BB8F1FF3FC4F83890A3608146FF
:1098E00008D1636A9BB9B9F1000F3FF464AF01F08E
:1098F00093FB70E700F0B0FF4045F4D908F1010395
:109900005BB284F84530B9F1000FF0D153E704F1B0
:10991000240001F00FFB00287FF45BAFE3E700BFFA
:10992000F0B5846C83B0A26BE36B01909A4203D3D1
:109930000025284603B0F0BD94F84560226CA76B63
:1099400076B2E2B1606801A917F04EF86268236C44
:109950001A44A36862609A4201D3236863600025B9
:109960000137731CA76313D1636A002BE1D004F1A4
:10997000240001F0DFFA002818BF0125D9E7256887
:10998000002DECD1A06801F061FBA5600546E7E77A
:1099900000F062FF8642CCD2013676B284F8456090
:1099A000C7E700BF70B582B09DF8185090B31C4651
:1099B000002B3AD082B3A9B354230193019BA1FB9E
:1099C00000360123C4E90F01226084F84630E6B96D
:1099D00001F0ACFBD4E90F31A663FF2601FB03F3D2
:1099E0002268591A626013440A44C4E9023204F13D
:1099F000100084F8446084F84560FFF743FE04F1EA
:109A00002400FFF73FFE02F069F80023204684F8A7
:109A10005050A36402B070BD51B954230193224643
:109A2000019BCCE7084602B070BD184602B070BD7D
:109A30001046EFE72DE9F041022B84B01F460446A3
:109A40008846019249D000252E4607E002F046F8EC
:109A50002046FFF79DFE01F01DFF012501F066FB8A
:109A6000A26BE06B82424ED30198002860D085B390
:109A700002F034F800F0E2FE01F058FB94F84430B4
:109A8000FF2B08BF84F8446094F84530FF2B08BFD3
:109A900084F8456002F022F801A902A801F082FFD3
:109AA00000284BD101F042FBA26BE36B9A42CDD16F
:109AB00002F014F8019904F1100001F083F9204636
:109AC000FFF766FE01F0E6FE0028C6D101F01CFBA0
:109AD000C3E702A801F094FACAE701F027FB3A466F
:109AE00041462046A36BA56BFFF716FEA36C9BB106
:109AF0001DB92046FFF714FFB8B901F0EFFF0120B0
:109B000004B0BDE8F0813A4641462046A36BFFF71A
:109B100003FEA36C002BECD1636A002BECD004F1A4
:109B2000240001F007FA0028E7D001F0EDFAE4E79D
:109B300001F0D4FF002004B0BDE8F0812046FFF71B
:109B400027FE01F0A7FEF5E72DE9F843044690460D
:109B50001D460F46FFF7E4FA01F076FFA26BE36BB8
:109B600006469A4208D3022D06D00024304602F061
:109B700001F82046BDE8F883394694F845702A4636
:109B800020467FB2D4F83890FFF7C6FD7B1C17D172
:109B9000A36CFBB1022D02D1B9F1000F09D120460F
:109BA000FFF7BEFE28B1B8F1000F02D00123C8F8BC
:109BB00000300124304601F0DDFF2046BDE8F88387
:109BC00000F04AFE8742F4D201377FB284F8457034
:109BD0000124EFE7636A002BEBD004F1240001F0CD
:109BE000A9F90028DFD1E4E7F0B5044685B00F46B7
:109BF000019201F09BFAA56B002D53D1019BA3B3F9
:109C000002A801F0FDF92E4601F068FF00F016FEF3
:109C100001F08CFA94F84430FF2B08BF84F84460BC
:109C200094F84530FF2B08BF84F8456001F056FFDB
:109C300001A902A801F0B6FEE0B901F077FAA36B22
:109C40002BBB01F04BFF019904F1240001F0BAF89D
:109C50002046FFF79DFD01F01DFE00B301F066FAFE
:109C6000A56BFDB9019B002BCED101F037FF002081
:109C700005B0F0BD2046FFF78BFD01F00BFE01F0B3
:109C800055FAA36B002BF0D001F028FFE6E701F0B6
:109C900025FF2046FFF77CFD01F0FCFDDEE701F02B
:109CA00033FADBE7226C5AB1E168A36811449942A8
:109CB000E16028BF2168384628BFE16016F094FEB5
:109CC0002369013DA56323B901F008FF012005B018
:109CD000F0BD04F1100001F02DF90028F4D001F0DE
:109CE00013FAF1E710B5044601F020FAA46B01F075
:109CF000F5FE204610BD00BF002955D0444B5A68E0
:109D0000904272D01A6810B4002A2CD0DA689042BF
:109D10007BD09A68002A41D05A69904273D01A6960
:109D2000002A42D0DA69904265D09A69002A42D06E
:109D30005A6A904244D01A6A002A45D0DA6A9042A0
:109D40005BD09A6A002A44D05A6B904257D01A6B63
:109D5000002A43D0DA6B904253D09B6B002B42D049
:109D60005DF8044B7047DA6890424ED05A699042D1
:109D700049D01A46DC69A0423DD05C6AA0421FD09F
:109D8000DC6AA04239D05C6BA04238D0DC6BA042C8
:109D900037D0C2E900105DF8044B70475A69904211
:109DA00031D003F10802E5E77047DA69904222D02A
:109DB00003F11002E1E75A6A904201D0154ADFE749
:109DC000042203EBC202E4E7DA6A904215D0124A99
:109DD000D9E75A6B904212D0104AD7E7DA6B90421B
:109DE0000FD00F4AD5E70F4AD3E7002203EBC20298
:109DF000C2E9001070470322E3E70522E1E70622EB
:109E0000DFE70722DDE70222DBE70122D9E700BF17
:109E1000E02E0020F82E0020002F0020082F002028
:109E2000102F0020182F002070B504460E4615464E
:109E300001F07CF994F84430FF2B04BF002384F830
:109E4000443094F84530FF2B04BF002384F845309C
:109E500001F044FEA36B23B12046BDE87040FFF73C
:109E600097BC04F124002A46314601F015F820463B
:109E7000BDE87040FFF78CBC064C08B5FFF7CAF888
:109E80002368022B00D8FEE7FFF7C4F82368022BF3
:109E9000FAD8F8E790E60020F8B5836B002B02DBD8
:109EA000836B012B16DD324C036B26685A1E276824
:109EB00023689B6B002B03DB23689B6B012B0ADD64
:109EC0006668656863689B6B002B03DB63689B6B4C
:109ED000012B20DDF8BD27490D68002DF0D1FF6B67
:109EE000336B07F001069B1B9A42E9DB4668F607D5
:109EF000E6D5D4F804C067686268926B002A1ADB62
:109F00006268926B012A16DC4E68A6B91A46FD6B90
:109F1000DCF8303007E017494B68002BDAD1336B9F
:109F20004FF0FF36ED6B05F001055B1B934219DD29
:109F30000136CFD000254FF050431B689D420DD015
:109F400054F825309B6B0233C4D02846FFF708FA3B
:109F50006FF0010254F825309A63F8BD012341F8EF
:109F60002530F8BD43689B07E2D50125E3E700BF34
:109F700074E600204C6B02204FF050411B4B0A68E6
:109F800053F8220000282CD053F82200013843F85F
:109F900022000A6853F822301BBB10B51449154B38
:109FA00053F822400B78013BDBB20B702BB91248FF
:109FB00000F81230114AC2E88F3F4FF050424B7800
:109FC0001068013BDBB24B7033B90B4A0C4902EB12
:109FD00040025370C1E88F3F0020FFF701FA0CB92F
:109FE00010BD7047BDE81040FFF714B8D4690220D7
:109FF000306902204C6B02202C690220AADD00206F
:10A00000ABDD00202DE9F8430D460A9C4FEA82099A
:10A010004A460646A521606B1F46DDF8248016F0EF
:10A02000A3FA636BA9F104094B4423F00709C4F8B0
:10A030005090002D3ED02B7884F84030002B36D045
:10A040006B7884F8413093B3AB7884F8423073B3C3
:10A05000EB7884F8433053B32B7984F8443033B32E
:10A060006B7984F8453013B3AB7984F84630F3B19B
:10A07000EB7984F84730D3B12B7A84F84830B3B108
:10A080006B7A84F8493093B1AB7A84F84A3073B173
:10A09000EB7A84F84B3053B12B7B84F84C3033B1DE
:10A0A0006B7B84F84D3013B1AB7B84F84E300023CA
:10A0B00084F84F30089D04F108001F2D28BF1F258C
:10A0C0002563E565FFF7EAFAC5F1200504F11C00F8
:10A0D000FFF7E4FA3B4632464846616BE56164614E
:10A0E000A462FEF7B9FF4FF0FF320A4B20609E4298
:10A0F000A26309D0084B9E4206D0B8F1000F01D0F0
:10A10000C8F80040BDE8F883E36B43F00103E36364
:10A11000F3E700BF29A50010799E00104FF05042D0
:10A12000504B12682DE9F047DFF844914E4CDFF8B0
:10A13000448153F822604D4D40E0DFF83CA10020FF
:10A14000FFF74EF9FFF740F94FF050431B68DAE88C
:10A15000CF2F0121002A01D1CAE8421FBFF35F8F30
:10A16000002A50D15B000122434462705A704FF0C4
:10A1700050431A68D5E8CF3F0121002B01D1C5E833
:10A18000431FBFF35F8F73B118F81230002B4BD110
:10A19000D5E8CF1F01230029FAD1C5E8413F0029A6
:10A1A000F6D1BFF35F8F0123237008F812304FF010
:10A1B00050431A6849F82270002F40D0B36B023325
:10A1C0004ED14FF050410A6859F822706FB1002308
:10A1D00049F8223023780A68013BDBB2237023B9A7
:10A1E00008F81230C5E88F3F0A686378013BDBB29C
:10A1F0006370002BA1D108EB4202DFF87CA0537002
:10A20000CAE88F3F9BE708EB430252785B0012BB22
:10A21000DAE8CF1F01220029FAD1CAE8412F00292C
:10A22000F6D1BFF35F8F9EE723780133DBB2237053
:10A230004FF050431A6849F82270002FBED11A68B7
:10A240002378013BDBB22370002BB7D108F81270E2
:10A25000C5E88F7F6FE763780133DBB2637086E711
:10A26000BDE8F08774E6002030690220AADD0020F6
:10A27000D46902202C690220ABDD0020F8B5FFF77D
:10A28000A3F84FF050420646354B1268D3E8CF1F73
:10A290000120002901D1C3E8410FBFF35F8F314D89
:10A2A00000293ED1510001232F4C294463704B708B
:10A2B0002E4F3B68002B45D04FF050432C4A196875
:10A2C000D2E8CF3F0120002B01D1C2E8430FBFF3FA
:10A2D0005F8F73B115F81130002B3CD1D2E8CF0F4E
:10A2E00001230028FAD1C2E8403F0028F6D1BFF38D
:10A2F0005F8F0123237005F811304FF050413B6808
:10A3000001333B6023780968013BDBB223701BB942
:10A3100005F81130C2E88F3F3046BDE8F840FFF73E
:10A320005FB8510005EB4202527872B9D3E8CF0F03
:10A3300001220028FAD1C3E8402F0028F6D1BFF34C
:10A340005F8FB0E7FFF7EAFEB6E7074C63780133AB
:10A35000DBB26370ACE723780133DBB22370CCE768
:10A36000ABDD00202C69022030690220FC6902204C
:10A37000AADD00202DE9F843614C624D624EDFF802
:10A38000A481624F2368002B42D0FFF71DF82B6891
:10A3900093B14FF050431B6856F82320002A40D059
:10A3A0004FF0504156F82320013246F823200B6825
:10A3B00056F82330012B2DD023680BB3544BDB68A8
:10A3C000D3F80C90D9F83830013340F08A8009F185
:10A3D0000800FFF78DF94F4A1368013B13602368AB
:10A3E000013B23602B680BB1FFF7C6FD99F887305E
:10A3F000002B7DD0012BC5D1484601F09FFFC1E75E
:10A400002B68002BBED0FFF7B7FD2368002BBCD113
:10A41000BDE8F883D8F80030002BCDD1FFF77EFEE1
:10A42000CAE7D7E8CF2F0121002A01D1C7E8421F90
:10A43000BFF35F8F002A35D1374A590001233748CF
:10A44000114443704B704FF0504C354BDCF800100A
:10A45000D3E8CFEF5FF00109BEF1000F01D1C3E8EF
:10A460004E9FBFF35F8FBEF1000F12D012F811E0C4
:10A47000BEF1000F2ED1D3E8CFEF5FF0010CBEF19B
:10A48000000FF8D1C3E84ECFBEF1000FF3D1BFF3F8
:10A490005F8F01234FF0504C037002F81130DCF84D
:10A4A00000307DE71C4A590002EB43035B785BB93F
:10A4B000D7E8CF0F01230028FAD1C7E8403F002892
:10A4C000F6D1BFF35F8FB9E7144843780133DBB2AD
:10A4D0004370B8E703780133DBB20370DCF8003077
:10A4E0005EE72B68002B93D0BDE8F843FFF744BD2F
:10A4F000D9F8340001F022FF484601F01FFF41E780
:10A50000F8690220986A0220D4690220ABDD00209D
:10A510002C6B0220F46902202C6902203069022091
:10A52000AADD0020FC69022008B5FEF773FD044C8B
:10A53000FFF720FF2368022BFAD9FEF76BFDF7E740
:10A5400090E600202DE9F84F4FF05045464A474B22
:10A55000474C0F46D4F800A0464ED2F8008004467F
:10A56000D3F80090FEF730FF2B6856F823B0FEF7C3
:10A5700037FF00238BF88830FEF726FF2B6856F84C
:10A5800023B0FEF72DFF0BF10800FFF7B1F8631CB5
:10A5900000D18FBB4FF050451AEB04042CBF0127AC
:10A5A0000027FEF711FF2B6856F823A0FEF718FFCF
:10A5B000CAF8084097B9FEF707FF2B6856F82350F2
:10A5C000FEF70EFF404605F10801FFF779F82A4B28
:10A5D0001A68A24288BF1C60BDE8F88FFEF7F4FE3F
:10A5E0002B6856F82340FEF7FBFE484604F10801AD
:10A5F000BDE8F84FFFF764B8204C6768FEF7E4FE4B
:10A600002B6856F82380FEF7EBFEC8F80C70FEF7B7
:10A61000DBFE2B6856F82380FEF7E2FEBB68C8F825
:10A620001030FEF7D1FE2B6856F82380FEF7D8FED7
:10A63000BA6808F108035360FEF7C6FE2B6856F8A7
:10A640002380FEF7CDFE08F10803BB60FEF7BCFED9
:10A650002B6856F82350FEF7C3FE2368AC61013324
:10A660002360BDE8F88F00BF80E6002088E6002068
:10A67000406B022074E60020706A0220186B0220F2
:10A680002DE9F041644E04460D46FEF79DFE336809
:10A690009BB14FF05043614A1B6852F823100029C8
:10A6A00035D04FF0504052F82310013142F82310BA
:10A6B000036852F82330012B16D0ECB1336862687E
:10A6C00065604BB1A36B002B02DBA36B012B65DD37
:10A6D00025EA0205AB075DD133681BB1BDE8F04147
:10A6E000FFF74ABCBDE8F0814D4B1B68002BE4D15D
:10A6F000FFF714FD002CE1D1FEF766FE4FF050424B
:10A70000484B126853F82240FEF76AFED6E74649E6
:10A71000D1E8CF0F0127002801D1C1E8407FBFF366
:10A720005F8F002852D141484FEA430C0123404932
:10A7300084444B708CF801304FF0504C3D4BDCF8AA
:10A740000070D3E8CFEF5FF00108BEF1000F01D138
:10A75000C3E84E8FBFF35F8FBEF1000F12D010F829
:10A7600017E0BEF1000F49D1D3E8CFEF5FF0010C45
:10A77000BEF1000FF8D1C3E84ECFBEF1000FF3D108
:10A78000BFF35F8F01230B7000F817304FF0504379
:10A790001B6886E72046FFF77FFB9DE7A46BE5403B
:10A7A000EA0799D44FF050431B689C4221D01D4DBD
:10A7B00055F824309B6B02338ED02046FEF7D0FD37
:10A7C0006FF0010255F824309A6385E717484FEA85
:10A7D000430C00EB43035B78BBB9D1E8CF7F012387
:10A7E000002FFAD1C1E8473F002FF6D1BFF35F8FAA
:10A7F0009CE70122104B43F824206DE70B780133CE
:10A80000DBB20B70DCF800304BE709494B780133C1
:10A81000DBB24B7090E700BF986A0220D469022037
:10A82000FC69022074E60020ABDD00202C690220C8
:10A8300030690220AADD00204C6B0220024B1B680D
:10A8400003B97047FFF71ABD986A0220014B1868D8
:10A85000704700BF406B0220014B1868704700BF73
:10A86000F46902202DE9F84F864B1B685BBB864BD1
:10A870001D6801351D6075B3DFF82C82D8F80030F3
:10A88000AB4240D9814C824D2B681B6B03EB830399
:10A8900054F82330012B6B681B6B03EB830354F8D4
:10A8A000233040F29A80012B4FF050431E6840F253
:10A8B000AE80002E00F0D6802B689B6B023300F038
:10A8C000B9800124A9E00024724A1368013313609F
:10A8D0002046BDE8F88F704B704A186811681960FF
:10A8E0006F4910600A6801320A601A681268002A0B
:10A8F0007FD14FF0FF33DFF8B081C8F80030D8F8CF
:10A900000030AB42BED8DFF89091D9F800301B6818
:10A91000002B00F0A98000265C4CDFF890B14EE0DF
:10A92000D3F818E0D3E90372BA60DF6818465760BD
:10A93000DEF804208A4204BF1A69CEF80420DEF84B
:10A9400000209E61013ACEF80020D3F82CE0BEF141
:10A95000000F11D0D3E90872BA601F6A5760DEF8A1
:10A960000420624504BF5A6ACEF80420DEF80020B5
:10A97000DE62013ACEF800201A6BDBF800E002EB51
:10A98000820C724504EB8C0E88BFCBF80020DEF8F9
:10A990000420DA60D2F808A0C3F810A0CAF80410A6
:10A9A000916054F82C20C3F818E0013244F82C20B0
:10A9B000FFF772FAD9F800301B68002B55D0D9F890
:10A9C0000030DB68DB689A6803F10801954203F107
:10A9D0001C0CA5D2C8F8002055E7012B11D94FF067
:10A9E0005042304B16681B6823B3002E7FF464AFCF
:10A9F00038E01B68DFF8B080DB681B68C8F80030FF
:10AA00003CE74FF05041274B0E681A6872B136B3DD
:10AA10002B689B6B023308D000240020FEF7A0FCBB
:10AA20006FF001022B689A6324B91E4B5C68002CFE
:10AA30003FF44EAF012E1DD000244FF050431B6851
:10AA4000012B1BD06B689B6B02333FF441AF01209D
:10AA5000FEF786FC6FF001026B689A6338E7114BD2
:10AA60005B683BB10124E8E7084C4FF0FF33C8F8BE
:10AA7000003008E701242046BDE8F88F094A5360FA
:10AA800026E700BFFC690220406B022090E6002010
:10AA900074E60020806A022080E6002088E600201C
:10AAA000746A02204C6B0220706A0220046A022041
:10AAB0002DE9F84F4FF050430446DFF8A0A21B6881
:10AAC000DAE8CF2F0121002A01D1CAE8421FBFF3E3
:10AAD0005F8FDFF88C82002A4CD15A0001239A4EF6
:10AAE0004244737053704FF05043DFF878921A6805
:10AAF000D9E8CF3F0121002B01D1C9E8431FBFF3A3
:10AB00005F8F7BB118F81230002B40F0B180D9E88C
:10AB1000CF1F01230029FAD1C9E8413F0029F6D10E
:10AB2000BFF35F8F0123337008F81230874B1B6827
:10AB3000002B31D001214FF05043854A42F82410B8
:10AB4000D3F800C03378013BDBB233701BB908F88F
:10AB50001C30C9E88F3F4FF0504273781268013BB8
:10AB6000DBB2737023B908EB42025370CAE88F3F1F
:10AB7000BDE8F88F5A0008EB43035B78002B7CD1CB
:10AB8000DAE8CF1F01230029FAD1CAE8413F0029A2
:10AB9000F6D1BFF35F8FA1E76D4A6E4D42F82430C6
:10ABA0006D4ADFF8C4B1176855F82430996955F833
:10ABB00024301B6B03EB83030BEB8303994268D0B8
:10ABC000012007EB87030BEB830319680833A040D0
:10ABD00051B91168143B01391160002F54D053F85A
:10ABE000081C013F0029F4D0B446596899422DD081
:10ABF000BE4606E055F82460B2422FD0496899421B
:10AC000023D0CA68966B771CF4D157683842F5D0C8
:10AC10006346944632461E464FF0504355F8241082
:10AC20008A6355F82410CCF8384045F824C0D3F88E
:10AC300000C039B1086B8B6900EB80070BEB870B09
:10AC40005B4539D055F82C307CE77746143BD7B1BB
:10AC500053F8082C013F002AF8D0C6E75668304266
:10AC6000CCD04FF0504394636646D3F800C0E9E778
:10AC700033780133DBB2337058E7334E73780133E6
:10AC8000DBB273702FE766464FF05043D3F800C035
:10AC9000D8E755F824000830FEF72AFD55F824308F
:10ACA00055F82410186B083100EB80000BEB800086
:10ACB000FEF7F8FC284A83E74B68C96B01F00101F5
:10ACC000411A23FA04F0C70704D555F82400406858
:10ACD00023EA00039C0703F0030064D568686C68EE
:10ACE000006BE46B03F0010304F00104001B8142DC
:10ACF0003CDC002BA6D02B6828681B6BC06B00F0D7
:10AD000001001B1A99429DDD2B689B6B002B99DB80
:10AD10002B689B6B012B4EDD013293D001246445DF
:10AD200044D055F824309B6B02338BD02046FEF77D
:10AD300017FB6FF001014FF0504355F82420916349
:10AD4000D3F800C07EE700BF30690220FC69022012
:10AD50004C6B022074E60020046A0220ABDD002068
:10AD60002C690220AADD002090E600206C68A46B0C
:10AD7000002CBEDB6C68A46B012CBADC104C646840
:10AD8000002CB6D1002BC9D02B6829681B6BC96B6E
:10AD900001F001015B1A9842C0DD2B689B6B002B10
:10ADA000BCDB0122B4E70028A5D14BE70123044A0C
:10ADB00042F82C3068E7024B1C68002CAFD0ABE7A0
:10ADC0004C6B022070B50C460546FEF7FDFA4FF0BD
:10ADD0005042084B126853F82260FEF701FB2846E8
:10ADE00006F11C01FEF76CFC2046BDE87040012115
:10ADF000FFF7A8BB74E600202DE9F8434FF050465A
:10AE00000F4604469046234DFEF7DEFA336847F0BE
:10AE1000004755F82390FEF7E3FAC9F81C706768FD
:10AE2000FEF7D2FA336855F82390FEF7D9FAC9F83D
:10AE30002070FEF7C9FA336855F82390FEF7D0FA70
:10AE4000BB68C9F82430FEF7BFFA336855F8239081
:10AE5000FEF7C6FABA6809F11C035360FEF7B4FAAC
:10AE6000336855F82390FEF7BBFA09F11C03BB6069
:10AE7000FEF7AAFA336855F82350FEF7B1FA01211C
:10AE8000236840460B44EC622360BDE8F843FFF7BB
:10AE900059BB00BF74E600202DE9F0474FF0504643
:10AEA000044617468946D0F80480214DFEF78CFAF7
:10AEB000336855F823A0FEF793FACAF82080FEF70E
:10AEC00083FA336855F823A0FEF78AFAD8F80830D9
:10AED000CAF82430FEF778FA336855F823A0FEF755
:10AEE0007FFAD8F808200AF11C035360FEF76CFAC9
:10AEF000336855F823A0FEF773FA0AF11C03C8F86B
:10AF00000830FEF761FA336855F82350FEF768FA07
:10AF10002368002F03F10103EC62394608BF48465D
:10AF2000236018BF4FF0FF30BDE8F047FFF70ABBC2
:10AF300074E60020C36870B5D868C36AD0E9081207
:10AF40008A60056A5C685560002500F11C018C422E
:10AF500008BF426A254C08BF5A601A682468013A43
:10AF6000C5621A60002C35D1D0E9031283698A606A
:10AF7000C468596800F108055460A94208BF026915
:10AF80001B4908BF5A601A68013A1A60036B0A68C5
:10AF90009342184A88BF0B6003EB83034FEA830C8C
:10AFA00002EB83035C6852F80C10C460A6680131A0
:10AFB00006617560A560836142F80C10FEF76CFFB6
:10AFC0004FF050420C4B126853F82200003818BF63
:10AFD000012070BD094B5C680462A2684262516046
:10AFE0001A68A1600132C3621A60E7E7FC690220B7
:10AFF000046A022090E600204C6B0220846A022042
:10B00000034A044B12681B68C0E90023704700BF65
:10B01000746A0220406B02204FF050420121024B23
:10B02000126843F8221070474C6B022010B5FEF7EF
:10B03000CBF94FF05042044B126853F82240FEF710
:10B04000CFF9204610BD00BF74E6002058B1036E52
:10B05000016BC26D013B914270B50446036600D09E
:10B060001BB1002070BD0020704700F10805284684
:10B07000FEF73EFB204AE36D116823638B4288BFD5
:10B0800013601E4AC3F1200003EB83034FEA830CD5
:10B0900002EB8303E061586852F80C10E0608668A8
:10B0A0000131266175608560A36142F80C10A36BC5
:10B0B000002B02DBA36B012B01DD012070BD4FF0E3
:10B0C0005043A26B1B689A4210D0A36B0C4D55F8ED
:10B0D00023309B6B0233F0D0A06BFEF741F96FF089
:10B0E0000102A36B55F823309A63E6E70121A26BB6
:10B0F000044B43F82210E0E7046A022090E60020A7
:10B1000074E600204C6B02204FF05043054A1B6848
:10B1100052F8232022B10121034A42F8231070473C
:10B12000FDF778BFD46902204C6B022038B5FEF7DA
:10B130004BF93E4B1B6893B14FF050433C4A1B68A0
:10B1400052F82310A1B14FF0504052F823100131B2
:10B1500042F82310036852F82330012B00D038BD89
:10B16000344B1B68002BFAD1BDE83840FEF7D6BF40
:10B170003149D1E8CF0F0124002801D1C1E8404F67
:10B18000BFF35F8F002831D12C484FEA430C0123D5
:10B190002B4984444B708CF801304FF0504C294BB4
:10B1A000DCF80040D3E8CF5F5FF0010E002D01D145
:10B1B000C3E845EFBFF35F8F85B110F81450002D41
:10B1C00027D1D3E8CFCF0125BCF1000FF9D1C3E8D7
:10B1D0004C5FBCF1000FF4D1BFF35F8F01234FF040
:10B1E00050450B7000F814302B68ACE713484FEA59
:10B1F000430C00EB43035B7893B9D1E8CF4F0123B5
:10B20000002CFAD1C1E8443F002CF6D1BFF35F8F88
:10B21000BDE70B780133DBB20B70DCF8003092E74E
:10B2200007494B780133DBB24B70B6E7986A0220CE
:10B23000D4690220FC690220ABDD00202C690220C9
:10B2400030690220AADD00202DE9F0410546FFF714
:10B250006DFF2E4A2E4F1368013313603B6853B3C2
:10B260002C4E2D4B05F108041A6801326A651A60EC
:10B270002A4A2B6B11688B4288BF136003EB830350
:10B28000980006EB830359683258E960D1F808C08A
:10B29000D7F800E00132C5F810C0CCF804408C604B
:10B2A000AB613250BEF1000F2CD13B6843B3BDE817
:10B2B000F041FEF761BE1368164E012BD1D1344622
:10B2C00006F5207820461434FEF7DCF94445F9D120
:10B2D000DFF86480124C4046FEF7D4F92046FEF7B2
:10B2E000D1F91048FEF7CEF90F48FEF7CBF90F4819
:10B2F000FEF7C8F90E4BC3F800800E4B1C60B0E798
:10B30000BDE8F0812846FEF7C7FDCEE7F4690220CC
:10B31000986A022090E60020006A0220046A022057
:10B32000446A0220846A02202C6B0220186B0220DF
:10B3300080E6002088E60020306A02202DE9F047F0
:10B340008C2682B00C9C01969846DDF82C90019BCF
:10B35000002C00F09580B9F1000F00F08D8092462E
:10B36000074632460D462046002115F0FDF802231F
:10B370000AFA03F632464846A52184F88730C4F815
:10B38000349015F0F1F8606B043E304420F007066D
:10B390002665002D3ED02B7884F84030002B36D027
:10B3A0006B7884F8413093B3AB7884F8423073B350
:10B3B000EB7884F8433053B32B7984F8443033B3BB
:10B3C0006B7984F8453013B3AB7984F84630F3B128
:10B3D000EB7984F84730D3B12B7A84F84830B3B195
:10B3E0006B7A84F8493093B1AB7A84F84A3073B100
:10B3F000EB7A84F84B3053B12B7B84F84C3033B16B
:10B400006B7B84F84D3013B1AB7B84F84E30002356
:10B4100084F84F300A9D04F108001F2D28BF1F2516
:10B420002563E565FEF73AF9C5F1200504F11C0036
:10B43000FEF734F943463A463046616B6461E56194
:10B44000A462FDF709FE4FF0FF320F4B20609F42D0
:10B45000A2630CD00D4B9F4209D04FF0FF33204622
:10B460006360FFF7F1FE204602B0BDE8F087E36BB2
:10B4700043F00103E363F0E7484602B0BDE8F0871C
:10B48000204602B0BDE8F08729A50010799E001083
:10B490002DE9F0478C2682B00C9C01969846DDF889
:10B4A0002C90019B002C00F09480B9F1000F00F06B
:10B4B0008C809246074632460D462046002115F004
:10B4C00053F802230AFA03F632464846A52184F8C7
:10B4D0008730C4F8349015F047F8606B043E304470
:10B4E00020F007062665002D3ED02B7884F84030EA
:10B4F000002B36D06B7884F8413093B3AB7884F866
:10B50000423073B3EB7884F8433053B32B7984F82B
:10B51000443033B36B7984F8453013B3AB7984F896
:10B520004630F3B1EB7984F84730D3B12B7A84F805
:10B530004830B3B16B7A84F8493093B1AB7A84F870
:10B540004A3073B1EB7A84F84B3053B12B7B84F8DB
:10B550004C3033B16B7B84F84D3013B1AB7B84F846
:10B560004E30002384F84F300A9D04F108001F2D4F
:10B5700028BF1F252563E565FEF790F8C5F1200576
:10B5800004F11C00FEF78AF843463A463046616BE8
:10B590006461E561A462FDF75FFD4FF0FF320F4B80
:10B5A00020609F42A2630BD00D4B9F4208D00D9BA1
:10B5B00020466360FFF748FE204602B0BDE8F087F2
:10B5C000E36B43F00103E363F1E7484602B0BDE8F3
:10B5D000F087204602B0BDE8F08700BF29A5001023
:10B5E000799E00102DE9F04F30230025354A8FB0A9
:10B5F000354F0A9206A907AA05A80595ADF82C3083
:10B6000006952E46F4F710FEBA46DFF8C480DFF840
:10B61000D0B08C22DDE905470992DDF81C90099B2A
:10B620000896002C3CD0002F3AD00021204614F080
:10B630009BFF02234A464FF0FF3984F8873008AB5E
:10B640006763504601930AA9002302940096FEF70F
:10B65000D9FC2046C4F80490FFF7F6FD089B08F1DA
:10B66000040848F8043C3BB19D634BF8253045B1D4
:10B6700000F07CFC012818D0144B1B680FB0BDE80B
:10B68000F08F3124002307AA06A905A8CDE9056695
:10B69000ADF82C400125F4F7D5FDDFF848A0B8E758
:10B6A00000230B4A42F82530E6E7FDF78DFE0949F5
:10B6B000094A0A4BC1F8009015601E60FDF708FDAD
:10B6C000DAE700BF49444C4529A50010E4330210D5
:10B6D000606A0220706A0220986A0220406B022091
:10B6E00074E60020799E00102DE9F84FFFF71EFD4B
:10B6F0004FF050405A4A5B491368D0F800B0013B04
:10B7000013604B780068013BDBB24B7033B956498C
:10B7100001EB40014B705549C1E88F3F1768002F7E
:10B7200069D1534B186800286ED0524E3368002BF5
:10B7300050D0DFF858C15049F368DB68DA6AD3E9C2
:10B74000080585601C6A506803F11C0E6C6070452A
:10B7500004BF586A50601068DF62013810609A694F
:10B76000D3E903058560D868D2F80480686003F1E6
:10B770000800804508BF1D69DCF800E008BF55607F
:10B780001568013D15601A6B02EB8208724545464B
:10B7900001EB880A3AD9DAF80450CCF80020DD60D1
:10B7A000D5F808E051F82820C3F810E0CEF80400DE
:10B7B000A860C3F818A03368013241F82820002B94
:10B7C000BAD12E4B1A681268002A42D14FF0FF32CC
:10B7D0002B4B1A60DFF8B880D8F8005095B30127DA
:10B7E000284EFFF73FF808B146F82B70013DF8D11D
:10B7F000C8F8005027E00024234B1B680BB1FEF76C
:10B80000BBFB2046BDE8F88F0446F5E7DAF804E014
:10B8100051F82820C3F80CE0DEF808800132C3F8A4
:10B820001080C8F80400CEF80800C3F818A03368E8
:10B8300041F82520002B7FF47FAF104B1A68126867
:10B840003AB9C3E70F4E56F82B40003C18BF01240D
:10B85000D2E71A680A4BD26812681A60BAE700BFCA
:10B86000FC690220306902202C690220ABDD002037
:10B87000F4690220846A022090E6002080E600201D
:10B88000706A02204C6B0220986A0220046A02202F
:10B89000806A0220024B186800B97047FFF724BF86
:10B8A000986A022020B582B038B1154D2B68DBB9FB
:10B8B0000021FEF747FE2B688BB94FF05043114A29
:10B8C0001B6852F823202AB101210F4A42F82310A5
:10B8D00002B020BD02B0BDE82040FDF79BBBFFF7E2
:10B8E00003FF0028E9D0F3E70190FEF7C7FC002131
:10B8F0000198FEF727FE2B68002BDED0EFE700BF94
:10B90000986A0220D46902204C6B0220F8B5D0E975
:10B9100001520027036941F0004101605968C46881
:10B920008142AA60556008BF5A601A68D4E9036171
:10B93000013A07611A60A369B160E26804F1080581
:10B940004A605A681449AA4204BF22695A601A68B8
:10B95000013A1A60236B0A689342104A88BF0B6051
:10B9600003EB8303980002EB83035968E1608E6860
:10B97000266175608D601158A36101311150FFF788
:10B98000D5FB2046FEF788FA054B1B681BB1BDE8C6
:10B99000F840FEF7F1BAF8BD046A022090E60020F4
:10B9A000986A02202DE9F84F04464FF05047DFF81F
:10B9B00094A00D46204EFFF7B9FBDAF80090D4F8BA
:10B9C0000480FDF701FD3B6856F823B0FDF708FD44
:10B9D0009BF8883023BB2B685A1C18D0174A216863
:10B9E0001068814206D06168494503D800232B6066
:10B9F00001240DE0A9EB08018B42F7D91168A3EBF4
:10BA00000903DAF8002043442B60C4E90012002443
:10BA10000B4B1B680BB1FEF7AFFA2046BDE8F88F61
:10BA2000FDF7D2FC3B6856F82340FDF7D9FC002314
:10BA300084F88830DCE700BF74E60020746A0220D6
:10BA4000986A0220406B02201F4B186800B97047AB
:10BA500070B5FDF7B9FC4FF050421C4C136854F818
:10BA6000231029B154F82320013244F8232070BD5B
:10BA70001749D1E8CF5F0126002D01D1C1E8456FFC
:10BA8000BFF35F8F4DB9134D012213490A7005F8BA
:10BA900013204FF050431B68E4E70E4D15F8136078
:10BAA0005EB9D1E8CF6F0122002EFAD1C1E8462F4E
:10BAB000002EF6D1BFF35F8FE6E707490B7801331D
:10BAC000DBB20B701368CDE7986A0220D4690220BC
:10BAD000AADD00202C690220306902201E4B1B6861
:10BAE000002B34D04FF050411C4B0A6853F8220011
:10BAF00000282CD053F82200013843F822000A68AD
:10BB000053F822301BBB10B51549164B53F8224091
:10BB10000B78013BDBB20B702BB9134800F81230E5
:10BB2000124AC2E88F3F4FF050424B781068013BF9
:10BB3000DBB24B7033B90C4A0D4902EB4002537033
:10BB4000C1E88F3F0020FDF74BFC0CB910BD7047DA
:10BB5000BDE81040FDF75EBA986A0220D469022061
:10BB6000306902204C6B02202C690220AADD0020E3
:10BB7000ABDD0020134B1B6803B970474FF05041F9
:10BB8000114B0A6810B453F82240C4B153F8224054
:10BB9000013C43F822400A6853F822307BB90B4934
:10BBA0000B78013BDBB20B702BB9094C094904F847
:10BBB0001230C1E88F3F5DF8044BFDF711BC5DF812
:10BBC000044B7047986A0220D46902203069022031
:10BBD0002C690220AADD0020F8B54FF05046FDF791
:10BBE000F3FB0D4D336855F82340FDF7F9FBE7698A
:10BBF000FDF7EAFB336855F82340FDF7F1FB246BB2
:10BC0000FDF7E2FB3368C4F1200455F82350FDF73B
:10BC1000E7FB3846EC61F8BD74E600202DE9F04FF3
:10BC2000B74FDFF8E4B2DFF8E482B64D87B03B6887
:10BC30001C68002C40F01D81FEF700FEFEF706FE9A
:10BC4000DBF800308146834248D8D8F80030CBF882
:10BC500000001A68B2FA82F252092868A4EB0901BE
:10BC6000FEF7E2F8FFF716FE002800F0248100231B
:10BC7000CDE90233CDE904330022286802A9FDF79B
:10BC8000B3FF0028D3D0029B0498002BC0F2E980B8
:10BC9000DDF810A0DAF814301BB10AF10400FDF74A
:10BCA00027FDFEF7D3FDDBF800300190984243D327
:10BCB000DDE90123013BCBF80020082BDCD8DFE8CD
:10BCC00003F06161C0A5C76161C0A50022F0010257
:10BCD0008AF828205046DAF8203098473B681A68DE
:10BCE000002A00F0D880DA68D2F80CA014680AF1B3
:10BCF00004063046FDF7FCFC9AF828205107E5D5EC
:10BD000003E05046DAF820209047DAF81820CAF805
:10BD100010A01119A418CAF80410F2D33146D8F8AB
:10BD20000000FDF7CDFCD5E721F0010189F82810CE
:10BD30004846D9F8203098473B681968002900F038
:10BD4000B480D968D1F80C900C6809F1040630462B
:10BD5000FDF7CEFC99F828104807E5D503E04846E2
:10BD6000D9F820108847D9F81810C9F81090081988
:10BD70006418C9F80400F2D33146D8F80000FDF782
:10BD80009FFCD5E79AF828000399DAF81840019A41
:10BD90000B1940F001068AF828602CBF0126002606
:10BDA0009342CAF80430CAF810A000F28780511AF2
:10BDB0008C423FD8410712D420F001008AF82800B5
:10BDC0005046DAF82030984756E78C4200F2C68099
:10BDD000DAF82030504698473346DAF81840019A8E
:10BDE000E6182CBF01200020B242A2EB0301CAF8E2
:10BDF0000460CAF810A0E8D29A4201D20028E7D025
:10BE000038680AF10401FDF75BFCD9E70399019A50
:10BE10009AF82830881843F0010390428AF82830B5
:10BE2000CAF81810CAF80400CAF810A04BD80029A4
:10BE30003FF422AFD8F800000AF10401FDF740FCFE
:10BE40001AE79AF8283023F001038AF8283013E71C
:10BE50009AF828309A0777D523F001038AF828301A
:10BE60000AE7039B05999847029B002BFFF604AF56
:10BE70000EE7DB681C68FEF7E1FCFEF7E7FCDBF889
:10BE80000030814683423FF629AF8442CBF8000060
:10BE90001FD90022E1E6D8F80020CBF800903A60E4
:10BEA000C8F80030FFF7F6FCE1E6D8F80010C8F853
:10BEB00000303960FCE6FFF727F9D8E6914202D955
:10BEC000002E3FF477AF38680AF10401FDF7F8FB64
:10BED000D2E6FFF7DFFC3B68DB68DE68331D1846FF
:10BEE0000193FDF705FC96F82820530716D422F09D
:10BEF000010286F828203046336A9847B7E600BF2B
:10BF00007CE60020446B0220686A02208CE6002058
:10BF100081421DD83046316A88475446B169A9EB41
:10BF2000040014EB010A2CBF01230023CA45C6F804
:10BF300004A03661ECD94C4501D9002BEAD0019917
:10BF40003868FDF7BDFBD6E7504600F0F7F993E6F9
:10BF50000199D8F80000FDF7B3FBCCE7D8F8000052
:10BF60000AF10401FDF7ACFB2AE700BFF0B5214C54
:10BF700089B0FFF7DBF8256815B3FFF7AFFD206840
:10BF8000E0B1002407AA06A905A8CDE90544F4F705
:10BF90006DF91F224FF0FF35059B0092069A029320
:10BFA00001922346079A144914480395FFF770FA43
:10BFB0000346001B18BF0120114A136009B0F0BDF1
:10BFC000104E114F3046FDF75DFB3846FDF75AFB2A
:10BFD0000E490F4B00950A201F600E600D4B10217B
:10BFE0000D4AFDF7DFFC20600028C6D00B49FDF7A5
:10BFF00083FEC2E7446B0220182202101DBC001011
:10C00000486B0220086A02201C6A02207CE600209D
:10C010008CE60020C46A022034690220102202103B
:10C020009C46F0B507460E4615466FF00104074BD7
:10C0300085B06946624618680023CDE9017603950C
:10C040000094FDF781FD05B0F0BD00BF446B0220F8
:10C0500003BD00BF10B50446F8F752F92346BDE80A
:10C0600010401847F0B5054687B0192017460E4610
:10C07000F6F7C6FF002104461920F6F7ABFF0021B2
:10C08000CDE9046503970026002701224FF05043B5
:10C090008C46CDE900670292A9B11A6D9507FCD5CF
:10C0A000596540BF1A6DD00703D420BF1A6DD2075F
:10C0B000FBD59A6D8A420BD04FF0000C0DEB8C0231
:10C0C0001168E9E79A6D1A6DD607FBD440BFE4E723
:10C0D0000CF1010CBCF1060FF0D12146192007B07C
:10C0E000BDE8F040F6F776BF0C4B0D4A93420ED3F5
:10C0F0009C4603F2F4710B4A9268CCF8F4070A48A4
:10C10000CCF8F837CCF8FC070848FFF7ABBF4FF086
:10C11000FF3340F2F3719C46EDE700BF00080820B2
:10C120000000082000ED00E055C0001051C00010D4
:10C13000F8B504463A4E0F46F6F76AFEB17896F91E
:10C14000003001F00101DB0F43EA41032342327862
:10C1500056D096F90130C2F38011DB0F41EA43015A
:10C16000214273784FD0C3F38015C2F3401141EAE6
:10C17000450121424AD0C3F34015C2F3001141EA00
:10C180004501214245D0C3F30015C2F3C00141EA85
:10C190004501214240D0C3F3C005C2F3800141EA0A
:10C1A0004501214212D0C3F38005C2F3400141EAA8
:10C1B0004501214219D003F0020502F001031D439D
:10C1C000254015D0B7B11748F6F70AFE022504231B
:10C1D000E10744BF1A433270A20702D572781343B5
:10C1E0007370F6F727FE2846F8BD01250223EFE716
:10C1F0000123EDE76FF00805F6F71CFE2846F8BDB1
:10C2000007258023E4E706254023E1E705252023D1
:10C21000DEE704251023DBE703250823D8E700BF6A
:10C2200018E2002020220210F8B5431E0A3311D86C
:10C2300010F0070300F1080467D0A3F10902A2423D
:10C2400008D31030C41AFEF7F9FA354922460D68B2
:10C250001DBB0AE0FEF7F2FA31490A6822B1002557
:10C26000FFF718FB2846F8BD14462E4B2E4D5807F5
:10C270001CBF073323F007031E46002025F00705E7
:10C280000D602A49EB1AC1E900602949C5E900009F
:10C290000B60C6E9005327490B60002ADFDD254FFC
:10C2A0003E68A642DBD3214B18461B6803E01A68A0
:10C2B00022B1184613465968A142F8D3AB42CED0FA
:10C2C0001D46A1EB040C55F8082BBCF1100F0260C1
:10C2D00007D9214603EB040ECEF804C01A51C0F86A
:10C2E00000E00024124A761A106841F000418642AC
:10C2F000114838BF16600268596001321C603E6008
:10C300000260FFF7C7FA2846F8BDFEF797FA04491E
:10C3100022460D68002DA8D0002CC0DA9FE700BF90
:10C3200084E600202CE90020246902209C6A022077
:10C330006C6A02205C6A0220786A022090B338B5E9
:10C3400050F8043C0446002B00DB38BD50F8082CA4
:10C35000002AFAD123F0004340F8043CA0F108057C
:10C36000FEF76CFA1A4854F8041C0268194B0A4488
:10C3700002601A461B689D42FBD8506802EB000C15
:10C38000654510D0681883421DD044F8083CAA4285
:10C3900018BF1560104A136801331360BDE83840B8
:10C3A000FFF778BA70470144501883425160F1D1C9
:10C3B0000A4800689842EDD01546D3E90040014490
:10C3C000C5E90041E3E7054800688342F5D1DCE7B1
:10C3D0005C6A02209C6A02207C6A022084E60020BB
:10C3E000014B1868704700BF5C6A0220014B186857
:10C3F000704700BF6C6A0220704700BF704700BFE3
:10C40000704700BF08467047704700BF70B40025F2
:10C41000C0E90223039B084C0361049B074E436160
:10C42000059BC0E90061C0E9063523680BB170BC0B
:10C430007047206070BC70473C2F0020F033021022
:10C44000034B186810B103689B6A1847704700BF18
:10C450003C2F0020000000002DE9F0479946134BC7
:10C4600086469C4692460F464FF00008041D03F195
:10C470001C0600F13005BCE80F000FC49CE8070063
:10C48000089B84E80700CEF82830099BCEE908A96C
:10C49000CEF82C300FCE0FC5336870462B60CEF827
:10C4A0004480CEF80070BDE8F08700BF6834021009
:10C4B0002DE9F04F0F4684464FF0FF3A06464FF005
:10C4C000000B8E4657F8043B2C4C83B0051D01939E
:10C4D00004F11C0900F130080FCC0FC594E80700E7
:10C4E00085E80700B9E80F00CCE908AACCE90AAA58
:10C4F000A8E80F00D9F80030C8F80030019BCCF84C
:10C5000044B046F8043BDEF804107A68BB68F8686B
:10C51000CCF804107260B360F06039697A69BB6965
:10C5200031617261B361DEF82430DEF82020CCF88E
:10C530002430CCF82020DEE90A13CCF82810CCF8FF
:10C540002C30DEF83400DEF83030DEF83810DEF85B
:10C550003C20CCF834006046CCF83030CCF83810B1
:10C56000CCF83C20DEF84030CCF84030DEF84430E7
:10C57000CCF8443003B0BDE8F08F00BF683402103F
:10C580008C46024670B55CF8044B42F8044B4D688B
:10C59000DCF80440DCF808E0DCF80C60456054602E
:10C5A000C2F808E0D660DCF81050DCF81440DCF883
:10C5B00018E01561C2F818E05461CA6A0E6AD1E940
:10C5C0000954C0E90865C0E90A420A6BCC6BD1F88E
:10C5D00034C08D6B0263C0F834C08563C4630A6CD9
:10C5E00002644A6C426470BD10B50446006803687A
:10C5F0005B6C98472068216A036882689B6898474B
:10C600002068216A03680269DB689847004B10BD07
:10C6100068340210006803689B6C18472DE9F04FDE
:10C62000057C83B09846437CDDF83490ED0805EB3B
:10C63000D3050C9C4D440194044628460F4692466F
:10C64000F8F766F906462846F8F762F98346207C33
:10C65000FBB208285FFA8AF130D80B433370638944
:10C66000701CBB4234D04A46A18913F07DFF20687C
:10C6700003685B6B98472068216A0368C268DB68BF
:10C68000984720682A4601685B468D6B3146A8476B
:10C690002068216A03680269DB689847206803689C
:10C6A000DB6B98472389BB4217D03046F8F732F945
:10C6B000584603B0BDE8F04FF8F72CB943EA1A2307
:10C6C000DBB2337063897170BB4206F10200CAD1DC
:10C6D00041464A4614F088F9C9E7217C4A46019848
:10C6E0000BEBD10114F080F9DFE700BF2DE9F84F23
:10C6F000DDF830A0154604460F4698469DF834B044
:10C7000002EB0A09002B00F08A804846F8F700F98E
:10C71000064625B139462A4614F066F97019524684
:10C720000A9914F061F9BBF1000F1DD0E26A20688C
:10C730000132036800F087805B6A984707460CE087
:10C74000206803685B6D9847206803685B6A9847B8
:10C75000E369C01B984280F085802068E16A036825
:10C760001B6998470028EBD14846F8F7D1F80746EF
:10C77000206803685B6B98472068216A0368C26879
:10C78000DB68984720684A4601683B46D1F83890F4
:10C790003146C8472068216A03680269DB68984708
:10C7A00020680368DB6B9847BBF1000F21D0E36A78
:10C7B0002068013302685FD0136A0121984720681E
:10C7C00003685B6A984781460CE0206803685B6DEC
:10C7D0009847206803685B6A9847E369A0EB090003
:10C7E000984250D22068E16A03681B699847002884
:10C7F000EBD16369002B3DD0BAF1000F30D0E27C61
:10C80000B85C98478146B8F1000F20D03046F8F761
:10C8100081F83846F8F77EF84846BDE8F88F837C03
:10C8200009EBD3094846F8F773F8064625B13946AF
:10C830002A4614F0D9F87019A27CA1890AEBD20219
:10C8400013F092FE6FE73221DB6998478CE7A17CF9
:10C85000524605EBD1010B98394414F0C5F8D5E7E1
:10C86000D146D0E76FF430793046F8F753F84846B0
:10C87000BDE8F88F9946C6E7D369012198476369F7
:10C88000002BB9D1F6E76FF43079BCE72DE9F04120
:10C890001F46037906460D4686B0002B00F0BC808B
:10C8A00090F9111090F811800029B8BF0731C1F339
:10C8B000C7014B1E5FFA83FC1B0600F1B68003899B
:10C8C0004FEACC0043FA00F08DF81000881EC0B289
:10C8D000FF287BD0C00043FA00F08DF81100C81E7D
:10C8E000C0B2FF2872D0C00043FA00F08DF81200E9
:10C8F000081FC0B2FF2869D0C00043FA00F08DF8CD
:10C900001300481FC0B2FF2860D0C00043FA00F0F7
:10C910008DF81400881FC0B2FF2857D0C00043FA1A
:10C9200000F08DF81500C81FC0B2FF284ED0C0001F
:10C9300043FA00F08DF81600A1F10800C0B2FF28FC
:10C9400044D0C00043FA00F08DF81700A1F10900AF
:10C95000C0B2FF283AD0C00043FA00F08DF81800AA
:10C96000A1F10A00C0B2FF2830D0C00043FA00F0A5
:10C970008DF81900A1F10B00C0B2FF2826D0C0002D
:10C9800043FA00F08DF81A00A1F10C00C0B2FF28A4
:10C990001CD0C00043FA00F08DF81B00A1F10D007F
:10C9A000C0B2FF2812D0C00043FA00F08DF81C007E
:10C9B000A1F10E00C0B2FF2808D0C00043FA00F079
:10C9C0000F298DF81D0008BF8DF81E300DF11104E0
:10C9D000644404A9337CDB08581E4FFA80FC013004
:10C9E0000CD04FEACC0E0CF1FF3C4FFA8CFC25FA30
:10C9F0000EFEBCF1FF3F04F801EBF2D102920124DC
:10CA000003EBD80200233046019703940093FFF70D
:10CA10006DFE06B0BDE8F08101920A4601890097DB
:10CA2000FFF7FCFD06B0BDE8F08104A90C46D1E794
:10CA3000002330B589B08DF81730037904460A46D3
:10CA4000002B00F0BE8090F91130457C002BB8BF60
:10CA50000733C3F3C703591E5FFA81FC090600F1CF
:10CA6000BC8001894FEACC0041FA00F08DF8180033
:10CA7000981EC0B2FF287BD0C00041FA00F08DF8AC
:10CA80001900D81EC0B2FF2872D0C00041FA00F0D1
:10CA90008DF81A00181FC0B2FF2869D0C00041FAF3
:10CAA00000F08DF81B00581FC0B2FF2860D0C000F6
:10CAB00041FA00F08DF81C00981FC0B2FF2857D033
:10CAC000C00041FA00F08DF81D00D81FC0B2FF2849
:10CAD0004ED0C00041FA00F08DF81E00A3F108000E
:10CAE000C0B2FF2844D0C00041FA00F08DF81F000A
:10CAF000A3F10900C0B2FF283AD0C00041FA00F00B
:10CB00008DF82000A3F10A00C0B2FF2830D0C00089
:10CB100041FA00F08DF82100A3F10B00C0B2FF280C
:10CB200026D0C00041FA00F08DF82200A3F10C00DD
:10CB3000C0B2FF281CD0C00041FA00F08DF82300DD
:10CB4000A3F10D00C0B2FF2812D0C00041FA00F0DE
:10CB50008DF82400A3F10E00C0B2FF2808D0C00059
:10CB600041FA00F00F2B8DF8250008BF8DF8261034
:10CB70000DF1190EE64406A9207CC00800F1FF3C27
:10CB8000BCF1FF3F4FFA8CF30AD04FEAC30C013BD4
:10CB90005BB222FA0CFCB3F1FF3F0EF801CBF4D1EB
:10CBA0000DF1170300EBD502019301250023204668
:10CBB000CDE902550093FFF799FD9DF8170009B0E4
:10CBC00030BD01250DF117040189CDE90045FFF7BE
:10CBD00025FD9DF8170009B030BD06A98E46CBE7AC
:10CBE00038B51D461343072B0ED8AA4214460BD363
:10CBF000FFF71EFFFF23C4F1070443FA04F4AB4020
:10CC00001C402040C0B238BD6FF00A0038BD00BFE4
:10CC10002DE9F041047906460D4686B0002C00F05F
:10CC2000BE8090F91110477C0029B8BF0731C1F3CD
:10CC3000C701481E5FFA80FC000600F1BA807089C7
:10CC40004FEACC0440FA04F48DF810408C1EE4B294
:10CC5000FF2C7BD0E40040FA04F48DF81140CC1E88
:10CC6000E4B2FF2C72D0E40040FA04F48DF81240D4
:10CC70000C1FE4B2FF2C69D0E40040FA04F48DF8F4
:10CC800013404C1FE4B2FF2C60D0E40040FA04F4DF
:10CC90008DF814408C1FE4B2FF2C57D0E40040FA0A
:10CCA00004F48DF81540CC1FE4B2FF2C4ED0E40004
:10CCB00040FA04F48DF81640A1F10804E4B2FF2C08
:10CCC00044D0E40040FA04F48DF81740A1F10904BF
:10CCD000E4B2FF2C3AD0E40040FA04F48DF8184096
:10CCE000A1F10A04E4B2FF2C30D0E40040FA04F4CD
:10CCF0008DF81940A1F10B04E4B2FF2C26D0E4001A
:10CD000040FA04F48DF81A40A1F10C04E4B2FF2CAF
:10CD10001CD0E40040FA04F48DF81B40A1F10D048E
:10CD2000E4B2FF2C12D0E40040FA04F48DF81C4069
:10CD3000A1F10E04E4B2FF2C08D0E40040FA04F4A0
:10CD40000F298DF81D4008BF8DF81E000DF111044C
:10CD5000644404A996F810804FEAD80808F1FF301F
:10CD60004FFA80FC01300CD04FEACC0E0CF1FF3CA6
:10CD70004FFA8CFC25FA0EFEBCF1FF3F04F801EBE4
:10CD8000F2D10293002401230092304608EBD7022F
:10CD900003930194FFF7AAFC06B0BDE8F08101936C
:10CDA00013460A4641890094FFF738FC06B0BDE8F7
:10CDB000F08104A90C46CDE770B5037988B005462B
:10CDC0000C468DF81720002B00F0BB8090F9113035
:10CDD000427C002BB8BF0733C3F3C703591E5FFA69
:10CDE00081FC090600F1B88041894FEACC0041FA84
:10CDF00000F08DF81800981EC0B2FF287BD0C0004C
:10CE000041FA00F08DF81900D81EC0B2FF2872D088
:10CE1000C00041FA00F08DF81A00181FC0B2FF28B8
:10CE200069D0C00041FA00F08DF81B00581FC0B255
:10CE3000FF2860D0C00041FA00F08DF81C00981F58
:10CE4000C0B2FF2857D0C00041FA00F08DF81D0095
:10CE5000D81FC0B2FF284ED0C00041FA00F08DF8B4
:10CE60001E00A3F10800C0B2FF2844D0C00041FA60
:10CE700000F08DF81F00A3F10900C0B2FF283AD0DE
:10CE8000C00041FA00F08DF82000A3F10A00C0B202
:10CE9000FF2830D0C00041FA00F08DF82100A3F146
:10CEA0000B00C0B2FF2826D0C00041FA00F08DF878
:10CEB0002200A3F10C00C0B2FF281CD0C00041FA30
:10CEC00000F08DF82300A3F10D00C0B2FF2812D0AE
:10CED000C00041FA00F08DF82400A3F10E00C0B2AA
:10CEE000FF2808D0C00041FA00F00F2B8DF8250074
:10CEF00008BF8DF826100DF1190EE64406A9287C0E
:10CF0000C00800F1FF3CBCF1FF3F4FFA8CF309D0A1
:10CF10004FEAC30C013B5BB224FA0CFC5E1C0EF81A
:10CF200001CBF5D10123002400EBD20228460DF1FC
:10CF30001705CDE9023300950194FFF7D7FB08B040
:10CF400070BD01260A464189009301960DF1170331
:10CF5000FFF764FB08B070BD06A98E46CFE700BF9F
:10CF600030B585B001930023089D009302959DF88C
:10CF70002450044603959DF82850FFF7B7FB38B9B5
:10CF800035B1A36923B1204605B0BDE8304018474C
:10CF900005B030BD30B5002585B00195089D0093E2
:10CFA00002959DF824500123039504469DF82850CE
:10CFB000FFF79CFB38B935B1A36923B1204605B012
:10CFC000BDE83040184705B030BD00BF002330B584
:10CFD00087B08DF8133090F911300446002BB8BF9C
:10CFE0000733C3F3C703591E427CC8B2090600F1D8
:10CFF0008680E189C00041FA00F08DF81400981E87
:10D00000C0B2FF287BD0C00041FA00F08DF81500B7
:10D01000D81EC0B2FF2872D0C00041FA00F08DF8CF
:10D020001600181FC0B2FF2869D0C00041FA00F0F6
:10D030008DF81700581FC0B2FF2860D0C00041FA19
:10D0400000F08DF81800981FC0B2FF2857D0C0001C
:10D0500041FA00F08DF81900D81FC0B2FF284ED059
:10D06000C00041FA00F08DF81A00A3F10800C0B228
:10D07000FF2844D0C00041FA00F08DF81B00A3F156
:10D080000900C0B2FF283AD0C00041FA00F08DF884
:10D090001C00A3F10A00C0B2FF2830D0C00041FA42
:10D0A00000F08DF81D00A3F10B00C0B2FF2826D0C0
:10D0B000C00041FA00F08DF81E00A3F10C00C0B2D0
:10D0C000FF281CD0C00041FA00F08DF81F00A3F12A
:10D0D0000D00C0B2FF2812D0C00041FA00F08DF858
:10D0E0002000A3F10E00C0B2FF2808D0C00041FA12
:10D0F00000F00F2B8DF8210008BF8DF822100125BC
:10D1000000230DF11301CDE9025501912046D2080B
:10D1100005A90093FFF7EAFA054628B963691BB130
:10D120009DF813009847E080284607B030BD00BF47
:10D1300090F911C0F0B5BCF1000FB8BF0CF1070CAD
:10D14000CCF3C70C0CF1FF3E87B01EF0800F0446F5
:10D15000467C9DF830709DF834505FFA8EF040F0B8
:10D160009080ACF1020EC0005FFA8EFE41FA00F032
:10D17000BEF1FF0F8DF8140000F08380ACF10300C6
:10D180004FEACE0EC0B241FA0EFEFF288DF815E030
:10D1900077D0C00041FA00F08DF81600ACF1040021
:10D1A000C0B2FF286DD0C00041FA00F08DF8170022
:10D1B000ACF10500C0B2FF2863D0C00041FA00F016
:10D1C0008DF81800ACF10600C0B2FF2859D0C0009D
:10D1D00041FA00F08DF81900ACF10700C0B2FF2849
:10D1E0004FD0C00041FA00F08DF81A00ACF10800F1
:10D1F000C0B2FF2845D0C00041FA00F08DF81B00F6
:10D20000ACF10900C0B2FF283BD0C00041FA00F0E9
:10D210008DF81C00ACF10A00C0B2FF2831D0C0006C
:10D2200041FA00F08DF81D00ACF10B00C0B2FF28F0
:10D2300027D0C00041FA00F08DF81E00ACF10C00C0
:10D24000C0B2FF281DD0C00041FA00F08DF81F00C9
:10D25000ACF10D00C0B2FF2813D0C00041FA00F0BD
:10D260008DF82000ACF10E00C0B2FF2809D0C0003C
:10D2700041FA00F0BCF10F0F8DF8210001D18DF8BB
:10D280002210CDE902370027009201232046F20840
:10D2900005A90197FFF72AFA38B935B1A36923B177
:10D2A000204607B0BDE8F040184707B0F0BD00BF0A
:10D2B00090F911C0F0B5BCF1000FB8BF0CF1070C2C
:10D2C000CCF3C70C0CF1FF3E87B01EF0800F044674
:10D2D000467C9DF830709DF834505FFA8EF040F037
:10D2E0009080ACF1020EC0005FFA8EFE41FA00F0B1
:10D2F000BEF1FF0F8DF8140000F08380ACF1030045
:10D300004FEACE0EC0B241FA0EFEFF288DF815E0AE
:10D3100077D0C00041FA00F08DF81600ACF104009F
:10D32000C0B2FF286DD0C00041FA00F08DF81700A0
:10D33000ACF10500C0B2FF2863D0C00041FA00F094
:10D340008DF81800ACF10600C0B2FF2859D0C0001B
:10D3500041FA00F08DF81900ACF10700C0B2FF28C7
:10D360004FD0C00041FA00F08DF81A00ACF108006F
:10D37000C0B2FF2845D0C00041FA00F08DF81B0074
:10D38000ACF10900C0B2FF283BD0C00041FA00F068
:10D390008DF81C00ACF10A00C0B2FF2831D0C000EB
:10D3A00041FA00F08DF81D00ACF10B00C0B2FF286F
:10D3B00027D0C00041FA00F08DF81E00ACF10C003F
:10D3C000C0B2FF281DD0C00041FA00F08DF81F0048
:10D3D000ACF10D00C0B2FF2813D0C00041FA00F03C
:10D3E0008DF82000ACF10E00C0B2FF2809D0C000BB
:10D3F00041FA00F0BCF10F0F8DF8210001D18DF83A
:10D400002210CDE90237002301922046F20805A937
:10D410000093FFF76BF938B935B1A36923B1204602
:10D4200007B0BDE8F040184707B0F0BD2DE9F04F58
:10D4300089B09DF848A01E4643EA0A03072B9DF8D1
:10D440004C909DF850B09DF8547000F210815645F4
:10D45000C0F00D81904604460D46FFF7E9FAFF2221
:10D46000731CCAF1080A02FA03F342FA0AF21343E0
:10D47000DB4380EA0802DBB2134202D1002F00F046
:10D48000E08020EA030603EA08031E43F6B23246B0
:10D4900029462046FFF790FC20684FF000080368FB
:10D4A00001279B6A98474FF47A73824603FB09F978
:10D4B000206803689B6A9847A0EB0A00484580F003
:10D4C000D18023798DF81780002B00F0BE8094F96D
:10D4D000113094F811E0002BB8BF0733C3F3C70332
:10D4E0005A1ED0B2120600F1BA802289C10042FA57
:10D4F00001F18DF81810991EC9B2FF297BD0C9001F
:10D5000042FA01F18DF81910D91EC9B2FF2972D063
:10D51000C90042FA01F18DF81A10191FC9B2FF298A
:10D5200069D0C90042FA01F18DF81B10591FC9B228
:10D53000FF2960D0C90042FA01F18DF81C10991F33
:10D54000C9B2FF2957D0C90042FA01F18DF81D1068
:10D55000D91FC9B2FF294ED0C90042FA01F18DF896
:10D560001E10A3F10801C9B2FF2944D0C90042FA34
:10D5700001F18DF81F10A3F10901C9B2FF293AD0BA
:10D58000C90042FA01F18DF82010A3F10A01C9B2D5
:10D59000FF2930D0C90042FA01F18DF82110A3F122
:10D5A0000B01C9B2FF2926D0C90042FA01F18DF85A
:10D5B0002210A3F10C01C9B2FF291CD0C90042FA04
:10D5C00001F18DF82310A3F10D01C9B2FF2912D08A
:10D5D000C90042FA01F18DF82410A3F10E01C9B27D
:10D5E000FF2908D0C90042FA01F10F2B8DF8251050
:10D5F00008BF8DF826200DF1190C844406A9227C61
:10D60000D208501E43B2013008D0D800013B25FAA1
:10D6100000F05BB20CF8010B581CF6D10DF11703AA
:10D62000CDE9008320460023CDE9027702EBDE023C
:10D63000FFF75CF89DF8173073401BEA030F7FF487
:10D6400037AF002009B0BDE8F08F0DF1170200924E
:10D6500001972A4620462189FEF7E0FFEAE706A95E
:10D660008C46CCE76FF00F0009B0BDE8F08F6FF08B
:10D670000A00E7E770B504460E46154603E0206849
:10D6800003685B6D9847206803689B6A9847801B16
:10D69000A842F4D370BD00BF70B59FED1F7B4FF063
:10D6A000FF3305461E4C86B08DED027B009104933E
:10D6B0000192D4E8AF3FDB0718D51A4CEC466C64F6
:10D6C0006C46BCE80F002863DCF8000005AE696317
:10D6D000AA63EB632864286854F8041B0368826813
:10D6E0009B689847A642F6D106B070BD204609F067
:10D6F000A1FE0028E1D02A682046D2E90332094C75
:10D70000C4E90133C4E90723C4E90D3209F0AEFED0
:10D71000D4E700BFAFF30080FFFFFFFFFFFFFFFF75
:10D72000402F00208827002070B506460B684D6802
:10D730008C68C8687563B4633363F0630B690C1F4E
:10D740003364726401F11005306854F8041F0368F3
:10D7500082689B689847AC42F6D170BD406C18B99E
:10D7600007E08B4204D018300378002BF9D118461B
:10D7700070477047F8B5446C06461CB905E0914205
:10D7800004D018342278002AF9D1F8BD043406F107
:10D790002C0506F1400755F8041F002904DB30680A
:10D7A00022680368DB689847BD4204F10404F2D1A3
:10D7B000F8BD00BFD0F85801704700BFF0B511F0B8
:10D7C000070685B017D10C46054632462C21D0F805
:10D7D0005801FFF7F1FAFF270222D5F85801072375
:10D7E000CDE900622D21CDE90276C4F3C702FFF72F
:10D7F0001DFE05B0F0BD6FF01100FAE770B5012114
:10D8000084B00446D0F85801FFF7B4FF0225002287
:10D81000FF26D4F8580104230121CDE90262CDE9A5
:10D820000055FFF703FE04B070BD00BF70B50121C5
:10D8300084B00446D0F85801FFF79CFF022504236A
:10D840000026FF22D4F858010121CDE902260195D6
:10D850001A460095FFF7EAFD04B070BD08B507222F
:10D8600000232421D0F85801FFF7BAF9F6F760FF3A
:10D870000022044BF6F7DAFE01F10041F6F74AFF09
:10D8800008BD00BF0000E03F90F86C3110B50446C1
:10D8900083B979B190F86D21D0F85801802A0CBF76
:10D8A00019463821FFF7C4F80123C4F8680184F849
:10D8B0006C3110BDD4F8680110BD00BFD0F85831EC
:10D8C00010B50446186803681B699847014620464E
:10D8D000BDE81040C9B209F0EBB900BFD0F858312B
:10D8E00070B51C68596A236820469A6D9D699047F7
:10D8F0002B4601462046BDE870401847D0F8583105
:10D900002DE9F0411D6804460E46596A2B682846E9
:10D910009A6D5F699047D4F8583101461B683246CA
:10D920002846BC46BDE8F0415B6960472DE9F043FD
:10D9300001F11205EDB21F2D85B024D80027042374
:10D940004FF0FF094FF0020804461A46D0F858017C
:10D950000E46CDE902970121CDE90088FFF766FD6B
:10D96000CDE90297CDF80480009707231121D4F860
:10D97000580145F08002FFF759FD08B984F8646149
:10D9800005B0BDE8F0836FF00C00F9E7F0B50024B6
:10D99000FF270225064685B0CDE902740195009562
:10D9A000042310220121D0F85801FFF73FFDD6F8DB
:10D9B00058310A21186825460368DB6998472421F5
:10D9C000D6F85801FFF734F800F00103A340013402
:10D9D0002B43082CDDB2F2D1022204230027FF24BE
:10D9E000D6F85801012101920092CDE902471A466A
:10D9F000FFF71CFD284605B0F0BD00BF70B5DFED98
:10DA0000347A2DED028B08EE101AB4EEE78AF1EEAF
:10DA100010FA84B056DDDFED2F7AB4EEE78AF1EE2E
:10DA200010FA05461BD4DFED2C7AB4EEE78AF1EE4E
:10DA300010FA47DBDFED297AB4EEE78AF1EE10FA4F
:10DA40000DD4DFED277AB4EEE78AF1EE10FA39DD76
:10DA5000DFED247AB4EEE78AF1EE10FA32D5042332
:10DA600002220026FF24D5F858010121CDE9024603
:10DA7000019200921A46FFF7D9FC9FED1B7ADFED69
:10DA80001B7A28EE078A28EE278AFCEEC87A17EE62
:10DA9000904AD5F85801C4F307420721FFF78CF9E3
:10DAA000D5F85801C4F307220821FFF785F9D5F806
:10DAB00058010921E2B2FFF77FF9304604B0BDEC0E
:10DAC000028B70BD6FF00B0004B0BDEC028B70BD1B
:10DAD000000091430000AA430000D4430000FF432C
:10DAE0000080574400007F44000000490000003DD2
:10DAF0002DE9F0434FF00009FF2602274FF00408FC
:10DB000085B0CDE90269CDE90087054607234022AB
:10DB10002521D0F85801FFF789FCCDE90269CDE94C
:10DB2000009707232A2104463246D5F85801FFF70B
:10DB30007DFCCDE90176CDF80C90CDF80090044342
:10DB4000072332462B21D5F85801FFF76FFC24B28A
:10DB5000044324B21CB1204605B0BDE8F083324630
:10DB60002721D5F85801FFF727F932462821D5F8A3
:10DB70005801FFF721F93946D5F85801FFF7FAFDAA
:10DB8000CDE90264CDE9004707231A221321D5F815
:10DB90005801FFF74BFCCDE90264CDE900470723AC
:10DBA00055225A218146D5F85801FFF73FFCCDE9AF
:10DBB00001760394009449EA0009072370225C214E
:10DBC000D5F85801FFF732FC0FFA89F4044324B268
:10DBD000002CC0D1D5F858014346039410220121EE
:10DBE000CDE901760097FFF721FC0446204605B0F9
:10DBF000BDE8F08370B5FF2200260225042384B01F
:10DC0000CDE9022601950095044601211A46D0F877
:10DC10005801FFF70BFC08B104B070BD204604B0FA
:10DC2000BDE8704064E700BF03680F4A9B699342F8
:10DC300018D170B502220026FF25042384B00446C3
:10DC40000121D0F8580101920092CDE902561A46FE
:10DC5000FFF7ECFB08B104B070BD204604B0BDE88E
:10DC6000704045E7184700BFF5DB00102DE9F04391
:10DC70002DED028B08EE101AB5EEC08AF1EE10FA07
:10DC800048BF9FED2A8A90ED546AF6EE006AB0EE26
:10DC9000487ADFED277AA6EE267AB4EEE77AF1EE3F
:10DCA00010FA054685B03ED800264FF002084FF026
:10DCB000FF090423D0F858011A460121CDE9029644
:10DCC000CDF80480CDF80080FFF7B0FBDFED197AC6
:10DCD0009FED197A28EE278AC8EE077AFCEEE77ADC
:10DCE000052317EE907ACDE901890396009619462F
:10DCF000C7F30722D5F85801FFF798FBCDF8089035
:10DD000004460723D5F8580106210396CDF8048070
:10DD10000096FAB2FFF78AFB204300B205B0BDECD3
:10DD2000028BBDE8F0836FF06500F7E79A99193F21
:10DD30000000FA43000000490000FA462DE9F041D6
:10DD4000F6EE007A2DED028B08EE101AB4EEE78A9B
:10DD5000F1EE10FA84B04CDBDFED297AB4EEE78AFD
:10DD6000F1EE10FA45D8D0ED557A9FED267A67EEA0
:10DD7000877AF4EEC87AF1EE10FA05463CDD00260B
:10DD800002274FF0FF080423D0F858011A4601215A
:10DD9000CDE9028601970097FFF748FB9FED1A7ABD
:10DDA000C7EE087AFCEEE77A17EE904ACDE90178E3
:10DDB00003960096C4F3072207230321D5F85801E0
:10DDC000FFF734FBCDE90286A4B201970096E2B2D8
:10DDD000072304460421D5F85801FFF727FB044325
:10DDE00020B208B985ED548A04B0BDEC028BBDE8C1
:10DDF000F0816FF06400F7E76FF06600F4E700BFB2
:10DE0000000096430000FA440000FA4603680E4AF8
:10DE10001B69934217D170B5012184B00446D0F834
:10DE20005801FFF7A7FC022504230026FF22D4F89F
:10DE300058010121CDE9022601951A460095FFF708
:10DE4000F5FA04B070BD18472DD800102DE9F04741
:10DE50004FF002094FF0FF0A00249846042384B0D3
:10DE6000CDE9019A0394CDF800900F4605460121B3
:10DE70001646D0F858011A46FFF7D8FA044618B1EA
:10DE8000204604B0BDE8F08752462721D5F8580156
:10DE9000FEF792FFD5F8580152462821FEF78CFF75
:10DEA000402ED5F8580170D90423CDE902A400937F
:10DEB000202205232521CDF80490FFF7B7FA044668
:10DEC000002CDDD195F86D31802B00F0828001238C
:10DED00002223721D5F85801FEF782FEC0B202288F
:10DEE0005FD004285DD0402E63D833463A460021E7
:10DEF000D5F85801FEF78CFE95F96431112B2CDD15
:10DF000000264FF0FF080227D5F8580107230F22FB
:10DF10001321CDE90286CDE90067FFF787FACDE945
:10DF20000286CDE9006707235D225A210446D5F811
:10DF30005801FFF77BFACDE90067CDF8088003961A
:10DF4000044307237C225C21D5F85801FFF76EFAC1
:10DF500024B2044324B2002C92D102240027FF26CD
:10DF6000D5F858010321FFF705FCD5F85801042323
:10DF7000019400940C220121CDE90267FFF756FAC3
:10DF80000446204604B0BDE8F087062322460394E9
:10DF9000009325210723CDE9019AFFF747FA0446AC
:10DFA0008EE742460021D5F85801FEF705FF402EC6
:10DFB0009BD90021FF2207230220CDE902210190F5
:10DFC000009380223C21D5F85801FFF72FFA1E2636
:10DFD0008BE72146D5F85801F2B2FEF7EDFE76E761
:10DFE00030B50368154A1B690446934285B022D1B7
:10DFF0000121D0F85801FFF7BDFB0025FF220220C8
:10E000000423CDE902250190009001211A46D4F89D
:10E010005801FFF70BFA0546D4F85801FF222721D3
:10E02000FEF7CAFED4F85801FF222821FEF7C4FEED
:10E03000284605B030BD98470546EDE72DD80010BD
:10E0400070B50446FF222721D0F8580184B0FEF7AE
:10E05000B3FEFF222821D4F85801FEF7ADFE236855
:10E060000E4A1B69934214D1D4F858010121FFF7DD
:10E0700081FB022504230026FF22D4F85801012148
:10E08000CDE9022601951A460095FFF7CFF904B0B5
:10E0900070BD204604B0BDE8704018472DD8001070
:10E0A00070B50368274A1B69044693420D4684B045
:10E0B0002AD10121D0F85801FFF75CFB0026FF2090
:10E0C00002220423CDE902060192009201211A46A0
:10E0D000D4F85801FFF7AAF9024692B9012DD4F8F5
:10E0E000580119D0022D1ED08DB9FF260225052416
:10E0F000062303923721CDE901560094FFF796F9E4
:10E100000246104604B070BD98470246E5E76FF03E
:10E110001602104604B070BD0392FF2602250524A6
:10E1200006232022E6E7FF26052403920623402249
:10E130003721019502960094FFF778F902461046C0
:10E1400004B070BD2DD8001070B503682D4A1B694E
:10E15000044693420D4684B029D10121D0F85801DC
:10E16000FFF708FB0026FF2002220423CDE9020668
:10E170000192009201211A46D4F85801FFF756F98E
:10E1800098B9D4F85801042D39D8DFE805F01F2BD1
:10E190000338120000210222FF240091CDE9024140
:10E1A000012311460192FFF741F904B070BD984771
:10E1B000E6E7002202210123FF2403920092CDE929
:10E1C00001141A46FFF732F904B070BD0022022193
:10E1D000FF240123CDE9011403920092FFF726F9F1
:10E1E00004B070BD00240221FF2501230322CDE9E4
:10E1F000011503940094FFF719F904B070BD6FF096
:10E200006900D2E72DD80010D0F858312DE9F0413F
:10E210000E46D96A4A1C19D0044618680368426839
:10E220009B689847D4F858311D68D96A2B682846EE
:10E230009A6D5F699047D4F8583101461B683246A1
:10E240002846BC46BDE8F0415B696047BDE8F08107
:10E250002DE9F04304468846914685B03BBBF7EE76
:10E26000005A90ED546A9FED467ADFED467AC5EE8E
:10E27000866AE6EE877AFCEEE77A2368424A9B6973
:10E2800017EE906A934218D102230022FF21CDE9B4
:10E2900000330423CDE9021201211A46D4F85801B3
:10E2A000FFF7C4F8002836D005B0BDE8F0831E465D
:10E2B0002368354A9B699342E6D020469847002858
:10E2C000F2D1D4F85831186803685B6A984707465A
:10E2D0000EE0D4F85831186803685B6D9847D4F89D
:10E2E0005831186803685B6A9847C01BB04216D85B
:10E2F000D4F858311868596A03681B69984705466D
:10E300000028E6D04A464146204623681B6B05B0EC
:10E31000BDE8F04318472046FFF7EAFBCFE7236844
:10E320001A49DA6A8A4224D11B69194A934223D1D5
:10E330000121D4F85801FFF71DFA0220FF2204231F
:10E34000CDE901020395009001211A46D4F8580145
:10E35000FFF76CF8FF222721D4F85801FEF72CFDB7
:10E36000FF222821D4F85801FEF726FD6FF00500A2
:10E370009AE720469047F9E720469847EAE700BF2A
:10E380000000C8460000FA43F5DB0010E1DF001092
:10E390002DD80010F0B52DED028B066885B0766A99
:10E3A0000446154690ED548AB047002859D1EA003A
:10E3B00007EE902AF8EE677AF1EE046A87EE887A23
:10E3C00067EE267AFCEEE77AD4F8583117EE906AB9
:10E3D0001868053603685B6A984707460EE0D4F86C
:10E3E0005831186803685B6D9847D4F8583118683D
:10E3F00003685B6A9847C01BB04236D8D4F85831DE
:10E400001868596A03681B69984705460028E6D0D2
:10E410002368324A9B6A934255D1FF222721D4F8C0
:10E420005801FEF7C9FCFF222821D4F85801FEF755
:10E43000C3FC23682A4A1B69934244D10121D4F8C2
:10E440005801FFF797F90225FF2200260423D4F88C
:10E4500058010121CDE9022601951A460095FEF7E3
:10E46000E5FF05B0BDEC028BF0BD23681B4A9B6A3B
:10E4700093422FD1FF222721D4F85801FEF79CFCAC
:10E48000FF222821D4F85801FEF796FC2368144A8D
:10E490001B6993421ED10121D4F85801FFF76AF994
:10E4A0000226FF220423D4F858010121CDE90225D8
:10E4B000CDE900661A46FEF7B9FF6FF0040005B01B
:10E4C000BDEC028BF0BD204605B0BDEC028BBDE873
:10E4D000F040184720469847EFE700BF41E00010A2
:10E4E0002DD80010F0B5022185B00446D0F85801AF
:10E4F000FFF740F9FF26002202250423CDE902623E
:10E50000019500951A460121D4F85801FEF78EFFB7
:10E51000024610B1104605B0F0BDCDE90260CDE96C
:10E52000005505232521D4F85801FEF77FFF024648
:10E530000028EFD194F86F31D4F858010527294607
:10E54000CDE901560392C3B1402206230097FEF79E
:10E550006DFF0246002ADDD10225FF26D4F85801BE
:10E560000423039201211022CDE901560095FEF704
:10E570005DFF0246104605B0F0BD602206230097FD
:10E58000FEF754FF0246E5E72DE9F0430368DFF8A4
:10E590005C911B6904464B450F46154685B040F01B
:10E5A00090800121D0F85801FFF7E4F802230022FF
:10E5B000FF21CDE900330423CDE9021201211A46DF
:10E5C000D4F85801FEF732FF0646002E5DD12368CD
:10E5D000444ADB6E93427DD194F86C31002B58D1C4
:10E5E00094F86D31D4F85801802B0CBF3146382196
:10E5F000FEF71EFA01238046C4F8680184F86C31E6
:10E6000035B1454537BFA8EB05030025A8461D4693
:10E61000012302223721D4F85801FEF7E1FAC3B2F0
:10E62000022B48D0042B46D03B4642460021D4F86A
:10E630005801FEF72BF97DBB002523682A49DA6AC9
:10E6400084F86C518A423FD11B694B4547D1012167
:10E65000D4F85801FFF78EF80222FF200423CDE9F9
:10E660000022CDE9020501211A46D4F85801FEF72F
:10E67000DDFEFF222721D4F85801FEF79DFBFF2283
:10E680002821D4F85801FEF797FB304605B0BDE8C5
:10E69000F083D4F86881B3E70021D4F85801FEF77D
:10E6A000C7F9013DC8D00021D4F85801FEF7C0F9E0
:10E6B000013DF1D1C0E70021D4F85801FEF7B8F9C7
:10E6C000B2E79847064680E720469047304605B0B7
:10E6D000BDE8F083012120469847804690E7204618
:10E6E0009847C6E789D80010E1DF00102DD8001048
:10E6F00038B504460D4608F0CDF800230F4984F8DC
:10E700006031C4F850110A21A4F86231C4F86831AC
:10E7100040230B480B4A20600B48C4F85851C4F8FA
:10E7200054210A4D0A4AC4F86C0184F86411204649
:10E73000C4F85C516260A36038BD00BF9A999940EB
:10E74000F43402100000FA42008000010000D943B6
:10E750000024744210B50446D0F858311868996AFC
:10E76000036882689B689847D4F858311868996A9A
:10E7700003680269DB689847D4F8583101211868AA
:10E780000368DB699847D4F858311868996A0368B8
:10E79000C268DB689847D4F858310A21BDE81040B8
:10E7A00018680368DB69184770B50022FF26022548
:10E7B000042384B0CDE90262019500951A46012137
:10E7C0000446D0F85801FEF731FE024610B110465B
:10E7D00004B070BDCDE90260CDE9005505232521C7
:10E7E000D4F85801FEF722FE02460028EFD194F833
:10E7F0006F31D4F858010524CDE9026253B90623DC
:10E800006022294601950094FEF710FE024610464C
:10E8100004B070BD06234022F3E700BFF0B50D46FB
:10E82000044685B00321D0F85801FEF7A3FF2DB3AD
:10E83000C5F307420721D4F85801FEF7BDFAC5F326
:10E8400007220821D4F85801FEF7B6FA0027EAB2E9
:10E85000FF2602250921D4F85801FEF7ADFAD4F8B5
:10E8600058010C2204230121CDE90267019500958E
:10E87000FEF7DCFD0246104605B0F0BD2046FFF76E
:10E8800093FF02460028F6D10225FF26D4F858014E
:10E890000423039201210C22CDE901560095FEF7D5
:10E8A000C5FD0246104605B0F0BD00BF30B50022E0
:10E8B0000221FF25052485B0D0F858010623CDE9B3
:10E8C0000252CDE90041FEF7B1FD05B030BD00BFF9
:10E8D0000A4610233E21D0F85801FEF799B900BF2F
:10E8E00030B50023FF25022485B0D0F8580101225D
:10E8F0003D21CDE90253CDE90034FEF797FD05B087
:10E9000030BD00BF10B50023FF24022284B0D0F830
:10E9100058013D210192CDE902431A460093FEF7CA
:10E9200085FD04B010BD00BFD0F858312DE9F0418D
:10E930001D6804460E46596A2B6828469A6D5F6921
:10E940009047D4F8583101461B6832462846BC46E9
:10E95000BDE8F0415B696047D0F8583170B51C687C
:10E96000596A236820469A6D9D6990472B46014657
:10E970002046BDE870401847D0F858312DE9F041E5
:10E980000E46D96A4A1C19D00446186803684268C2
:10E990009B689847D4F858311D68D96A2B68284677
:10E9A0009A6D5F699047D4F8583101461B6832462A
:10E9B0002846BC46BDE8F0415B696047BDE8F08190
:10E9C000D0F85831D96A4A1C0CD070B51C6823683D
:10E9D00020469A6D9D6990472B4601462046BDE82A
:10E9E00070401847704700BFD0F858312DE9F0410A
:10E9F0000E46D96A4A1C19D0044618680368426852
:10EA00009B689847D4F858311D68D96A2B68284606
:10EA10009A6D5F699047D4F8583101461B683246B9
:10EA20002846BC46BDE8F0419B696047BDE8F081DF
:10EA3000D0F85831D96A4A1C0CD070B51C682368CC
:10EA400020469A6D9D6990472B4601462046BDE8B9
:10EA500070401847704700BF70B50024FF2602259C
:10EA600084B00A46D0F8580106233C21CDE902645F
:10EA7000CDE90045FEF7DAFC04B070BD2DE9F041A8
:10EA800000254FF0FF08022784B0CDE90285CDE9CB
:10EA9000005704460E4606231F223C21D0F8580199
:10EAA000FEF7C4FC042303950093CDF8088001977A
:10EAB0002A4605232521D4F85801FEF7B7FC314634
:10EAC000204604B0BDE8F041FFF756BF70B50446DC
:10EAD000D0F8580184B0C16A4B1C0AD005682B6875
:10EAE00028469E699B6D984701462846B047D4F852
:10EAF00058010022FF260225042405232521CDE903
:10EB00000262CDE90045FEF791FC04B070BD00BF84
:10EB10009C4608B51B681E3B002BCCF800300BDD73
:10EB2000D21A1E2B0A44A8BF1E230021D0F8580178
:10EB3000FEF76EF8002008BD012008BD70B51C4628
:10EB400015461B6822680B44AA1A1D2A11DC22688C
:10EB5000AA1AD2B216460021D0F85801FDF796FE47
:10EB60002368334423602068A842B4BF00200120FA
:10EB700070BD1E263246EEE711F0BF0F0A4601D0E7
:10EB8000802911D130B50021FF230524032585B04C
:10EB9000D0F85801CDE90231009507231B210194DB
:10EBA000FEF744FC05B030BD6FF06B00704700BF4E
:10EBB00070B50024FF26052584B00A46D0F8580118
:10EBC00007231D21CDE90264CDE90045FEF72EFCA7
:10EBD00004B070BD70B50024FF26052584B00A4638
:10EBE000D0F8580102231B21CDE90264CDE900458C
:10EBF000FEF71CFC04B070BD072270B5002306466A
:10EC00000D46D0F858011146FDF7EAFF0023072210
:10EC100008210446D6F85801FDF7E2FF24044FEA24
:10EC2000002C1FFA8CFC002307220921D6F858017A
:10EC300004F47F0444EA0C04FDF7D2FF0346DBB280
:10EC4000234307EE903AFAEEC97A0020C5ED007A28
:10EC500070BD00BFF0B5DFEDEA7A2DED028B08EE56
:10EC6000101A90ED547A68EE277AB4EEE77AF1EE56
:10EC700010FA85B040F1538202220026FF250423BA
:10EC800004460121D0F8580101920092CDE90256C4
:10EC90001A46FEF7CBFB002840F00E82182194F8AC
:10ECA0006021DFEDD86A02F1090301FA03F006EEF4
:10ECB000100AB8EEC66A9FEDD47AC6EE865A85EE83
:10ECC000876A38EE466ADFEDD17AB0EEC66AB4EEF6
:10ECD000E76AF1EE10FA40F20C82142000FA03F514
:10ECE00006EE105AB8EEC66AC6EE865A85EE876AF8
:10ECF00038EE466AB0EEC66AB4EEE76AF1EE10FA94
:10ED000040F2DE814FF0100C0CFA03F306EE103ADD
:10ED1000B8EEC66AC6EE865A85EE876A38EE466A4F
:10ED2000B0EEC66AB4EEE76AF1EE10FA40F2E7819F
:10ED300002F1080301FA03F506EE105AB8EEC66AAE
:10ED4000C6EE865A85EE876A38EE466AB0EEC66A27
:10ED5000B4EEE76AF1EE10FA40F2D38100FA03F55F
:10ED600006EE105AB8EEC66AC6EE865A85EE876A77
:10ED700038EE466AB0EEC66AB4EEE76AF1EE10FA13
:10ED800040F2BB810CFA03FC06EE10CAB8EEC66A6C
:10ED9000C6EE865A85EE876A38EE466AB0EEC66AD7
:10EDA000B4EEE76AF1EE10FA40F2AD81D31D99405E
:10EDB00006EE101AB8EEC66AC6EE865A85EE876A67
:10EDC00038EE466AB0EEC66AB4EEE76AF1EE10FAC3
:10EDD00040F29B81984006EE100AB8EEC66AC6EE75
:10EDE000865AC5EE876A38EE667AB0EEC77AB4EE18
:10EDF000E77AF1EE10FA40F28A81102101FA03F36A
:10EE000006EE103ADFED7F6AB8EEC66A9FED7E7AB5
:10EE1000C6EE865A85EE876A38EE466AB0EEC66A56
:10EE2000B4EEE76AF1EE10FA40F273811820931DF8
:10EE300000FA03F506EE105AB8EEC66AC6EE865A18
:10EE400085EE876A38EE466AB0EEC66AB4EEE76AC7
:10EE5000F1EE10FA40F25F814FF0140C0CFA03F55A
:10EE600006EE105AB8EEC66AC6EE865A85EE876A76
:10EE700038EE466AB0EEC66AB4EEE76AF1EE10FA12
:10EE800040F24B8101FA03F306EE103AB8EEC66A7F
:10EE9000C6EE865A85EE876A38EE466AB0EEC66AD6
:10EEA000B4EEE76AF1EE10FA40F23C81531D00FA2D
:10EEB00003F506EE105AB8EEC66AC6EE865A85EE1F
:10EEC000876A38EE466AB0EEC66AB4EEE76AF1EEDB
:10EED00010FA40F229810CFA03F506EE105AB8EE4A
:10EEE000C66AC6EE865A85EE876A38EE466AB0EE86
:10EEF000C66AB4EEE76AF1EE10FA40F2178101FA41
:10EF000003F306EE103AB8EEC66AC6EE865A85EEF0
:10EF1000876A38EE466AB0EEC66AB4EEE76AF1EE8A
:10EF200010FA40F20581131D984006EE100AB8EE63
:10EF3000C66AC6EE865A85EE876A38EE466AB0EE35
:10EF4000C66AB4EEE76AF1EE10FA40F2F3800CFA0A
:10EF500003FC06EE10CAB8EEC66AC6EE865A85EE07
:10EF6000876A38EE466AB0EEC66AB4EEE76AF1EE3A
:10EF700010FA40F2E180994006EE101AB8EEC66A27
:10EF8000C6EE865AC5EE876A38EE667AB0EEC77A64
:10EF9000B4EEE77AF1EE10FA40F2D0801821D31CDB
:10EFA00001FA03F0B0EE677A07EE900A9FED156A5A
:10EFB000F8EEE77ADFED146AC6EE275AC5EEA67AB8
:10EFC00078EE677AF0EEE77AF4EEC77AF1EE10FAAF
:10EFD00040F2B680142000FA03F507EE905AF8EEDE
:10EFE000E77AC6EE275AC5EEA67A78EE677AF0EE93
:10EFF000E77AF4EEC77AF1EE10FA40F2A38007E068
:10F000000000FA440024F44B00007A44CDCCCC3DFF
:10F01000102505FA03F307EE903AF8EEE77AC6EE0C
:10F02000275AC5EEA67A78EE677AF0EEE77AF4EE24
:10F03000C77AF1EE10FA40F287800232914007EE73
:10F04000901AF8EEE77AC6EE275AC5EEA67A78EE61
:10F05000677AF0EEE77AF4EEC77AF1EE10FA98BF2D
:10F06000324647D9904007EE900AF8EEE77AC6EEAE
:10F07000275AC5EEA67A78EE677AF0EEE77AF4EED4
:10F08000C77AF1EE10FA98BF00221AD9954007EE20
:10F09000905AF8EEE77AC6EE275AC5EEA67A78EED1
:10F0A000677AF0EEE77AF4EEC77AF1EE10FA98BFDD
:10F0B000002208D96FF0670005B0BDEC028BF0BDEF
:10F0C000072242F008020025FF270226D4F8580143
:10F0D00004231921CDE90275CDE90056D2B2FEF71D
:10F0E000A5F90028E8D184ED558A05B0BDEC028B66
:10F0F000F0BD072242F01002E5E70622E1E7072211
:10F10000E1E70622F6E70622DDE70522F2E705221F
:10F11000D7E70522D7E70422ECE70422D1E76FF016
:10F120006600C9E70422CEE70322E3E70322C8E72B
:10F130000322C8E70222DDE70222C2E70222C2E779
:10F140000122D7E70122BCE70122BCE770B50546E2
:10F150000E46D0F8580184B0C9B10022FF23052122
:10F160000324CDE9023201910094042308220221F4
:10F17000FEF75CF904460CB985F860612846D5F8BD
:10F180005411FFF767FD204300B204B070BDFF22A9
:10F19000052303910321CDE9013200910423324676
:10F1A0000221FEF743F90446E5E700BF89B3F8B54D
:10F1B00090F8607106460D461FB1002300200B60D9
:10F1C000F8BD05223B461146D0F85801FDF708FD71
:10F1D0003B46044607220621D6F85801FDF700FDFC
:10F1E0002402A4B2C0B244EA000307EE903A9FEDB5
:10F1F0000A6AF8EEE77ADFED096A67EE867A9FED34
:10F20000087A67EEA67A67EE877A0020C5ED007A65
:10F21000F8BD6FF01B00704700007A440000004208
:10F22000000000362DE9F0430D46064685B0CCB20D
:10F2300082B3A31CDBB2162B56D804234FF0000870
:10F240004FF0FF090227D0F8580101211A46CDE9F5
:10F250000298CDE90077FEF7E9F80A2DD6F85801B3
:10F260003BDD112DCDE90179D4BF04F10E0204F18B
:10F270000B0242F0600207231121CDF80C80CDF87B
:10F280000080D2B2FEF7D2F808B986F8645105B012
:10F29000BDE8F0831234E4B21F2C25D84FF00208E9
:10F2A0004FF0FF09042317460392D0F858011A467D
:10F2B0000121CDE90189CDF80080FEF7B7F8CDE94D
:10F2C0000297CDF80480009707231121D6F8580142
:10F2D00044F08002FEF7AAF8D6E704F11202CDE965
:10F2E000017942F04002C6E76FF00C00CFE700BFA3
:10F2F0002DE9F04F072B85B067D802F1FF39B9F13E
:10F30000070F144661D81F460B780D46002B5CD0C2
:10F31000012A80461FD04B78002B56D0022A1AD0E3
:10F320008B78002B51D0032A15D0CB78002B4CD0F2
:10F33000042A10D00B79002B47D0052A0BD04B792B
:10F34000002B42D0062A06D08B79002B3DD0082A0C
:10F3500001D1CB79CBB300234FF0FF0B03934FF0D8
:10F36000020A06238DE8080C802207232E21D8F8F4
:10F370005801FEF75BF8064618BB8DE8400C039079
:10F380003A4653462E21D8F85801FEF74FF8064664
:10F39000B8B90326CDE902B0CDF804A04FEAC902FE
:10F3A00005232E21D8F8580102F0F8020096FEF746
:10F3B0003DF82F21064623462A46D8F85801FDF786
:10F3C00027FC304605B0BDE8F08F6FF06806304688
:10F3D00005B0BDE8F08F00BF2DE9F04100234FF0EC
:10F3E000FF080225012284B0CDE902830092019535
:10F3F00006460F462B462A463721D0F85801FEF71D
:10F4000015F8044658B9D6F858013A46CDE90284B1
:10F41000CDE9004507233921FEF708F804462046C8
:10F4200004B0BDE8F08100BF2DE9F04100234FF0AA
:10F43000FF080226012284B0CDE9028300920196E2
:10F4400005460F46334604223721D0F85801FDF710
:10F45000EDFF044658B9D5F858013A46CDE9028483
:10F46000CDE9004607233A21FDF7E0FF0446204698
:10F4700004B0BDE8F08100BF70B500220225012371
:10F48000FF2684B0CDE90262CDE90035372104467C
:10F490002B46D0F85801FDF7C9FF024610B11046BF
:10F4A00004B070BDCDE90260CDE900050723392124
:10F4B000D4F85801FDF7BAFF02460028EFD1D4F87E
:10F4C00058010723CDE9026200923A210195FDF728
:10F4D000ADFF0246104604B070BD00BFF0B5002776
:10F4E000FF260225042385B0CDE90267019500952A
:10F4F00004461A460121D0F85801FDF797FF03236F
:10F50000CDE90267CDE9003508224E21D4F8580133
:10F51000FDF78CFF04E028680A210368DB6998473F
:10F5200002234E211A46D4F85801FDF759FB04284E
:10F53000D4F85851EFD0002307224F212846FDF779
:10F540004FFBB4F8623143FA80F0404200B205B09C
:10F55000F0BD00BF38B504460D46FFF7BFFF411BA5
:10F56000A4F8621138BD00BF40292AD82DE9F04126
:10F57000002207264FF0FF08022784B00D460446FC
:10F580003721D0F858013346CDE90282CDE9006732
:10F59000FDF74CFF10B104B0BDE8F081CDF8088054
:10F5A00003900197009033462A463821D4F8580139
:10F5B000FDF73CFF0028EED184F86D0104B0BDE8F2
:10F5C000F0816FF00300704740292AD82DE9F041FF
:10F5D00000230725FF27022684B0884604468022A0
:10F5E000D0F858013721CDE9027300952B460196DA
:10F5F000FDF71CFF10B104B0BDE8F0810297039045
:10F60000019600902B4642463821D4F85801FDF768
:10F610000DFF0028EFD1802384F86D3104B0BDE8E0
:10F62000F0816FF0030070472DE9F04100234FF0A7
:10F63000FF080622022784B0CDE9028300920197D9
:10F6400005460E46072380222E21D0F85801FDF7EB
:10F65000EDFE044658B9D5F858013246CDE902848A
:10F66000CDE900473B462E21FDF7E0FE044620464B
:10F6700004B0BDE8F08100BFF0B50027FF260225E9
:10F68000062485B0D0F85801072340222E21CDE969
:10F690000267CDE90045FDF7C9FE05B0F0BD00BF2A
:10F6A000F0B50027FF260221052585B0CDE90267C8
:10F6B00001910095044606234022D0F85801FDF739
:10F6C000B5FE10B9012384F86F3105B0F0BD00BF5D
:10F6D000F0B50027FF260221052585B0CDE9026798
:10F6E00001910095044606236022D0F85801FDF7E9
:10F6F0009DFE08B984F86F0105B0F0BD70B584B007
:10F7000069B104230026FF25022410223721D0F8F6
:10F7100058018DE87800FDF789FE04B070BD042320
:10F72000FF2502240A46D0F8580103918DE83800DD
:10F730003721FDF77BFE04B070BD00BF90F86E313D
:10F740008B4265D0F0B5036804460D461B6E444AF3
:10F7500085B0C1B193427BD100222C21D0F8580151
:10F76000FDF72AFBFF2600220220CDE90262CDE947
:10F77000002007232D21D4F85801FDF757FE00285B
:10F7800048D005B0F0BD934265D10A46D0F8580183
:10F790002C21FDF711FBFF200222CDE9012003956A
:10F7A000009507232D21D4F85801FDF73FFE0028CE
:10F7B000E7D1FF2702264FF0060C0390D4F858013A
:10F7C000072380222E21CDE90167CDF800C0FDF787
:10F7D0002DFE0028D5D1CDE90270CDE90006024604
:10F7E00033462E21D4F85801FDF720FE0028C8D159
:10F7F0000423CDE901670390D4F858011022372182
:10F800000093FDF713FE0028BBD184F86E51B8E7D2
:10F8100000207047FF2702264FF0060C0390D4F813
:10F820005801072340222E21CDE90167CDF800C001
:10F83000FDF7FCFD0028A4D1042303900297019654
:10F8400002463721D4F858010093FDF7EFFDDAE7BF
:10F850000021984793E710219847002891D1A8E705
:10F86000BDD7001070B5D0F8580184B069B100243C
:10F87000FF26022507232D225821CDE90264CDE978
:10F880000045FDF7D3FD04B070BDFF2502240391B0
:10F89000009107232D221B21CDE90145FDF7C6FD6F
:10F8A00004B070BD9FED157A07EE901AF4EEC77A9A
:10F8B000F1EE10FA1FDBF5EEC07AF1EE10FA1AD86D
:10F8C000B8EE007A67EE877AFCEEE77A30B587B05B
:10F8D0000022CDED057AFF250224D0F85801072338
:10F8E000CDE90252CDE9002429219DF81420FDF72D
:10F8F0009DFD07B030BD6FF01A0070470000FFC2D9
:10F90000D0F85801FDF7C8BED0F85801FDF70CBF7C
:10F91000052925D830B54B0003294FF00004D0F855
:10F92000580185B0D2B2DBB211D9C1F1070149004B
:10F93000C9B200912621C3F10F03FF25CDE902547E
:10F940000224DBB20194FDF771FD05B030BDC1F1B9
:10F9500003014900C9B20091C3F107032521ECE777
:10F960006FF01900704700BF002307221021D0F864
:10F970005801FDF735B900BF2DE9F0470022FF27F8
:10F980000226042384B0CDE902720196009601217B
:10F9900080461A46D0F85801FDF748FD044618B1D4
:10F9A000204604B0BDE8F0870625CDE90167039045
:10F9B00002460723D8F8580101210095FDF736FDCE
:10F9C00004460028ECD14FF00409CDE9016703900B
:10F9D000D8F85801102213214B46CDF80090FDF7BE
:10F9E00025FD04460028DBD12B460325CDE9027016
:10F9F000019602463146D8F858010095FDF716FDEC
:10FA00008DE8D0000394012304462A463146D8F8F5
:10FA10005801FDF70BFD044324B2002CC0D1CDE901
:10FA20000274CDE900460723E4222921D8F85801C1
:10FA3000FDF7FCFC04460028B2D110222821D8F89A
:10FA40005801FDF7B9F9CDE90274CDE90046072266
:10FA500026213346D8F85801FDF7E8FC0446002873
:10FA60009ED14FF0010ACDE9027001960723902242
:10FA70003721D8F85801CDF800A0FDF7D7FCCDE923
:10FA80000274CDF8009001962246054607233D21D9
:10FA9000D8F85801FDF7CAFC8DE8D000039405435F
:10FAA000534632463D21D8F85801FDF7BFFC2CB231
:10FAB000044324B2002C7FF473AFCDE90274CDE986
:10FAC000004607233A463821D8F85801FDF7AEFC26
:10FAD000044600287FF464AFCDE90270CDE900064A
:10FAE00007239F223C21D8F85801FDF79FFC0446CC
:10FAF00000287FF455AFCDE90270CDE90006072359
:10FB00003A462A21D8F85801FDF790FCCDE9027455
:10FB1000CDE90046072304462B213A46D8F8580180
:10FB2000FDF784FC044324B2002C7FF439AF022596
:10FB3000D8F858010723CDE90274CDE900453022F9
:10FB40006F21FDF773FC04462AE700BF2DE9F0475B
:10FB500004460B25D0F8580186B00E46FCF744FD4C
:10FB6000D4F858311868596A036842689B68984706
:10FB70006B1E13F0FF0516D02046FEF7EBFD0023A9
:10FB800007221021D4F85801FDF72AF8242814D0B0
:10FB9000D4F858310A2118680368DB6998476B1E4E
:10FBA00013F0FF05E8D1D4F85801FCF733FD6FF0EE
:10FBB0000105284606B0BDE8F0872046FFF7DCFEC9
:10FBC00005460028F5D123682046DB6B316898474D
:10FBD00005460028EDD1F268236820461B6CC4F866
:10FBE00054217168984705460028E2D12046F16803
:10FBF000FFF730F805460028DBD1236820465B6C10
:10FC0000B168984705460028D3D123689F4A5B6DA9
:10FC100096F91090934240F0148109F11207FFB257
:10FC20001F2F00F230814FF0020804234FF0FF0A2B
:10FC300003901A46D4F858010121CDE9018ACDF884
:10FC40000080FDF7F3FBCDE9018A039500950723BA
:10FC50001121D4F8580147F08002FDF7E7FB054673
:10FC60000028A6D184F864912368894A1B6E758A9E
:10FC7000934240F0EE8015F0070640F001813246D5
:10FC80002C21D4F85801FDF797F8FF200222CDE986
:10FC90000206CDE900620723C5F3C7022D21D4F87F
:10FCA0005801FDF7C3FB0546002D82D107274FF011
:10FCB000FF0802260395D4F85801802237213B46DD
:10FCC000CDE901680097FDF7B1FB054600287FF4F8
:10FCD00070AFCDE90280CDE900063B4640223821D5
:10FCE000D4F85801FDF7A2FB054600287FF461AF68
:10FCF0000621039080224AF61250CDE90168009156
:10FD0000ADF814003B462E21D4F8580184F86D213B
:10FD1000FDF78CFB054600287FF44BAFCDE9028050
:10FD2000CDE90006024633462E21D4F85801FDF7EE
:10FD30007DFB054600287FF43CAF0327CDE9028018
:10FD40000196052308222E21D4F858010097FDF7CB
:10FD50006DFB05462F213346D4F8580105AAFCF760
:10FD600057FF002D7FF425AF23684A499A6C8A42D9
:10FD700074D11B69484A934275D10121D4F85801C6
:10FD8000FDF7F8FC0423CDE90285CDE900660121E9
:10FD90001A46D4F85801FDF749FB0546002D7FF4BB
:10FDA00008AF0221FF26039500952A46D4F8580192
:10FDB0000123CDE90116FDF739FB0546002D7FF43F
:10FDC000F8AE23683549DA6C8A4250D11B69324A51
:10FDD000934251D10121D4F85801FDF7CBFC022008
:10FDE000FF220423CDE901020395009001211A4668
:10FDF000D4F85801FDF71AFB0546002D7FF4D9AE63
:10FE00004FF0FF0C022705260395D4F858012A4627
:10FE100006233721CDE9017C0096FDF707FB054657
:10FE2000002D7FF4C6AE0423FF270226D4F8580124
:10FE30001022039537218DE8C800FDF7F7FA054633
:10FE4000B7E6494620469847054600283FF40CAFE0
:10FE5000AFE6294620469847054625E7294620462D
:10FE600090470546AAE720469847054696E7294663
:10FE7000204690470546D3E7204698470546BCE70D
:10FE80006FF0110595E66FF00C0592E62DD9001084
:10FE9000BDD7001049E100102DD80010A1E00010DE
:10FEA0002DE9F043074687B0884616461D46DDED2E
:10FEB0000E7A0F4C0DF1040C0FCCACE80F009DF93D
:10FEC0003C909DF840E02368384601A9CCF800300A
:10FED000CDED047A8DF81490CDF804800296039548
:10FEE000ADF816E0FFF732FE07B0BDE8F08300BFC3
:10FEF000D0350210402A2CD82DE9F04300230727E3
:10FF00004FF0FF094FF0020885B0154604460E4633
:10FF1000D0F858010A46CDE9029337213B46CDE996
:10FF20000078FDF783FA10B105B0BDE8F083CDE9A4
:10FF30000189039000903B462A463821D4F85801A5
:10FF4000FDF774FA0028EFD184F86D6105B0BDE8C3
:10FF5000F0836FF00300704770B502240026FF2580
:10FF600084B00A46D0F8580104230121CDE9025695
:10FF7000CDE90044FDF75AFA04B070BD10B504464F
:10FF8000FF222721D0F85801FCF716FFD4F85801BA
:10FF9000FF22BDE810402821FCF70EBF51B138B553
:10FFA00005460C460021D5F85801FCF741FD013CFF
:10FFB000F8D138BD704700BF704700BF10B5044688
:10FFC0004FF4B871F4F7A8FC204610BD10B5DFED72
:10FFD0001F7A2DED028B08EE101AB4EEE78AF1EECF
:10FFE00010FA2EDBDFED1A7AB4EEE78AF1EE10FAA2
:10FFF00004461BD9DFED177AB4EEE78AF1EE10FA6A
:020000041001E9
:100000001FDBDFED157AB4EEE78AF1EE10FA0DD9B9
:10001000DFED127AB4EEE78AF1EE10FA11DBDFEDD4
:10002000107AB4EEE78AF1EE10FA0AD818EE101A38
:10003000204605F095FB08B984ED548ABDEC028B8F
:1000400010BD6FF00B00BDEC028B10BD000009432A
:1000500000002F430080C543004003440080574404
:1000600000007F4470B52DED028B0D46434B84B0EC
:100070001B686E8A1A0CADF80C30EB680196009381
:100080008DF80E20AB68032203A9044606F048F859
:1000900000284CD123682046D3F8E0309847002848
:1000A00045D12368364ADB6B95ED008A934256D1E1
:1000B000DFED347AB4EEE78AF1EE10FA49DBDFEDDA
:1000C000327AB4EEE78AF1EE10FA0DD9DFED2F7A2D
:1000D000B4EEE78AF1EE10FA3BDBDFED2D7AB4EEF9
:1000E000E78AF1EE10FA26D818EE101A204605F02D
:1000F00037FBE0B984ED548A236820461B6C69689D
:100100009847A0B9236820465B6D95F91010984771
:1001100068B994F84E314BBB236801469B6C20466E
:10012000984720B900220121204601F0A9FA04B025
:10013000BDEC028B70BDDFED177AB4EEE78AF1EE0D
:1001400010FA06DBDFED147AB4EEE78AF1EE10FA6E
:10015000CAD96FF00B0004B0BDEC028B70BD18EE75
:10016000101A204698470028C6D0E0E701462046EE
:1001700001F01EFA0028D5D0D9E700BF34220210C2
:10018000CDFF00100000094300002F430080C5434D
:10019000004003440080574400007F4430B52DEDFB
:1001A000028B0D46424B85B01B6803A91A0CADF8B3
:1001B0000C30AB898DF80E2000930322AB7A0446F5
:1001C00005F0C4FE18B105B0BDEC028B30BD204671
:1001D000696800F0B7FE0028F5D12368354ADB6B6B
:1001E00095ED008A93425BD1DFED337AB4EEE78A76
:1001F000F1EE10FA4EDBDFED317AB4EEE78AF1EE84
:1002000010FA0DD9DFED2E7AB4EEE78AF1EE10FA8E
:1002100040DBDFED2C7AB4EEE78AF1EE10FA2BD852
:1002200018EE101A204605F09BFA0028CBD184ED79
:10023000548A23682046D3F8F830297A9847002852
:10024000C1D12046697A01F01DF80028BBD123688E
:1002500020465B6D95F90B1098470028B3D12046D6
:1002600094F84D1101F02CF90028ACD1024601217F
:10027000204601F005FAA6E7DFED137AB4EEE78A2F
:10028000F1EE10FA06DBDFED117AB4EEE78AF1EE5B
:1002900010FAC5D96FF00B0005B0BDEC028B30BD74
:1002A00018EE101A204698470028C2D08BE700BFEE
:1002B00034220210CDFF00100000094300002F433C
:1002C0000080C543004003440080574400007F4441
:1002D0002DE9F04F2DED028B89B08B4692469E465C
:1002E000DDED147A9DF85C200368584D0DF10C0C7F
:1002F000D3F8F070044680F84E210FCDACE80F0023
:10030000DFF86C819DF95490BDF858602B68474523
:10031000CCF80030CDED067ACDF80CB0CDF810A0B9
:100320008DF81C90CDF814E0ADF81E6063D1484AFA
:10033000CDED007A116873460D0CADF8081003225C
:100340002046019602A98DF80A5005F0E9FE002822
:100350004CD123682046D3F8E0309847002845D197
:1003600023683C4ADB6B9DED038A934260D1DFED4D
:100370003A7AB4EEE78AF1EE10FA52DBDFED377A23
:10038000B4EEE78AF1EE10FA0DD9DFED357AB4EE6E
:10039000E78AF1EE10FA44DBDFED327AB4EEE78A59
:1003A000F1EE10FA2FD818EE101A204605F0D8F901
:1003B000E0B984ED548A236820461B6C0499984761
:1003C000A0B9236820465B6D9DF91C10984768B959
:1003D00094F84E319BBB236801469B6C204698479E
:1003E00020B900220121204601F04AF909B0BDECF4
:1003F000028BBDE8F08F204603A9B84709B0BDECD9
:10040000028BBDE8F08FDFED187AB4EEE78AF1EEEB
:1004100010FA06DBDFED157AB4EEE78AF1EE10FA9A
:10042000C1D96FF00B0009B0BDEC028BBDE8F08FB5
:1004300018EE101A204698470028BCD0D6E701468F
:10044000204601F0B5F80028CBD0CFE7F8350210F0
:1004500034220210CDFF00100000094300002F439A
:100460000080C543004003440080574400007F449F
:10047000650001102DE9F04F2DED028B8B46924661
:10048000994689B09DF86020594B80F84D2102684B
:100490000DF1100CD2F8E86004460FCB8CE80F0089
:1004A000544B9DF850809DF854E09DF95870BDF86C
:1004B0005C509E42CDF810B0CDF814A08DF8189085
:1004C0008DF819808DF81B708DF81AE0ADF81C506E
:1004D0006AD1494A734611680095080CADF80C10B2
:1004E0008DF80E000322204603A905F02FFD20B150
:1004F00009B0BDEC028BBDE8F08F2046059900F0F5
:1005000021FD0028F4D123683C4ADB6B9DED048A71
:10051000934266D1DFED3A7AB4EEE78AF1EE10FA53
:1005200058DBDFED387AB4EEE78AF1EE10FA0DD938
:10053000DFED357AB4EEE78AF1EE10FA4ADBDFED53
:10054000337AB4EEE78AF1EE10FA35D818EE101AC5
:10055000204605F005F90028CAD184ED548A2368A5
:100560002046D3F8F8309DF8181098470028BFD1DE
:1005700020469DF8191000F085FE0028B8D12368A8
:1005800020465B6D9DF91B1098470028B0D120468E
:1005900094F84D1100F094FF0028A9D102460121E2
:1005A000204601F06DF8A3E761462046B04709B048
:1005B000BDEC028BBDE8F08FDFED157AB4EEE78A73
:1005C000F1EE10FA06DBDFED137AB4EEE78AF1EE16
:1005D00010FABBD96FF00B0009B0BDEC028BBDE87F
:1005E000F08F18EE101A204698470028B7D07FE702
:1005F0000C3602109D01011034220210CDFF0010B4
:100600000000094300002F430080C543004003441D
:100610000080574400007F44F0B52DED028B044666
:100620008DB0002900F09180012940F08880026897
:10063000674BD2F8EC509D4240F0A180002180F839
:100640004D11D2F8E860634F634B07ADBE420FCB4C
:1006500085E80F0040F0AE800825604A122311683B
:100660000095080C8DF81A00ADF8181003222046EA
:1006700006A905F06BFC002863D12046089900F01C
:1006800061FC00285DD12368554ADB6B9DED078A2C
:10069000934240F09680DFED537AB4EEE78AF1EEB4
:1006A00010FAC0F28B80DFED507AB4EEE78AF1EEFB
:1006B00010FA1BD9DFED4D7AB4EEE78AF1EE10FAAD
:1006C0007CDBDFED4B7AB4EEE78AF1EE10FA0DD960
:1006D000DFED487AB4EEE78AF1EE10FA6EDBDFED7B
:1006E000467AB4EEE78AF1EE10FA67D818EE101ADF
:1006F000204605F035F820BB84ED548A2368204657
:10070000D3F8F8309DF824109847D0B920469DF8CA
:10071000251000F0B7FDA0B9236820465B6D9DF958
:100720002710984768B9204694F84D1100F0C8FE8C
:1007300038B902460121204600F0A2FF01E06FF027
:1007400013000DB0BDEC028BF0BD03682B4AD3F84B
:10075000F450954222D12A4D0DF11C0CD3F8F060D3
:1007600080F84E110FCDACE80F002B68204607A98A
:10077000CCF80030B0470DB0BDEC028BF0BD1224B8
:10078000002108230A2201940724CDE903310292B3
:1007900009231C4A1C490094A847D2E710270A26BF
:1007A000184C0391CDE90167184B194A164900947A
:1007B000A847C6E729462046B047C2E76FF00B00BE
:1007C000BFE718EE101A20469847002896D0B8E7E1
:1007D000750401109D0101100C3602103422021024
:1007E000CDFF00100000094300002F430080C543E7
:1007F000004003440080574400007F44D1020110B0
:10080000F83502100000FA420000D9430000A04071
:100810009A99994010B5044600F08AFB014B204696
:10082000236010BD24360210704700BF10B5044687
:100830004FF4BC71F4F770F8204610BD036810B592
:10084000D3F8D830984704460068A16A03688268E4
:100850009B6898472068A16A0368C268DB6898476C
:10086000206801210368DB6998472068A16A036852
:100870000269DB68984720680521BDE810400368DD
:10088000DB69184700B52DED028B85B00DF1100C1A
:100890000CE90E009DF820309DED028A032B31D02B
:1008A0004FF0FF3043BBB6EE007ADDED017AF4EE97
:1008B000C77AF1EE10FA4EDBDFED2D6AF4EEE67A40
:1008C000F1EE10FA47D8F0EE486AE7EE876ADFEDFE
:1008D000297AF4EEE76AF1EE10FA3FD8DFED267AD6
:1008E000F4EEC87AF1EE10FAACBF00206FF06500AC
:1008F00005B0BDEC028B00BD012B0FD005B0BDECE7
:10090000028B00BD036808A9D3F8CC3098470028B3
:10091000F4D19DF82030002BEED1C4E79DF80430CF
:10092000063B062B20D8B5EEC08AF1EE10FA18DB94
:10093000DFED127AB4EEE78AF1EE10FA11D89DF8E5
:100940000C30043B042B8CBF6FF00900002005B075
:10095000BDEC028B00BD6FF06400CFE76FF0650067
:10096000CCE76FF00700C9E76FF00800C6E700BFEB
:100970000000964300007A43000048430000FF4314
:1009800092B114290DD011290B46A8BF1123022BB7
:10099000B8BF022313700239C9B20F2907D800204B
:1009A00070470020117070471429F8D0F3E76FF0FA
:1009B0000C00704710B5DFED177A2DED028B08EEB5
:1009C000101AB4EEE78AF1EE10FA20DBDFED127AAE
:1009D000B4EEE78AF1EE10FA04460DD9DFED0F7A96
:1009E000B4EEE78AF1EE10FA11DBDFED0D7AB4EE2A
:1009F000E78AF1EE10FA0AD818EE101A204604F031
:100A0000AFFE08B984ED548ABDEC028B10BD6FF0C7
:100A10000B00F9E70000094300002F430080C543A5
:100A2000004003445D2203F077BF00BF9FED097AC9
:100A3000D0ED547AB4EEE77AF1EE10FA4FF00002FE
:100A40004FF00101CCBF6FF0A3036FF09C0305F0E2
:100A50001BBD00BF0000594470B584B0054601F0CD
:100A6000EFFD044680B92B682846D3F8D830984764
:100A7000FF2607230225CDE9026480224421CDE927
:100A80000035FCF7D3FC0446204604B070BD00BF1F
:100A90002DE9F0472DED028B84B004460D4605F09C
:100AA00009FA80285BD123682046D3F8D8309847CC
:100AB000DFED9E7A94ED557A77EE677ADFED9C6AEA
:100AC000F0EEE77AF4EEE67AF1EE10FA064694EDEF
:100AD000548A49D9DFED977A77EE677ADFED946A29
:100AE000F0EEE77AF4EEE67AF1EE10FA00F28680A4
:100AF000DFED917A4FF000084FF0480938EE278A71
:100B00004746236820461B6998472046002D5BD046
:100B100018EE101A04F024FE002407253A464FF080
:100B2000FF0A022731212B4630468DE8A0040394AA
:100B3000FCF77CFC2F214A462B463046CDE902A427
:100B4000CDE90047FCF772FC2B4642463046302187
:100B5000CDF808A0039401970094FCF767FC04B05B
:100B6000BDEC028BBDE8F087DFED747AB4EEE78A66
:100B7000F1EE10FA2DDADFED727AB4EEE78AF1EEDB
:100B800010FA5ADADFED6F7A77EE677ADFED686A8E
:100B9000F0EEE77AF4EEE67AF1EE10FA43D9DFED03
:100BA0006A7A77EE677AF0EEE77AF4EEE67AF1EEBB
:100BB00010FA4FD8DFED657A4FF000084FF0440986
:100BC00038EE278A47469CE7D4F8501104F0C8FD58
:100BD000A2E7DFED5F7AB4EEE78AF1EE10FAD1D842
:100BE00002223621FCF7E8F864223A213046FCF76D
:100BF000E3F894ED557A94ED548A6BE7DFED557A7E
:100C000077EE677AF0EEE77AF4EEE67AF1EE10FA34
:100C100074D8DFED517A4FF000084FF0440938EEF8
:100C2000278A47466DE7DFED4D7A4FF000084FF019
:100C3000440938EE278A474663E7DFED497AB4EE88
:100C4000E78AF1EE10FA59D802223621FCF7B4F8FF
:100C50007F22CAE7DFED437A77EE677AF0EEE77A34
:100C6000F4EEE67AF1EE10FA09D8DFED3F7A4FF0B4
:100C700000084FF0440938EE278A474641E7DFED88
:100C80003B7A77EE677AF0EEE77AF4EEE67AF1EE09
:100C900010FA2DD9DFED367A77EE677AF0EEE77A43
:100CA000F4EEE67AF1EE10FA22D9DFED327A77EE41
:100CB000677AF0EEE77AF4EEE67AF1EE10FA17D9F9
:100CC000DFED1A7A77EE677AF0EEE77AF4EEE67AFD
:100CD000F1EE10FA3FF643AF2F213046FBF7A8FEA6
:100CE000302181463046FBF7A3FE8027804608E787
:100CF0004FF000084FF04009474602E7DFED1E7A4B
:100D000077EE677ADFED0A6AF0EEE77AF4EEE67ADC
:100D1000F1EE10FA3FF636AFDFED187A4FF000082B
:100D20004FF0440938EE278A4746EAE60000FA43C6
:100D30006F12833A9A99F94007EBFF3B00805744C2
:100D40000000CD436666A6410000FA410000003D68
:100D500000007F4466662641A6B82A3CADA3AA3CA3
:100D600000400344CDCC264229AE2A3D00007A4201
:100D70000000FA4200007A439A99794107EB7F3CE0
:100D8000F0B584468DB0D1B1012914D10268254B4C
:100D9000D2F8EC409C422AD10021234B07AC80F8CA
:100DA0004D11D2F8E8500FCB84E80F002146604681
:100DB000A8470DB0F0BD6FF013000DB0F0BD036893
:100DC0001A4AD3F8F440944220D1194C0DF11C0E6C
:100DD000D3F8F05080F84E110FCCAEE80F00236826
:100DE000604607A9CEF80030A8470DB0F0BD122527
:100DF000002108230A2201950725CDE9033102923B
:100E000009230C4A0C490095A047D2E710270A266F
:100E1000084D0391CDE90167084B094A0649009541
:100E2000A047C6E7891A011034370210851C01104B
:100E3000443702100000FA420000D9430000A040ED
:100E40009A999940F0B585B004460D4605F032F800
:100E5000002869D194F862312BB3002D61D120466E
:100E600005F028F8054600285ED194F86231002B81
:100E700057D0204601F0DAFF034622682046D2F818
:100E8000D8201C469047FF2102230522CDE90131DD
:100E9000009206232A460A210395FCF7C7FA20434D
:100EA00000B205B0F0BD204601F0C0FF0028F8D127
:100EB00023682046D3F8D8309847042D2ED8DFE891
:100EC00005F0121F262D03000027FF26022505240A
:100ED000062320220A21CDE90267CDE90045FCF76F
:100EE000A5FA05B0F0BD0022FF2602250524062341
:100EF0000A21CDE90262CDE90045FCF797FAD0E777
:100F00000027FF260225052406236022E2E70027AA
:100F1000FF260225052406234022DBE76FF0690047
:100F2000BFE76FF06A00BCE76FF01300B9E700BFDE
:100F300010B5044603F00EF9014B2046236010BDA6
:100F4000603702102DE9F0412DED028B84B005468B
:100F500008EE101A04F0AEFF802840F0DF80DFEDCD
:100F6000777A78EE677A9FED767AF0EEE77AF4EEAC
:100F7000C77AF1EE10FA40F2B080DFED727A78EEC7
:100F8000677AF0EEE77AF4EEC77AF1EE10FA49D814
:100F90004FF01008284601F049FF2B680446D3F8AB
:100FA000D83028469847FF27002304210226CDE9A0
:100FB00002730091424607231D210196FCF736FA81
:100FC000044324B244BB95F8643185ED558A1BB3C4
:100FD0004FF0010895F858312A6808FA03F307EE34
:100FE000903AF8EE677A2846D2F8D820C7EE888A79
:100FF0009047F3EE007AF4EEE78AF1EE10FA72DB36
:10100000032385F865810822CDE902742621CDE904
:101010000036FCF70BFA0446204604B0BDEC028B08
:10102000BDE8F081DFED487A78EE677AF0EEE77A96
:10103000F4EEC77AF1EE10FA52D9DFED447A78EE89
:10104000677AF0EEE77AF4EEC77AF1EE10FA5CD93F
:10105000DFED3F7A78EE677AF0EEE77AF4EEC77A62
:10106000F1EE10FA54D9DFED3B7A78EE677AF0EEC4
:10107000E77AF4EEC77AF1EE10FA4CD9DFED367A62
:1010800078EE677AF0EEE77AF4EEC77AF1EE10FACE
:1010900047D9DFED327A78EE677AF0EEE77AF4EE50
:1010A000C77AF1EE10FA3FD9DFED2D7A78EE677A44
:1010B000F0EEE77AF4EEC77AF1EE10FA37D9DFED09
:1010C000297A78EE677AF0EEE77AF4EEC77AF1EEF5
:1010D00010FA2FD84FF090085CE74FF0000859E75E
:1010E0004FF0200856E7032385F865412246039414
:1010F0002621CDE901670093FCF798F904462046C4
:1011000004B0BDEC028BBDE8F0814FF0300841E740
:101110004FF040083EE74FF050083BE76FF01304F4
:101120007AE74FF0600835E74FF0700832E74FF08C
:1011300080082FE76FF007046EE700BF9A99F94027
:101140006F12833A666626419A9979416666A6418E
:101150000000FA41CDCC264200007A420000FA425B
:1011600000007A430000FA432DE9F0418AB005AC53
:1011700084E80E0003680DF12701D3F8CC30064651
:101180009DF84070DDF818809847044638BB032F5F
:101190009DF8275010D0AF420DD0336830461B6900
:1011A000984700285CD1336839463046D3F8C830B8
:1011B0009847002854D13D46ADB93368304A1B6C7E
:1011C0000599934251D15D22304603F0A5FB0446B8
:1011D0002CB93368414630465B6C9847044620463C
:1011E0000AB0BDE8F081012DF9D1336830469DF891
:1011F0001410D3F8F830984704460028EFD1414640
:101200003046FFF79FFE04460028E8D130469DF89F
:101210001C8004F04FFE80282ED1A8F10403042B7B
:1012200027D8304601F002FE33680746D3F8D8309D
:10123000304698470222FF21CDE901214FEA4802BA
:10124000083A039403231D21009502F0FE02FCF7E7
:10125000EDF807433CB2002CC1D186F86081BEE7AF
:10126000044620460AB0BDE8F0813046984704465F
:10127000AEE76FF00904B2E76FF01304AFE700BF09
:10128000250A011070B584B005460E4604F012FE22
:10129000802825D1331F042B1FD8284601F0C6FD16
:1012A0002B680446D3F8D830284698470023FF22FD
:1012B00002210393012302927200083ACDE9003122
:1012C00002F0FE0203231D21FCF7B0F8044320B214
:1012D00008B985F8606104B070BD6FF00900FAE7E5
:1012E0006FF01300F7E700BF2DE9F04301290C462A
:1012F000064685B070DD1546002A3ED00B1DDBB2D8
:10130000132B00F2AC8001F091FD33680746D3F84F
:10131000D83030469847064644F07004E4B20025C1
:101320004FF002084FF0FF09072309212A46CDE9B3
:1013300000383046CDE90295FCF778F806232246BE
:1013400009210446CDE902953046CDE90058FCF765
:101350006DF8434604433046CDF808903C4303956E
:10136000CDF80480042200954D21FCF75FF824B2EB
:10137000204300B205B0BDE8F083142941D08C1E93
:10138000E7B20F2F6BD801F051FD33680446D3F854
:10139000D83030469847022607234FF0FF098022B5
:1013A00009218DE8480203958046FCF73FF80623A3
:1013B000044309214046CDE90295CDE9005647F0A6
:1013C0007002FCF733F824B2044333464046CDF8AC
:1013D000089003950196C5E7CDB22B1DDBB2132B08
:1013E0003DD801F023FD33680746D3F8D8303046A6
:1013F0009847002C06468FDAEC1C44F02004E4B237
:101400008DE701F013FD33684FF0FF094FF0070837
:101410000446D3F8D8303046022698478022092166
:101420004346CDE900860395CDF808900746FBF7C3
:10143000FDFF06237F22044309213846CDE90295AA
:10144000CDE90056FBF7F2FF24B20443424638468A
:101450003346CDF8089003950196009584E76FF028
:101460000C0087E70022FFF73FBF00BF8BB14AB1F6
:101470000F290B466FF00300A8BF0F238342B8BFAC
:10148000034613700431C9B2132911D96FF00C004F
:1014900070477AB1142911D011290B46A8BF112326
:1014A000022BB8BF022313700239C9B20F29EDD83D
:1014B000002070471429F7D1002070471170F7E71A
:1014C0002DE9F043062985B06FD805460C4601F09A
:1014D000ADFC2B680646D3F8D83028469847074617
:1014E000284604F0E7FC8028054613D070B9002C8C
:1014F0004FD103230394FF250224384608220D21EF
:101500008DE83800FBF792FF304306B2304605B055
:10151000BDE8F0832CB300254FF002084FF0FF091F
:101520002621384643462A46CDE90295CDE9008872
:10153000FBF77CFF01466201384607230C46CDE9E4
:10154000018942F003020395009502F0E3020C21A9
:10155000FBF76CFF0443344326B2304605B0BDE8C8
:10156000F08302254FF0FF0804222B460394262126
:101570003846CDE901580095FBF758FF0246039421
:1015800000943846144601230322CDF808800195C3
:10159000DDE74FF0FF0903234FF0020802460390F6
:1015A0000D2138468DE80803C2E76FF01206ADE75B
:1015B000F0B585B004460E4604F07CFC002849D105
:1015C00094F86231002B42D00546204601F02EFCF3
:1015D000014623682046D3F8D8300C469847012EA0
:1015E00021D0022E10D076BBFF2102230525CDE9A4
:1015F0000131324606230A2103960095FBF716FFB8
:10160000204300B205B0F0BD0395FF270525062352
:1016100040220A21019602970095FBF707FF20431D
:1016200000B205B0F0BD0395FF270226052506236D
:1016300020220A21CDE901670095FBF7F7FE204340
:1016400000B205B0F0BD6FF0690005B0F0BD6FF0FD
:101650006A00D7E76FF01300D4E700BF9FED077A69
:10166000D0ED547AB4EEE77AF1EE10FACCBF6FF019
:10167000A3036FF09C0304F007BF00BF00005944B0
:10168000F0B5036885B0D3F8D83005460C46164649
:1016900098470746284604F00DFC802826D00423EE
:1016A000E4B9FF2102202246CDE901010394009311
:1016B00030213846FBF7BAFE034660B9FF25022405
:1016C00038460393009326B301223021CDE901452A
:1016D000FBF7ACFE0346184605B0F0BDFF22002123
:1016E0000220CDE9022101901022E0E7022385F8D3
:1016F000614184B10025FF24CDE90033042238463E
:101700001E21CDE90245FBF791FE0346184605B0C0
:10171000F0BD1A46D9E7FF250093CDE901352246F1
:1017200038461E210394FBF781FE0346184605B098
:10173000F0BD00BF70B52DED028B0E46654B86B037
:101740001B68748A1A0CADF81430F3680194009386
:101750008DF81620B368032205A9054604F0E0FCC5
:101760000446002873D12B685B4AD3F8E030284642
:10177000934271D100F064FF0446002867D12B68C2
:101780002846D3F8D8309847FF220723CDE9022412
:1017900002248022019444210093FBF747FE044673
:1017A000002C54D12B684D4ADB6B96ED008A934296
:1017B00055D1DFED4B7AB4EEE78AF1EE10FA7FDB1C
:1017C000DFED487AB4EEE78AF1EE10FA0DD9DFEDDD
:1017D000467AB4EEE78AF1EE10FA71DBDFED437A78
:1017E000B4EEE78AF1EE10FA6AD818EE101A28461D
:1017F00003F0B6FF044650BB85ED548A2B683C4A83
:101800001B6C7168934232D15D22284603F084F844
:101810000446E4B92B68374A5B6D96F91010934281
:101820004AD122462846FFF75FFD04467CB995F869
:101830004E3103BB2B68214628469B6C98470446D3
:1018400028B9002201212846FFF71AFF0446204646
:1018500006B0BDEC028B70BD98470446A0E718EEB9
:10186000101A2846984704460028C7D0EFE72846B4
:1018700098470446CDE7284604F01CFB30BB95F89A
:10188000623103B3284601F0D1FA2B680646D3F83B
:10189000D830284698470222FF230192039422461B
:1018A00005240293009406230A21FBF7BFFD06439B
:1018B00034B2002CC5D0CAE7284698470446B5E79D
:1018C0006FF00B04C3E76FF06A04C0E76FF0130416
:1018D000BDE700BF34220210590A0110B5090110FA
:1018E0000000094300002F430080C543004003442B
:1018F000250A0110651401102DE9F0412DED028B30
:101900000D465A4B86B01B6805A91A0CADF8143069
:10191000AB898DF8162000930322AB7A064604F0BB
:1019200015FB044628B1204606B0BDEC028BBDE88D
:10193000F08130466968FFF705FB04460028F2D1C4
:1019400033684B4ADB6B95ED008A934276D1DFED2D
:10195000497AB4EEE78AF1EE10FA77DBDFED467AEA
:10196000B4EEE78AF1EE10FA0DD9DFED447AB4EE69
:10197000E78AF1EE10FA69DBDFED417AB4EEE78A2F
:10198000F1EE10FA62D818EE101A304603F0E8FEB5
:1019900004460028C7D186ED548A33683046D3F810
:1019A000F830297A984704460028BCD1304695F88B
:1019B000098004F07FFA802855D1A8F10403042B94
:1019C0004ED8304601F032FA33680746D3F8D830A3
:1019D000304698470223FF22CDE90132012308FA5D
:1019E00003F2083A039400931D21032302F0FE0240
:1019F000FBF71CFD07433CB2002C94D1336886F8FA
:101A000060815B6D1F4A95F90B10934221D12246EC
:101A10003046FFF769FC0446002C84D1304696F826
:101A20004D11FFF74DFD044600287FF47CAF0246C0
:101A300001213046FFF724FE044674E718EE101A21
:101A40003046984704460028A7D06CE76FF00B0497
:101A500069E7304698470446002C7FF464AFDDE721
:101A60006FF009045FE76FF013045CE734220210A3
:101A7000B50901100000094300002F430080C54351
:101A800000400344651401102DE9F04F2DED028B49
:101A90008B46924699468BB09DF86820704B80F833
:101AA0004D2102680DF1180CD2F8E86004460FCB06
:101AB0008CE80F006B4B9DF858809DF85CE09DF919
:101AC0006070BDF864509E42CDF818B0CDF81CA0EF
:101AD0008DF820908DF821808DF823708DF822E00C
:101AE000ADF8245040F09D805F4A00951168734620
:101AF000080CADF814108DF816000322204605A935
:101B000004F024FA054628B128460BB0BDEC028B40
:101B1000BDE8F08F20460799FFF714FA0546002824
:101B2000F2D12368514ADB6B9DED068A934240F067
:101B30008280DFED4F7AB4EEE78AF1EE10FAC0F260
:101B40008680DFED4C7AB4EEE78AF1EE10FA0DD91B
:101B5000DFED497AB4EEE78AF1EE10FA77DBDFEDDC
:101B6000477AB4EEE78AF1EE10FA70D818EE101A40
:101B7000204603F0F5FD05460028C5D184ED548AC2
:101B800023682046D3F8F8309DF820109847054682
:101B90000028B9D120469DF8217004F08BF98028E7
:101BA0005BD13B1F042B55D8204601F03FF9236839
:101BB0000646D3F8D83020469847FF2302220395E3
:101BC0000125CDE9012307FA05F2083A0095032320
:101BD0001D2102F0FE02FBF729FC064335B2002D61
:101BE00092D1236884F860715B6D254A9DF92310BA
:101BF000934228D12A462046FFF776FB0546002D62
:101C000082D1204694F84D11FFF75AFC0546002872
:101C10007FF47AAF024601212046FFF731FD0546E9
:101C200072E761462046B047054628460BB0BDEC3A
:101C3000028BBDE8F08F18EE101A20469847054633
:101C400000289DD060E7204698470546D7E76FF00B
:101C50000B0559E76FF0090556E76FF0130553E7D9
:101C600034370210F918011034220210B50901109E
:101C70000000094300002F430080C5430040034497
:101C8000651401102DE9F04F2DED028B8BB08B46C2
:101C900092469C46DDED167A9DF8642003687A4EE4
:101CA00005ACD3F8F080054680F84E210FCE0FC466
:101CB000DFF8FCE19DF95C90BDF860703368F04599
:101CC0002360CDED087ACDF814B0CDF818A08DF8CA
:101CD0002490CDF81CC0ADF8267040F08D806B4A82
:101CE000CDED007A116863460C0CADF8101003229C
:101CF0002846019704A98DF8124004F011FA044611
:101D0000002873D12B68624AD3F8E030284693420A
:101D10007CD100F095FC0446002867D12B6828464A
:101D2000D3F8D83098470723FF220221CDE90224B7
:101D30000191802244210093FBF778FB0446002C9C
:101D400054D12B68534ADB6B9DED058A934260D1D9
:101D5000DFED517AB4EEE78AF1EE10FA61DBDFEDE8
:101D60004F7AB4EEE78AF1EE10FA0DD9DFED4C7A36
:101D7000B4EEE78AF1EE10FA53DBDFED4A7AB4EE07
:101D8000E78AF1EE10FA4CD818EE101A284603F044
:101D9000E7FC044650BB85ED548A2B68424A1B6C15
:101DA0000699934240D15D22284602F0B5FD0446D3
:101DB000E4B92B683D4A5B6D9DF92410934258D1DC
:101DC00022462846FFF790FA04467CB995F84E3132
:101DD00073BB2B68214628469B6C9847044628B95C
:101DE000002201212846FFF74BFC044620460BB099
:101DF000BDEC028BBDE8F08F284605A9C04704461C
:101E000020460BB0BDEC028BBDE8F08F984704462E
:101E100095E718EE101A2846984704460028BCD0CB
:101E2000E4E76FF00B04E1E7284698470446BFE774
:101E3000284604F03FF818BB95F86231EBB128460C
:101E400000F0F4FF2B680646D3F8D83028469847B0
:101E50000222FF2301920394224605240293009458
:101E600006230A21FBF7E2FA064334B2002CB7D06E
:101E7000BCE7284698470446A7E76FF06A04B5E731
:101E80006FF01304B2E700BF44370210342202108F
:101E9000590A0110B50901100000094300002F4341
:101EA0000080C54300400344250A01106514011059
:101EB0003517011070B584B004460D4603F0FAFFE3
:101EC000802821D123682046D3F8D83098470022B3
:101ED000032384F8655184F8642155B9FF26022450
:101EE0002A4626218DE858000395FBF79FFA04B097
:101EF00070BDFF2502240392262108228DE83800B8
:101F0000FBF794FA04B070BD6FF01300EFE700BF69
:101F100010B5044603F0CEFF802805BF0123002042
:101F20006FF0130084F8643110BD00BF0B4601212F
:101F3000002280F8631104F063BB00BF0022FF237E
:101F4000114680F8632104F05BBB00BF70B5054605
:101F500084B00E4600F06AFF2B680446D3F8D830F0
:101F60002846984704250021FF230222CDE90231AB
:101F70000192072332461D210095FBF757FA2043B3
:101F800000B204B070BD00BF2DE9F047074684B031
:101F9000884600F04BFF3B680446D3F8D8303846FB
:101FA0009847B8F1600F06463CD000254FF0FF0976
:101FB00087F8635102272B462A461D21CDE9017976
:101FC00003950095FBF732FA4FF0030A42460723C8
:101FD0001E218046CDE902953046CDE900A7FBF7EA
:101FE00025FA52463B4648EA000831213046CDE901
:101FF0000295CDE90057FBF719FA44EA080424B228
:1020000007230A223721CDE90057CDF80890044371
:1020100003953046FBF70AFA24B2204300B204B01D
:10202000BDE8F08701224FF0000987F863214FF0E7
:10203000FF0A02274B461D21CDE9017ACDF80C900D
:10204000CDF80090FBF7F2F90323424600930546D2
:1020500007231E213046CDE902A90197FBF7E6F9D7
:102060003B460543052231213046CDE902A9CDE9A1
:102070000097FBF7DBF92C4324B207230C2237210E
:10208000CDE90097CDF808A00443CDF80C90304678
:10209000FBF7CCF924B2044320B204B0BDE8F087CA
:1020A00070B52DED028B84B005460E4603F002FF9D
:1020B00080283CD1B31F062B36D83301284603F0C5
:1020C000F001FFF761FF044648BB95F8643185F8DD
:1020D000586123B30123B34007EE903A95ED557A4A
:1020E000F8EEE77A2A682846D2F8D82087EE878A61
:1020F0009047F3EE007AB4EEE78A0323F1EE10FA8C
:102100004FF0FF064FF00205B8BF22460394A8BF68
:10211000082226218DE86800FBF788F9044620464E
:1021200004B0BDEC028B70BD6FF00804F7E76FF0F0
:102130001304F4E770B5054684B00E4600F076FE51
:102140002B680446D3F8D83028469847012500214B
:10215000FF230222CDE902310192032332461D21E1
:102160000095FBF763F9204300B204B070BD00BFD7
:10217000704700BF10B504464FF4BC71F2F7CCFBBA
:10218000204610BD704700BF002300B5026885B02F
:102190006946CDE90133D2F8A0200093039390471C
:1021A00005B000BD002110B5046882B00091022383
:1021B00040F27222E469A04702B010BD704700BF30
:1021C000D0F86801704700BF07238C4610B5012185
:1021D0002DED028B04461A46D0F8680108EE10CAAD
:1021E000FAF7FEFC8028B8EE488A0ED0D4ED5B7A70
:1021F000DFED126A86EEA77AC8EE077ABDEC028B95
:10220000FCEEE77A17EE900A10BD012394F85821EE
:10221000D4ED556A934007EE903AF8EE677A87EE70
:10222000A66A9FED077AC8EE066ABDEC028BC6EE81
:10223000877AFCEEE77A17EE900A10BD00007A4626
:1022400000007A4407232DE9F04F1A460C46064653
:102250000121D0F8680185B0FAF7C2FC802858D077
:1022600018B3002501274FF0FF0A4FF00208A946D6
:102270002A4611E00623CDE902A20093CDF804809E
:1022800007234021D6F86801FBF7D0F800283DD19C
:1022900001220135202D33D007FA05F32342F8D06F
:1022A000002AE7D04FF00109F3E7054601274FF078
:1022B000FF0B81468046824607FA05F323401CD077
:1022C000042B00F0B48000F29C80012B63D0022B21
:1022D00042D15FEA181340F0A38007230620412172
:1022E000C02248F0100800900220CDE902BA019007
:1022F000D6F86801FBF79AF840B90135202DDBD1FB
:10230000B9F1000F14BF6FF01C00002005B0BDE84C
:10231000F08F00254FF001084FF0FF0BA9462F4624
:10232000AA4608FA05F323402ED0202B5DD8013BA6
:102330001F2B11D8DFE803F05110104910101015B1
:10234000101010101010104110101010101010105C
:1023500010101010101010396FF0180005B0BDE803
:10236000F08F17F0010213D10723062147F0010770
:1023700000910221CDE902BA0191D6F8680140210D
:10238000FBF754F80028C1D10135202DC9D1B7E79A
:102390004FF00109F8E718F0040F41D103230220A0
:1023A0004021182248F004089DE717F00801EFD1FA
:1023B0000123022247F00807DAE717F00801E7D106
:1023C000012347F008071A46D2E7FA07E0D40723AB
:1023D0000621802247F00107CAE7BB07D8D40523AE
:1023E0000421202247F00207C2E7402BB9D0802BFE
:1023F000B2D117F00202CBD10523042147F0020726
:10240000B6E7B3F5806F02D0B3F5006FA4D118F032
:10241000010205D107230620402148F0010862E7A8
:102420000135202D4FF001097FF446AF68E718F021
:10243000040FF5D1032302204021082248F00408AC
:1024400051E700BF38B507230D46044601211A465F
:10245000D0F86801FAF7C4FB80280FD0A8B93E2154
:10246000D4F86801EAB2FAF7A7FC3F21D4F8680172
:10247000C5F30722FAF7A0FC002038BD1221D4F8DA
:102480006801EAB2FAF798FCF6E74FF0FF3038BD82
:102490000723F0B51A460C46054685B00121D0F851
:1024A0006801FAF79DFB002839D1012C034622D0A0
:1024B000022C11D07CBB4FF0FF0C02270526D5F86B
:1024C0006801224606233021CDE9017C0394009661
:1024D000FAF7ACFF05B0F0BDFF270526D5F8680177
:1024E0004022039330210623019402970096FAF7C5
:1024F0009DFF05B0F0BDFF2702260524D5F8680131
:102500002022039330210623CDE901670094FAF7D6
:102510008DFF05B0F0BD6FF0160005B0F0BD6FF097
:102520001300D7E707232DE9F0411A460D4606466A
:102530000121D0F8680184B0FAF752FB802851D10C
:10254000D6F8680155BB4FF0FF08022706232A463C
:1025500033210093CDE901780395FAF767FFCDE9C0
:102560000285CDE90057012204462B463321D6F8D7
:102570006801FAF75BFF07231D22CDF808800443AA
:10258000D6F86801CDE9005703953B21FAF74EFFD5
:1025900024B2204300B204B0BDE8F08100254FF022
:1025A000FF080227062340223321CDE90037CDE979
:1025B0000285FAF73BFFCDE90285CDE900570446D5
:1025C0002B462A463321D6F86801FAF72FFFCDF8BB
:1025D000088004430723D6F868011922CDE9005783
:1025E0000395D2E76FF01300D5E700BFA1B1072331
:1025F00010B51A460C46D0F868010121FAF7F0FA36
:1026000040B1802803D101232370002010BD6FF05A
:10261000130010BD2070F8E76FF00200704700BF94
:10262000D0F8683110B50446186803681B699847EC
:1026300001462046BDE81040C9B204F039BB00BFD6
:102640002DE9F0430022FF26022785B0CDE9026282
:10265000CDE900270723102105463246D0F868014E
:10266000FAF7E4FE044618B1204605B0BDE8F08351
:1026700010223F21D5F86801FAF79EFBCDE90264EC
:10268000CDE900474FF00508072390223021D5F807
:102690006801FAF7CBFECDE90264CDE90087044674
:1026A000062340223121D5F86801FAF7BFFE044322
:1026B00024B2002CD8D14FF00709CDE9026401976C
:1026C000802235214B46D5F86801CDF80090FAF705
:1026D000ADFECDE90176039400941F220446352116
:1026E0004346D5F86801FAF7A1FE044324B2002C52
:1026F000BAD1CDE90264CDE9004722464B462021FC
:10270000D5F86801FAF792FECDE90264CDE90047F9
:102710002246212180464B46D5F86801FAF786FE0D
:10272000CDE90264CDE90047224648EA00084B465D
:102730002221D5F86801FAF779FE0FFA88F40443EC
:1027400024B2002C90D1D5F868014B46CDE9026443
:10275000CDE90047AA221F21FAF768FE044683E765
:1027600038B507230D46044601211A46D0F8680102
:10277000FAF736FA802813D0A8B994F8751191B9F0
:102780008DB194F87631D4F86801802B18BF3221CE
:10279000FAF74EF90123C4F85C0184F8753138BDAD
:1027A00094F8633113B1D4F85C0138BD1321D4F827
:1027B0006801FAF73DF938BD072310B50121044639
:1027C0001A46D0F86801FAF70BFA802801D00020E9
:1027D00010BD002307221921D4F86801FAF700FA86
:1027E00040B2F1F7A5FF0022024BF1F71FFFF1F70E
:1027F00091FF10BD0000D03FD0F8683170B51C6863
:10280000596A236820469A6D9D6990472B46014678
:102810002046BDE870401847D0F868312DE9F041F6
:102820001C680D462268596A2046936D566967698F
:1028300098473B4601462A462046B446BDE8F0414B
:10284000604700BF10B502681949D2F890300446BD
:102850008B4284B029D100236946CDE90033CDE90C
:102860000233D2F89420904770B118E0D4F8683160
:10287000186803685B6D9847D4F868311868D96A9E
:1028800003681B69984760B9D4F868311868596AB9
:1028900003681B6998470028E8D06FF00E0004B069
:1028A00010BD6FF00D0004B010BD9847DCE700BF0D
:1028B0008D390110D0F868312DE9F0410D46D96A03
:1028C0004A1C0ED01C6822682046936D56696769C1
:1028D00098473B4601462A462046B446BDE8F041AB
:1028E0006047BDE8F08100BF072310B51A460446D3
:1028F0000121D0F86801FAF773F98028D4F868311B
:1029000004D112211846FAF793F810BD3F2118465A
:10291000FAF78EF803463E21D4F868011C02FAF754
:1029200087F8A4B2204380B210BD00BF072310B5C2
:102930001A4604460121D0F86801FAF751F98028B7
:10294000D4F8683107D112211846FAF771F800F06F
:1029500001000F3810BD3F211846FAF769F8034609
:102960003E21D4F868011C02FAF762F8A4B22043B1
:1029700080B200F001000F3810BD00BF82B038B542
:102980002DED028B012906A880E80C00BDF824205B
:102990009DF826009DF8273037D071BBDB0007EE8D
:1029A000100A07EE903AB8EEC76AF8EEE77A07EE3B
:1029B000102A0B9BF8EEC76ADB0007EE103A77EEA1
:1029C000867AB8EE477ADDED065ABDEC028BBDE89B
:1029D0003840DFED4C4A77EEA67A25EEA46A77EE12
:1029E000877A9FED495A87EE867A67EE057AFCEE84
:1029F000E77A02B017EE900A70476FF01300BDEC53
:102A0000028BBDE8384002B070479DF818C09DEDBC
:102A1000077A01FA0CF107EE901AF8EE677A9DF842
:102A2000201087EE878A06EE101A9DF828100029DC
:102A300065D19FED361A07EE90CAB1EE005AF8EE56
:102A4000675ADDED0B7A65EE855AF2EE004AF8EE34
:102A5000671AB0EE655AB3EE0C2A91EEA45A07EE4F
:102A6000903AF3EE002A35EE025AF8EE677A07EE56
:102A7000100AA7EEA25AB3EE043AF0EE457AF8EE49
:102A8000476A75EEC15AE6EEC37AC7EEA56AB8EE9C
:102A9000466AFAFE667ADFED1D3A66EE277AF4EEB4
:102AA000E37AF1EE10FA07EE102A77FEA37AB8EE79
:102AB000477A77EEA47AB1EE014A77EE877A77EE1D
:102AC000847A17EE900A0EF0EBFE044618EE100A18
:102AD0000D460EF0E5FE02460B4620462946F1F76C
:102AE000A5FDF1F71BFD0A4B0022F1F79FFDF1F761
:102AF00055FEBDEC028BBDE8384002B07047B2EE27
:102B0000001A98E700007A4400247449000000008D
:102B100000408F4030B5012185B00446D0F86801EF
:102B2000FAF728FE072301211A46D4F86801FAF7BC
:102B300057F8FF2500220520CDE90252CDE90020FB
:102B400002230121D4F86801FAF770FCD4F8683147
:102B50000446186801210368DB699847204605B0E0
:102B600030BD00BF2DE9F04107232DED028B0D464E
:102B70008AB0012104461A46D0F86801FAF730F805
:102B8000002610F0FF0707960996ADF8186000F0D0
:102B9000AD80802F06D06FF013000AB0BDEC028B21
:102BA000BDE8F081D4ED558A94F8588194F86071AD
:102BB000334607222021D4F86801CDED088A8DF82C
:102BC0001C808DF82470FAF70BF83346072206466E
:102BD0002121D4F86801FAF703F8236840EA0620B7
:102BE0009E6F8D4B94F8632194F8611194F865C140
:102BF00080B29E42ADF814008DF816208DF81710A3
:102C00008DF818C040F0EA80012303FA08F307EEBC
:102C1000903AF8EE677A87EEA88ABCF1000F40F090
:102C2000D380DFED7E1A07EE908AB8EE677A07EE62
:102C3000901AB1EE006AB8EE675A07EE902A27EEB6
:102C4000067AF8EE675A07EE905AF2EE004AB8EEAE
:102C5000671AB0EE476AB3EE0C2A91EE246AF3EEDF
:102C6000002A36EE026AB3EE043AA5EE226A37EE87
:102C7000617AA5EEC36A07EE907AC6EE075AF8EEBF
:102C8000677ABAFE657ADFED653A67EE877AF4EE29
:102C9000E37AF1EE10FA06EE900A77FEA37AF8EEE8
:102CA000666A77EEA47AB1EE014A77EEA67A77EEFD
:102CB000847A17EE900A0EF0F3FD044618EE100A1F
:102CC0000D460EF0EDFD02460B4620462946F1F773
:102CD000ADFCF1F723FC0022514BF1F7A7FCF1F713
:102CE0005DFD0AB0BDEC028BBDE8F08194ED5B8A1E
:102CF000D4F87031072225210893D4F868013B46A7
:102D00008DED078AF9F76CFF3B4606460722262120
:102D1000D4F86801F9F764FF40EA0620C0003B469A
:102D20000222272187B2D4F86801F9F759FF04235A
:102D300000F101081A463021D4F86801F9F750FF74
:102D4000A0F11006B6FA86F64FEAC808760994F89C
:102D500076315FFA88F87600ADF814708DF8168039
:102D60008DF817609BB3681C23689D6F2A4B9D42AA
:102D700043D1F30007EE908A07EE103AB8EEE76A07
:102D8000B8EEC77A07EE907AC000F8EEE76A37EE41
:102D9000067A07EE900A9FED235AF8EE677A37EE2F
:102DA000267A28EE058A37EE277ADFED1F5AC7EE1E
:102DB000087A67EEA57AFCEEE77A17EE900A0AB079
:102DC000BDEC028BBDE8F081F2EE001A2BE7072282
:102DD0003221D4F86801F9F703FFC5E7039505AB85
:102DE00093E80300099B0190ADF80810009307AB2E
:102DF00020460CCB0121B047CFE6039005AB93E80A
:102E00000300099B0190ADF80810009307AB204622
:102E10000CCB0021A847C0E67D290110000000006E
:102E200000408F4000007A440024744970B50121AD
:102E300084B00446D0F86801FAF79CFC072301210E
:102E40001A46D4F86801F9F7CBFE00250122FF26C7
:102E50000521D4F8680102230191CDE902651146EC
:102E60000095FAF7E3FA04B070BD00BF0368124A98
:102E70001B6993421ED170B5012184B00446D0F87D
:102E80006801FAF777FC072301211A46D4F8680194
:102E9000F9F7A6FE00250122FF260521D4F86801D6
:102EA00002230191CDE9026511460095FAF7BEFAB9
:102EB00004B070BD184700BF2D2E0110F0B590F87A
:102EC00038500446022D85B026D0032D20D1294646
:102ED000D0F86801FAF74EFC072301211A46D4F80E
:102EE0006801F9F77DFEFF2700200526CDE9027075
:102EF000CDE90006022301212A46D4F86801FAF739
:102F000095FA18B90023184684F8383005B0F0BD9A
:102F10006FF0180005B0F0BD2946D0F86801FAF747
:102F200029FC072301211A46D4F8680194F8776137
:102F3000F9F756FE88B1FF23002505270293D4F840
:102F40006801324602230121CDE900570395FAF7C3
:102F50006DFA0028D6D005B0F0BD052E0CBFFE23BB
:102F6000FF23E9E72DE9F04307232DED028B8C4683
:102F7000044685B001211A46D0F8680108EE10CA4F
:102F8000F9F72EFE002878D1B5EEC08AD4ED5B7A31
:102F9000B6EE007AF1EE10FA67EE877A5FD478EE3B
:102FA000277A9FED377AF4EEC77AF1EE10FA61D8FE
:102FB000DFED347AB4EEE78AF1EE10FA5AD807233F
:102FC00001211A4684ED5C8AD4F86801F9F708FEFD
:102FD000FF27002105260122CDE90271CDE9001667
:102FE00002231146D4F86801FAF720FA054628B101
:102FF000284605B0BDEC028BBDE8F083DFED227AF8
:103000009FED227A28EE278AC8EE077AFCEEE77A4F
:103010004FF0020917EE908ACDE902700090334616
:10302000D4F86801C8F307220421CDF80490FAF718
:10303000FDF98446CDE901973146D4F868010723AC
:10304000039500955FFA88F26446FAF7EFF90443B6
:1030500025B2284605B0BDEC028BBDE8F0839FED9C
:103060000C8A9FED077A77EE887AF4EEC77AF1EE54
:1030700010FAA4D96FF06505BAE76FF01305B7E74A
:1030800000007A4300004843000000490000FA466F
:103090009A99193F0723F0B51A4685B005460121D4
:1030A000D0F86801F9F79CFD072302460121002AA8
:1030B000D5F868011A464FF000040CBF11262C26E3
:1030C000F9F78EFD0522A04214BFFF20FE20CDE9B6
:1030D00000420394029002230121D5F86801FAF717
:1030E000A5F9D5F868310A21186827460368DB6915
:1030F00098473146D5F86801F9F79AFC00F00103CA
:10310000A34001343B43082CDFB2F2D10723012155
:103110001A46D5F86801F9F763FDFF260021012260
:103120000524D5F868010223CDE90261CDE9001438
:103130001146FAF77BF9384605B0F0BD30B50368A3
:103140002A4A1B690446934285B03AD10121D0F83E
:103150006801FAF70FFB072301211A46D4F868012A
:10316000F9F73EFDFF25002005210122CDE902509F
:103170000191009002231146D4F86801FAF756F93C
:103180000546DDB923681A4AD3F88C30934222D120
:10319000072301211A46D4F86801F9F721FD802898
:1031A00012D0F8B9FF223E21D4F86801F9F704FEE5
:1031B000FF223F21D4F86801F9F7FEFD284605B04B
:1031C00030BD98470546DCE7FF221221D4F868019C
:1031D000F9F7F2FDF2E74FF6FF71204605B0BDE8C2
:1031E000304018474FF0FF35E8E700BF2D2E0110A3
:1031F0004524011007232DE9F0411A4684B0054605
:103200000E46D0F868010121F9F7EAFC00240521F7
:10321000FF270122CDE90041CDE9027402231146C6
:10322000D5F86801FAF702F9044618B1204604B04F
:10323000BDE8F081072301211A46D5F86801F9F7A6
:10324000CFFCC0B2802824D0002847D14FEAD6084E
:10325000C6F3C7220226CDE902740094D5F86801AE
:10326000072325210196FAF7E1F801460297D5F8E0
:10327000680107230394009401960C465FFA88F2D4
:103280002621FAF7D3F8044324B2204604B0BDE85F
:10329000F081052E25D94FF00208CDE90274009483
:1032A000D5F86801C6F3072207232021CDF8048052
:1032B000FAF7BCF801460297D5F868010723039492
:1032C0000094CDF804800C46F2B22121FAF7AEF852
:1032D000044324B2204604B0BDE8F0814FF0FF342F
:1032E000A4E76FF01104A1E770B50446D0F8683187
:1032F00040F24131186884B003681B6A984723681C
:10330000284AD3F88C30934236D1072301211A463C
:10331000D4F86801F9F764FC80283BD058B9FF2243
:103320003E21D4F86801F9F747FDFF223F21D4F888
:103330006801F9F741FD23681B4A1B69934224D1B8
:10334000D4F868010121FAF715FA072301211A467A
:10335000D4F86801F9F744FC00250122FF26052175
:10336000D4F8680102230191CDE902651146009568
:10337000FAF75CF804B070BD4FF6FF71204698472D
:103380002368094A1B699342DAD0204604B0BDE89D
:1033900070401847FF221221D4F86801F9F70CFD9C
:1033A000C9E700BF452401102D2E011007232DE988
:1033B000F0410121054684B01A46D0F86801F9F7BA
:1033C0000FFC002870D104460221D5F86801FAF7F5
:1033D000D1F90723FF2705261A460121D5F86801F0
:1033E000F9F7FEFB0122CDE90274CDE90046022384
:1033F0001146D5F86801FAF719F8044618B12046C5
:1034000004B0BDE8F0814FF0020803900297024635
:103410003346D5F868014021CDE90088FAF706F86F
:1034200004460028EBD1072301211A46D5F868018C
:10343000F9F7D6FB002837D1CDE90274CDE9004871
:10344000224643460D21D5F86801F9F7EFFF0446FF
:103450000028D4D1062303900297CDF804800246B9
:103460003121D5F868010093F9F7E0FF0446002800
:10347000C5D1072301211A46D5F86801F9F7B0FB39
:103480000028D5F868010394009414BFFF24FE249B
:1034900001210294434632460196F9F7C7FF0446DC
:1034A000204604B0BDE8F0816FF01304A7E700BF29
:1034B00007232DE9F043054685B0884614460121CF
:1034C0001A46D0F86801F9F78BFB2B6801210746F3
:1034D000DB6E2846984706462CB1A04285BF031BE9
:1034E000264600241C46052312211A46D5F86801F9
:1034F000F9F776FB0346202BD5F8680156D0802FCC
:103500003BD04FF00009002F56D0434632460021F1
:10351000F9F7BCF914BB00212B68434AD3F88C306F
:1035200085F87511934259D1072301211A46D5F820
:103530006801F9F755FB80286ED058B9FF223E216B
:10354000D5F86801F9F738FCFF223F21D5F868016A
:10355000F9F732FC484605B0BDE8F0830021D5F804
:103560006801F9F765FA013CD5D00021D5F868016A
:10357000F9F75EFA013CF1D1CDE795F86131002B06
:1035800047D006231C211A46F9F72AFB00283ED112
:103590006FF01709D5F86801002307221021F9F709
:1035A0001FFB002822DAD5F86801AEE7802F6FF004
:1035B0000609F1D0002FA8D1012302223021F9F70A
:1035C0000FFBC0B2022801D00428ECD10021D5F8AD
:1035D0006801F9F72DFAD5F8680196E74FF6FF7103
:1035E00028469847484605B0BDE8F0830023FF21F0
:1035F0000093CDE9021302230193C2B207230D21E8
:10360000D5F86801F9F712FFD5F868017DE7D5F81C
:1036100068014FF00009BFE7FF221221D5F86801C9
:10362000F9F7CAFB96E700BF452401102DE9F043E6
:103630009846072385B004460F46164601211A46D0
:10364000D0F86801F9F7CCFA0023FF22CDE9022374
:10365000052201920122009311460223D4F8680149
:10366000F9F7E4FE10B105B0BDE8F08307230121AE
:103670001A46D4F86801F9F7B3FA8146236831464F
:103680002046DB6F9847B9F1800F39D0B9F1000FB0
:103690004DD1284B00EB8005A3FB0535AD09053561
:1036A000206832464346466A39462046B0470028DD
:1036B000D9D1D4F86831186803685B6A9847064620
:1036C0000EE0D4F86831186803685B6D9847D4F849
:1036D0006831186803685B6A9847801BA8421DD848
:1036E000D4F868311868596A03681B69984700283C
:1036F000E7D0204623689B6A05B0BDE8F043184731
:10370000F1F728F800220C4BF0F790FF00220B4B4A
:10371000F0F7B2FFF1F742F80546C1E7236820460B
:103720009B6A98476FF0040005B0BDE8F0834FF046
:10373000FF3098E7D34D62100000F83F00408F4003
:103740000723F0B5012104461A46D0F8680185B078
:10375000F9F746FA802870D1072301211A46D4F8D8
:103760006801F9F73DFAFF26002105200122CDE985
:103770000261CDE9001002231146D4F86801F9F77F
:1037800055FE0546002847D123682D4AD3F88C30D2
:1037900093424BD1072301211A46D4F86801F9F767
:1037A0001FFA0346802BD4F8680138D05BB9324643
:1037B0003E21F9F701FBD4F8680132463F21F9F7C1
:1037C000FBFAD4F8680100230422FF270226CDE982
:1037D000027300920723A02240210196F9F726FEEA
:1037E0000546C8B93146D4F86801F9F7C3FF072385
:1037F00001211A46D4F86801F9F7F2F94FF0050CE7
:10380000D4F868010722CDE90275CDE9005C0121F9
:103810003346F9F70BFE0546284605B0F0BD3246A3
:103820001221F9F7C9FAD4F86801CCE74FF6FF7115
:1038300020469847D4F86801C5E76FF01305EBE719
:10384000452401102DE9F0411D46072384B00446AC
:103850008846174601211A46D0F86801F9F7C0F9E1
:103860000023FF22CDE902230522019201220093C9
:1038700011460223D4F86801F9F7D8FD00284DD18C
:10388000002D4ED001460097236840F27222DE6977
:1038900020460223B047002840D1D4F86831186888
:1038A00003685B6A984706460EE0D4F868311868EA
:1038B00003685B6D9847D4F86831186803685B6AE1
:1038C0009847801BA84223D8D4F868311868596AF1
:1038D00003681B6998470028E7D0072301211A468F
:1038E000D4F86801F9F77CF98028D4F868313DD123
:1038F00012211846F9F79CF8626B2368104208D130
:103900003A46414620461B6B04B0BDE8F0411847DB
:1039100023682046DB6A98476FF0050004B0BDE8D5
:10392000F0812368002F14BF3946FF21DB6F20464A
:103930009847154A00EB8000A2FB00250123AD0942
:1039400007EE905A94F85821F8EEE76A934007EE94
:10395000903A94ED556AF8EE677A87EE867AC6EE6D
:10396000877AFCEEE77A17EE901A8CE73F2118462B
:10397000F9F75EF83E210502D4F86801F9F758F826
:10398000ADB2284380B2B7E7D34D6210F0B5002541
:103990000368464AD3F8943089B09342CDE9045580
:1039A000CDE906556BD10723044601211A46D0F80C
:1039B0006801F9F715F9802875D1072301211A4606
:1039C000D4F86801F9F70CF9FF2605210122CDE9A9
:1039D0000051CDE9026502231146D4F86801F9F7D8
:1039E00025FD0546002847D12368314AD3F88C309D
:1039F00093424AD1072301211A46D4F86801F9F706
:103A0000EFF80346802BD4F8680145D05BB9324605
:103A10003E21F9F7D1F9D4F8680132463F21F9F790
:103A2000CBF9D4F8680100230422FF270226CDE950
:103A3000027300920723A02240210196F9F7F6FCB9
:103A40000546C8B93146D4F86801F9F793FE072353
:103A500001211A46D4F86801F9F7C2F84FF0050CB5
:103A6000D4F868010722CDE90275CDE9005C012197
:103A70003346F9F7DBFC0546284609B0F0BD04A93A
:103A800098470546284609B0F0BD4FF6FF7120461D
:103A90009847D4F86801C6E732461221F9F78CF945
:103AA000D4F86801BFE76FF01305E5E7413701106F
:103AB0004524011007232DE9F0470E461446012145
:103AC00005461A46D0F8680184B0F9F789F810F075
:103AD000FF0056D1002C00F08980671E072F00F2EE
:103AE0009E803378002B00F09A80012C24D07378CC
:103AF000002B00F09480022C1ED0B378002B00F035
:103B00008E80032C18D0F378002B00F08880042CD2
:103B100012D03379002B00F08280052C0CD0737901
:103B2000002B7CD0062C07D0B379002B77D0082C43
:103B300002D1F379002B72D04FF0000904234FF02B
:103B400002084FF0FF0AD5F86801102227218DE8FE
:103B50000805CDF80C90F9F769FCCDE902A9CDE98B
:103B60000098FAB2434607462721D5F86801F9F7CD
:103B70005DFC07433FB2002F49D0384604B0BDE892
:103B8000F087802851D1012C49D8072301211A46FA
:103B9000D5F868013778F9F723F8802845D107234D
:103BA00001211A46D5F86801F9F71AF80024FF2612
:103BB00005210122CDE90041CDE90264114602232D
:103BC000D5F86801F9F732FC4FF0020CD5F868011E
:103BD0003A4607233921CDE90264CDE9004CF9F7D3
:103BE00025FC0746384604B0BDE8F0870423FF27CC
:103BF0000226D5F8680122468DE8C80027210394E3
:103C0000F9F714FC0746384604B0BDE8F0872346B0
:103C100032462821D5F86801F8F7FAFFADE76FF0D2
:103C20006807384604B0BDE8F0876FF01307A4E7D3
:103C30002DE9F04F02290F460446164685B000F0E4
:103C40008180032905D06FF01805284605B0BDE82E
:103C5000F08F07234FF000084FF0FF091A460121AB
:103C6000D0F86801F8F7BCFF05230122CDE90298DE
:103C70000193CDF8008011460223D4F86801F9F7CA
:103C8000D5FB0723012105461A46D4F86801F8F749
:103C9000A7FF802800F0CB80002840F0BB8023687D
:103CA000AD4AD3F88C30934240F0F58107230121CF
:103CB0001A46D4F86801F8F793FF0346802BD4F82E
:103CC000680100F0F6815BB94A463E21F9F774F8C5
:103CD000D4F868014A463F21F9F76EF8D4F8680134
:103CE0007368402B40F21381FF234FF0000C4FF01C
:103CF000020ECDE9023C04231022CDE9003E402112
:103D00000523F9F793FB012302223021D4F868013F
:103D1000F8F766FF94F876217368802A00F00C812A
:103D2000402B78D90022FF210723CDE9021202227D
:103D30000093019235218022D4F86801F9F776FBCF
:103D40001E2368E00525072301211A46D0F86801E3
:103D500084F87751F8F744FF00224FF0FF0A0392EE
:103D6000009201220195D4F868013B461146CDF836
:103D700008A0F9F75BFB054600287FF466AF2368CF
:103D80002046D3F88850D6E90113194002F002FE0C
:103D900001462046A847054600287FF456AF072372
:103DA00001211A46D4F86801F8F71AFF802800F0BC
:103DB000D580B0BB3278CDE902A5CDE90057072305
:103DC0002221D4F86801F9F731FB002840F08B81FB
:103DD0002368614AD3F88C30934240F0A6810723D0
:103DE00001211A46D4F86801F8F7FAFE802800F09D
:103DF000A88158B952463E21D4F86801F8F7DCFF93
:103E000052463F21D4F86801F8F7D6FF052384F81D
:103E1000773106E0736800213268D4F86801F8F75A
:103E2000F7FE284684F8387005B0BDE8F08F736857
:103E30004B4500F27781434607222421D4F86801DC
:103E4000F8F7CEFED4F86831404518464FF002032B
:103E5000CDE90298019367DD0423502200934021AD
:103E60000723F9F7E3FA23683B4AD3F88C309342EF
:103E700040F00A81072301211A46D4F86801F8F7B7
:103E8000AFFE0346802BD4F8680100F00B815BB9CC
:103E9000FF223E21F8F790FFD4F86801FF223F216E
:103EA000F8F78AFFD4F868014FF000094FF0FF0BD4
:103EB0004FF0020A327907232221CDE902B9CDE978
:103EC000009AF9F7B3FACDE902B9CDE9009A0723D0
:103ED0000E2180464A46D4F86801F9F7A7FACDF8D2
:103EE00008B0CDF804A0CDF80C90CDF800900723D1
:103EF00048EA00084A460D21D4F86801F9F796FA15
:103F000045EA08052DB2054373682DB283E7002208
:103F1000FF230221CDE902320623CDE90031072338
:103F20004021F9F783FAEEE606234022009311467A
:103F30000723F9F77BFA96E7C1B20229D4F86801A2
:103F4000DAB200F09480042900F091800021F8F7A3
:103F500033FF7368E4E600BF4524011033685A1C40
:103F600000F0AE8073B306234FF000094FF0FF0856
:103F70004FF0020B84F877313368D4F86801B3F559
:103F8000806F3ABFC3F307225FFA83FA032201234B
:103F90001E21CDE90289CDE9009BF9F747FACDE969
:103FA00001B8CDF80C90CDF800908046072352461A
:103FB0001F21D4F86801F9F739FA48EA00031BB267
:103FC000002B52D1002307222421D4F86801F8F7EE
:103FD00007FE002876DC4FF0000894F863311BB12F
:103FE000F268002A40F088802368594AD3F88C3060
:103FF00093427AD1072301211A46D4F86801F8F7D1
:10400000EFFD0346802BD4F8680100F093805BB984
:10401000FF223E21F8F7D0FED4F86801FF223F21AD
:10402000F8F7CAFED4F8680100264FF0FF0A4FF0F7
:104030000209324607230F21CDE902A6CDE9006926
:10404000F9F7F4F9CDE9019A039600963246072371
:1040500006460D21D4F86801F9F7E8F9064348EA65
:1040600006031BB2002B3FF4DCAE1D46EDE501322A
:104070000021D2B2F8F7A0FE0021327AD4F868010C
:10408000F8F79AFE73684BE64FF6FF7120469847A3
:10409000D4F8680108E74FF6FF7120469847D4F836
:1040A00068011DE6FF221221F8F786FED4F86801A8
:1040B000FAE64A461221F8F77FFED4F868010FE6C7
:1040C00035607FE70023FF22CDE90223022304228B
:1040D000CDE90023402105231022D4F86801F9F727
:1040E000A5F9804679E70546AFE54FF6FF71204612
:1040F0009847D4F8680197E70023FF210093CDE9A2
:10410000021302230193D2B207232221D4F86801BB
:10411000F9F78CF9F26848EA00030FFA83F8C4F85B
:104120005C2161E76FF003058FE54FF6FF712046D4
:1041300098476BE6FF221221F8F73EFED4F868019B
:1041400072E752461221D4F86801F8F735FE5DE6B1
:104150004524011038B504460D4602F09BFB0023B0
:10416000C4E9573384F84D3184F84E3101230E48A9
:10417000002220600920A4F86431FF230B49C4F811
:1041800068510B4DC4F854110A4984F85801C4F819
:1041900074512046C4F85021C4F86C21C4F8702131
:1041A0006160A36038BD00BF783802100000FA4299
:1041B000010080050024744207232DE9F0411A46CE
:1041C00084B001210546D0F86801F8F709FDFF2603
:1041D000002105270122CDE90261CDE90017022364
:1041E0001146D5F86801F9F721F9044618B12046BF
:1041F00004B0BDE8F0814FF0020803900296024639
:104200003B46D5F868014021CDE90088F9F70EF961
:1042100004460028EBD1072301211A46D5F868018E
:10422000F8F7DEFCE8B9CDE90264CDE900482246A2
:1042300043460D21D5F86801F9F7F8F8044600283F
:10424000D5D10623D5F86801224603943121CDE962
:1042500001860093F9F7EAF80446204604B0BDE869
:10426000F0816FF01304C2E70723F0B51A460D463C
:10427000044685B00121D0F86801F8F7B1FC0028A8
:104280004FD106460321D4F86801F9F773FAE5B96E
:104290002046FFF791FF0546A0B90723FF27052613
:1042A0001A460121D4F86801F8F79AFCD4F868019D
:1042B0000223CDE90275CDE9005603220121F9F769
:1042C000B5F80546284605B0F0BDD4F86801C5F339
:1042D00007420621F8F770FDD4F86801C5F30722FC
:1042E0000721F8F769FDD4F86801EAB20821F8F768
:1042F00063FD0723FF2705251A460121D4F868012D
:10430000F8F76EFCD4F868010223CDE900650322BA
:104310000121CDE90276F9F789F80546284605B06E
:10432000F0BD6FF01305CDE7072370B501210446FA
:1043300084B01A46D0F86801F8F752FC70B902460A
:104340000623FF260225D4F86801312103928DE867
:1043500068004022F9F76AF804B070BD6FF01300EE
:10436000FAE700BFD0F868312DE9F0411C680D462E
:10437000596A2368164620469A6D5F69904733460E
:1043800001462A462046BC46BDE8F041604700BFD2
:10439000D0F8683170B51C68596A236820469A6D58
:1043A0009D6990472B4601462046BDE8704018475E
:1043B000D0F868012DE9F0410E46C16A4B1C0ED0C1
:1043C000056814462B6828469A6D5F699047234616
:1043D000014632462846BC46BDE8F0416047BDE88C
:1043E000F08100BFD0F86831D96A4A1C0CD070B592
:1043F0001C68236820469A6D9D6990472B460146AC
:104400002046BDE870401847704700BFD0F86831BB
:10441000D96A4A1C0CD070B51C68236820469A6D76
:104420009D6990472B4601462046BDE870401847DD
:10443000704700BF70B50024FF26022584B00A46ED
:10444000D0F8680105233521CDE90264CDE90045A6
:10445000F8F7ECFF04B070BD2DE9F04100254FF0F6
:10446000FF08022784B0CDE90285CDE90057044654
:1044700005231F220E46D0F868013521F8F7D6FF34
:10448000042303950093CDF8088001972A4605235D
:104490004021D4F86801F8F7C9FFD4F86831D96A27
:1044A0004A1C0FD01C6822682046936D55696769C5
:1044B00098473B46014632462046AC4604B0BDE82C
:1044C000F041604704B0BDE8F08100BF70B504461C
:1044D000D0F8680184B0C16A4B1C0AD005682B680B
:1044E00028469E699B6D984701462846B047D4F8F8
:1044F00068010022FF260225042405234021CDE97E
:104500000262CDE90045F8F791FF04B070BD00BF2D
:104510009C4608B51B681E3B002BCCF800300BDD19
:10452000D21A1E2B0A44A8BF1E230021D0F868010E
:10453000F8F76EFB002008BD012008BD70B51C46D1
:1045400015461B6822680B44AA1A1D2A11DC226832
:10455000AA1AD2B216460021D0F86801F8F796F9E7
:104560002368334423602068A842B4BF00200120A0
:1045700070BD1E263246EEE70723F0B51A460E46FA
:1045800004460121D0F8680185B0F8F729FB80289E
:1045900023D1072301211A46D4F86801F8F720FB3C
:1045A0000025FF2705210122CDE90051CDE9027543
:1045B00011460223D4F86801F8F738FF4FF0020CD7
:1045C000D4F86801072339213246CDE90275CDE9D7
:1045D000005CF8F72BFF05B0F0BD6FF01300FAE7B1
:1045E0002DE9F041A1F12D03DBB2C32B0C460546AA
:1045F00084B028D9002966D107230526FF271A464B
:104600000121D0F86801F8F7EBFA0122CDE9027434
:10461000CDE9004611460223D5F86801F8F706FFF8
:10462000022301460193D5F86801224603943346DC
:104630000C4602970B210096F8F7F8FE204300B2D3
:1046400004B0BDE8F08107230026FF274FF00508DE
:104650001A460121D0F86801F8F7C2FA0122CDE923
:104660000276CDE900681146D5F868010223F8F713
:10467000DDFE782CD5F86821054615D903960096FD
:10468000434602261046114A0297A2FB0442D20872
:10469000033242F020020B210196F8F7C7FE2843AF
:1046A00000B204B0BDE8F0810396009602261046E1
:1046B000064A4346A2FB0442F240093A42F0200275
:1046C0000297D2B2E7E76FF01000B9E7CDCCCCCCBF
:1046D00007232DE9F0411A4684B005460E46D0F86E
:1046E00068010121F8F77CFA4FF0FF080021052747
:1046F0000122CDE90281CDE9001702231146D5F848
:104700006801F8F793FE044618B1204604B0BDE8EE
:10471000F081072301211A46D5F86801F8F760FAFD
:10472000C0B2802819D0A8B9D5F868010394022432
:1047300086F00102BA4001943B462721CDF808805B
:10474000009702F0E002F8F771FE0446204604B03C
:10475000BDE8F0814FF0FF34D7E76FF01304D4E7E2
:104760000723F0B51A460E4605460121D0F8680128
:1047700083B0F8F735FA802826D0044618B14B4CA0
:10478000204603B0F0BD034607221D21D5F868017D
:10479000F8F726FA0722064623461E21D5F86801B7
:1047A000F8F71EFA40EA0620020483B25DD407EE51
:1047B000903A9FED3F7AF8EE677A67EE877A17EEC8
:1047C000904A204603B0F0BD002303222821D5F8EB
:1047D0006801F8F705FA0023072229210746D5F8D2
:1047E0006801F8F7FDF900232A2104460722D5F8CD
:1047F0006801F8F7F5F99FED2F7AD5ED556A40EA93
:104800000743A4B243EA04200103C6EE877A39D5F0
:104810006FEA00306FEA1030404207EE100ADFED19
:10482000266AB8EEC77A9FED256A27EE267AC7EE8C
:10483000066A67EEE67A17EE904A002EA0D006EEE2
:10484000904ADFED1F7A9FED1F7A66EEA77A67EE3A
:10485000877AFCEEE77ACDED017A2721D5F8680159
:104860009DF80420F8F7A8FA8AE75B429BB207EEAE
:10487000903A9FED0F7AF8EE677A67EE677A17EE57
:10488000904A7DE707EE100ADFED0B6AB8EE477A33
:104890009FED0A6A27EE267AC7EE066A66EEA77AC9
:1048A00017EE904A002E3FF46BAFC8E7000080BFC0
:1048B000002474420000FA430000804B0024F44BB3
:1048C0000000003D3333733F38B50723054601210F
:1048D0001A46D0F86801F8F783F908B1002038BD0E
:1048E0001B21D5F86801F8F7A3F804461C21D5F878
:1048F0006801F8F79DF8240224B2044324B207EEBD
:10490000904A9FED047AF8EEE77A67EE877A17EE21
:10491000900A38BD002474422DE9F04307232DEDA1
:10492000028B0D461646044687B001211A46D0F880
:104930006801F8F755F9002840F08A8008EE105A0F
:10494000F6EE007A94F86231B4EEE78A002B54D187
:10495000F1EE10FA5BDBDFED407AB4EEE78AF1EEC0
:1049600010FA54D8072301211A46D4F86801F8F741
:1049700037F9FF27002105200122CDE90271CDE999
:10498000001002231146D4F86801F8F74FFD0546E0
:1049900068BBDFED327AC7EE888AFCEEE87A4FF02A
:1049A000020917EE908ACDE902700090C8F3072241
:1049B00007234946D4F86801CDF80490F8F736FD8E
:1049C000CDE90197039500951FFA88F805465FFA2F
:1049D00088F207230321D4F86801F8F727FD94F83B
:1049E000622105432DB2AAB10DB984ED5B8A284638
:1049F00007B0BDEC028BBDE8F083F1EE10FA06DBE8
:104A0000DFED177AB4EEE78AF1EE10FAAAD96FF06B
:104A10006405ECE707EE908AF8EE677AB3EE007A69
:104A200078EEE78A68EE878AFCEEE87ACDED057AC3
:104A3000039200920297CDF8049031460723D4F8F0
:104A400068019DF81420F8F7F1FC284305B2CBE784
:104A50006FF01305CBE700BF000096430000FA4655
:104A60006F120342DFED936A07EE900A77EEE66A73
:104A7000B6EE007AF0EEE66AF4EEC76AF1EE10FAEE
:104A800040F2F080DFED8C6A77EEE66AF0EEE66ADF
:104A9000F4EEC76AF1EE10FA40F2E880DFED876AC3
:104AA00077EEE66AF0EEE66AF4EEC76AF1EE10FA27
:104AB00040F2E280DFED826A77EEE66AF0EEE66AC7
:104AC000F4EEC76AF1EE10FA40F2D880DFED7D6AAD
:104AD00077EEE66AF0EEE66AF4EEC76AF1EE10FAF7
:104AE00040F2CE80DFED786A77EEE66AF0EEE66AB5
:104AF000F4EEC76AF1EE10FA40F2C480DFED736A9B
:104B000077EEE66AF0EEE66AF4EEC76AF1EE10FAC6
:104B100040F2BA80DFED6E6A77EEE66AF0EEE66AA2
:104B2000F4EEC76AF1EE10FA40F2B080DFED696A88
:104B300077EEE66AF0EEE66AF4EEC76AF1EE10FA96
:104B400040F2A680DFED646A77EEE66AF0EEE66A90
:104B5000F4EEC76AF1EE10FA40F29C80DFED5F6A76
:104B600077EEE66AF0EEE66AF4EEC76AF1EE10FA66
:104B700040F29280DFED5A6A77EEE66AF0EEE66A7E
:104B8000F4EEC76AF1EE10FA40F28880DFED556A64
:104B900077EEE66AF0EEE66AF4EEC76AF1EE10FA36
:104BA0007ED9DFED516A77EEE66AF0EEE66AF4EE62
:104BB000C76AF1EE10FA5DD9DFED4C6A77EEE66A6E
:104BC000F0EEE66AF4EEC76AF1EE10FA6AD9DFEDAC
:104BD000486A77EEE66AF0EEE66AF4EEC76AF1EE4E
:104BE00010FA61D9DFED436A77EEE66AF0EEE66A25
:104BF000F4EEC76AF1EE10FA58D9DFED3F6A77EEAE
:104C0000E66AF0EEE66AF4EEC76AF1EE10FA4FD902
:104C1000DFED3A6A77EEE66AF0EEE66AF4EEC76A2E
:104C2000F1EE10FA98BF01201DD9DFED356A77EE5D
:104C3000E66AF0EEE66AF4EEC76AF1EE10FA98BFA3
:104C4000012014D9DFED2F6A77EEE67AB6EE007A0E
:104C5000F0EEE77AF4EEC77AF1EE10FA94BF012095
:104C600000207047072040F010007047072040F0F8
:104C7000080070470320FAE7072070470620F2E794
:104C80000620F4E7062070470520ECE70520EEE754
:104C9000052070470420E6E70420E8E70420704779
:104CA0000320E0E7032070470220DCE70220DEE774
:104CB00002207047DEDD294033334B4033337D40E3
:104CC0004544A8409A99C9409A99FB407877274172
:104CD000CDCC4841CDCC7A411111A7416666C8417F
:104CE0006666FA41DEDD26423333484233337A4288
:104CF00045C4A6429A19C8429A19FA4278B726437F
:104D0000CD0C4843CD0C7A4370B507232DED028BB3
:104D10000D46044684B001211A46D0F86801F7F721
:104D20005FFF002840F0678108EE105ADFEDB37A8C
:104D3000B4EEE78AF1EE10FAC0F23C81DFEDB07A12
:104D4000B4EEE78AF1EE10FA00F23481072305464B
:104D50001A460121D4F86801F7F742FFFF20052128
:104D60000122CDE902050191009502231146D4F8F4
:104D70006801F8F75BFB18B104B0BDEC028B70BDA5
:104D80009FEDA07A38EE477AF6EE007AB0EEC77A59
:104D9000B4EEE77AF1EE10FAD4F8680140F200813F
:104DA0009FED997A38EE477AB0EEC77AB4EEE77A9B
:104DB000F1EE10FA40F2F8809FED947A38EE477ADF
:104DC000B0EEC77AB4EEE77AF1EE10FA40F2F58071
:104DD0009FED8F7A38EE477AB0EEC77AB4EEE77A75
:104DE000F1EE10FA40F2EB809FED8A7A38EE477AC6
:104DF000B0EEC77AB4EEE77AF1EE10FA40F2E18055
:104E00009FED857A38EE477AB0EEC77AB4EEE77A4E
:104E1000F1EE10FA40F2D7809FED807A38EE477AB3
:104E2000B0EEC77AB4EEE77AF1EE10FA40F2CD8038
:104E30009FED7B7A38EE477AB0EEC77AB4EEE77A28
:104E4000F1EE10FA40F2C3809FED767A38EE477AA1
:104E5000B0EEC77AB4EEE77AF1EE10FA40F2B9801C
:104E60009FED717A38EE477AB0EEC77AB4EEE77A02
:104E7000F1EE10FA40F2AF809FED6C7A38EE477A8F
:104E8000B0EEC77AB4EEE77AF1EE10FA40F2A58000
:104E90009FED677A38EE477AB0EEC77AB4EEE77ADC
:104EA000F1EE10FA40F29B809FED627A38EE477A7D
:104EB000B0EEC77AB4EEE77AF1EE10FA40F29180E4
:104EC0009FED5D7A38EE477AB0EEC77AB4EEE77AB6
:104ED000F1EE10FA40F287809FED587A38EE477A6B
:104EE000B0EEC77AB4EEE77AF1EE10FA7DD99FED15
:104EF000547A38EE477AB0EEC77AB4EEE77AF1EE3C
:104F000010FA74D9DFED4F7A78EE677AB6EE007A50
:104F1000F0EEE77AF4EEC77AF1EE10FA48D9DFED59
:104F20004A7A78EE677AF0EEE77AF4EEC77AF1EE35
:104F300010FA5ED9DFED457A78EE677AF0EEE77A1F
:104F4000F4EEC77AF1EE10FA98BF012229D9DFED0D
:104F5000407A78EE677AF0EEE77AF4EEC77AF1EE0F
:104F600010FA98BF012220D9DFED3A7A38EE678A2D
:104F7000B0EEC88AB4EEC78AF1EE10FA94BF0122EF
:104F800000220024FF26022504231221CDE9026419
:104F9000CDE90045F8F74AFA04B0BDEC028B70BDCC
:104FA000072242F01002ECE7072242F00802E8E78D
:104FB0000222FAE76FF06700DEE60722E1E7062249
:104FC000EFE70622F1E70622DBE70522E9E7052203
:104FD000EBE70522D5E70422E3E70422E5E7042214
:104FE000CFE70322DDE70322DFE70322C9E702223E
:104FF000D7E70222C5E76FF01300BDE666662640DC
:1050000000007A43DEDD294033334B4033337D40AB
:105010004544A8409A99C9409A99FB40787727411E
:10502000CDCC4841CDCC7A411111A7416666C8412B
:105030006666FA41DEDD26423333484233337A4234
:1050400045C4A6429A19C8429A19FA4278B726432B
:10505000CD0C4843CD0C7A4370B507232DED028B60
:105060000D46044684B001211A46D0F86801F7F7CE
:10507000B7FD002840F0678108EE105ADFEDB37AE3
:10508000B4EEE78AF1EE10FAC0F23C81DFEDB07ABF
:10509000B4EEE78AF1EE10FA00F2348107230546F8
:1050A0001A460121D4F86801F7F79AFDFF2005217F
:1050B0000122CDE902050191009502231146D4F8A1
:1050C0006801F8F7B3F918B104B0BDEC028B70BDFC
:1050D0009FEDA07A38EE477AF6EE007AB0EEC77A06
:1050E000B4EEE77AF1EE10FAD4F8680140F20081EC
:1050F0009FED997A38EE477AB0EEC77AB4EEE77A48
:10510000F1EE10FA40F2F8809FED947A38EE477A8B
:10511000B0EEC77AB4EEE77AF1EE10FA40F2F5801D
:105120009FED8F7A38EE477AB0EEC77AB4EEE77A21
:10513000F1EE10FA40F2EB809FED8A7A38EE477A72
:10514000B0EEC77AB4EEE77AF1EE10FA40F2E18001
:105150009FED857A38EE477AB0EEC77AB4EEE77AFB
:10516000F1EE10FA40F2D7809FED807A38EE477A60
:10517000B0EEC77AB4EEE77AF1EE10FA40F2CD80E5
:105180009FED7B7A38EE477AB0EEC77AB4EEE77AD5
:10519000F1EE10FA40F2C3809FED767A38EE477A4E
:1051A000B0EEC77AB4EEE77AF1EE10FA40F2B980C9
:1051B0009FED717A38EE477AB0EEC77AB4EEE77AAF
:1051C000F1EE10FA40F2AF809FED6C7A38EE477A3C
:1051D000B0EEC77AB4EEE77AF1EE10FA40F2A580AD
:1051E0009FED677A38EE477AB0EEC77AB4EEE77A89
:1051F000F1EE10FA40F29B809FED627A38EE477A2A
:10520000B0EEC77AB4EEE77AF1EE10FA40F2918090
:105210009FED5D7A38EE477AB0EEC77AB4EEE77A62
:10522000F1EE10FA40F287809FED587A38EE477A17
:10523000B0EEC77AB4EEE77AF1EE10FA7DD99FEDC1
:10524000547A38EE477AB0EEC77AB4EEE77AF1EEE8
:1052500010FA74D9DFED4F7A78EE677AB6EE007AFD
:10526000F0EEE77AF4EEC77AF1EE10FA48D9DFED06
:105270004A7A78EE677AF0EEE77AF4EEC77AF1EEE2
:1052800010FA5ED9DFED457A78EE677AF0EEE77ACC
:10529000F4EEC77AF1EE10FA98BF012229D9DFEDBA
:1052A000407A78EE677AF0EEE77AF4EEC77AF1EEBC
:1052B00010FA98BF012220D9DFED3A7A38EE678ADA
:1052C000B0EEC88AB4EEC78AF1EE10FA94BF01229C
:1052D00000220024FF26022504231321CDE90264C5
:1052E000CDE90045F8F7A2F804B0BDEC028B70BD23
:1052F000072242F01002ECE7072242F00802E8E73A
:105300000222FAE76FF06700DEE60722E1E70622F5
:10531000EFE70622F1E70622DBE70522E9E70522AF
:10532000EBE70522D5E70422E3E70422E5E70422C0
:10533000CFE70322DDE70322DFE70322C9E70222EA
:10534000D7E70222C5E76FF01300BDE66666264088
:1053500000007A43DEDD294033334B4033337D4058
:105360004544A8409A99C9409A99FB4078772741CB
:10537000CDCC4841CDCC7A411111A7416666C841D8
:105380006666FA41DEDD26423333484233337A42E1
:1053900045C4A6429A19C8429A19FA4278B72643D8
:1053A000CD0C4843CD0C7A43072370B51A460C4602
:1053B000054684B00121D0F86801F7F711FC88B9DF
:1053C0000423014604FA03F2FF260224D5F86801FB
:1053D00002F0F00203918DE858000D21F8F726F84D
:1053E00004B070BD6FF01300FAE700BF0723F0B5FB
:1053F0001A460E46054685B00121D0F86801F7F738
:10540000EFFB70B904460223FF27D5F86801324646
:105410000D21CDE9013703940094F8F707F805B0A2
:10542000F0BD6FF01300FAE707232DE9F0411A46AB
:105430008846054684B00121D0F86801F7F7D0FB13
:10544000F8B902260123FF270390D5F8680130211F
:10545000009332463346CDE90167F7F7E7FF04468C
:1054600058B9D5F868014246CDE90274CDE9004645
:1054700007233321F7F7DAFF0446204604B0BDE8DE
:10548000F0816FF01304F8E707232DE9F0411A4685
:105490008846054684B00121D0F86801F7F7A0FBE3
:1054A000F8B902260123FF270390D5F868010422EA
:1054B000009330213346CDE90167F7F7B7FF044683
:1054C00058B9D5F868014246CDE90274CDE90046E5
:1054D00007233421F7F7AAFF0446204604B0BDE8AD
:1054E000F0816FF01304F8E7072370B5012104463B
:1054F00084B01A46D0F86801F7F772FB68BB022542
:105500000123FF26039002463021D4F8680100935E
:10551000CDE901562B46F7F789FF024610B1104638
:1055200004B070BDCDE90260CDE900050723332149
:10553000D4F86801F7F77AFF02460028EFD1D4F8D3
:1055400068010723CDE90262009234210195F7F743
:105550006DFF0246104604B070BD6FF01302DEE727
:105560000723F0B51A460D46044685B00121D0F850
:105570006801F7F735FB80B90346FF27D4F86801C7
:105580000526032403932A4604231421CDE9016749
:105590000094F7F74BFF05B0F0BD6FF01300FAE78A
:1055A0000723F0B51A460D46044685B00121D0F810
:1055B0006801F7F715FB78B90346FF270526D4F8ED
:1055C00068012A460393009315210723CDE901675B
:1055D000F7F72CFF05B0F0BD6FF01300FAE700BF3E
:1055E0000723F0B51A460D46044685B00121D0F8D0
:1055F0006801F7F7F5FA78B903460526FF27D4F8CE
:1056000068012A46039316210723CDE90167009616
:10561000F7F70CFF05B0F0BD6FF01300FAE700BF1D
:105620000723F0B51A460D46044685B00121D0F88F
:105630006801F7F7D5FA78B90346FF270526D4F8AD
:1056400068012A460393009314210223CDE90167E0
:10565000F7F7ECFE05B0F0BD6FF01300FAE700BFFE
:1056600030B505230025FF2485B0D0F8680120223D
:105670001421CDE90245CDE90033F7F7D7FE05B097
:1056800030BD00BF10B505230022FF2484B0D0F840
:1056900068011421CDE90242CDE90033F7F7C6FED7
:1056A00004B010BD0723F0B51A460E46054685B076
:1056B0000121D0F86801F7F793FA00284DD103468D
:1056C0000524FF27D5F868011EB320220121CDE96A
:1056D0000147039300940623F7F7A8FE0723044627
:1056E00001211A46D5F86801F7F77AFA88BB022338
:1056F000CDE902700090D5F8680101220D210193D7
:10570000F7F794FE204300B208B985F8626105B04E
:10571000F0BD062332460121CDE9014700940396EE
:10572000F7F784FE0723044601211A46D5F86801DD
:10573000F7F756FA68B90223CDE902760096D5F854
:10574000680107220D210193F7F770FE044320B290
:10575000DAE764F0130000B2D9E76FF01300D6E780
:105760002DE9F0432DED028B0C46064685B0002353
:1057700007222421D0F8680108EE104AF7F730FA22
:10578000002842D000249FED2C7ADFED2C7A28EE01
:10579000078A28EE278AFCEEC87A002717EE905A6F
:1057A0004FF0FF094FF00208D6F86801C5F3074231
:1057B00007230621CDE90297CDE90078F7F736FEF9
:1057C0000723CDE90297CDE900781946C5F30722F2
:1057D0000443D6F86801F7F729FEEAB20125CDF8AF
:1057E0000890CDF8048024B2072308210443D6F89A
:1057F000680100970395F7F719FE24B2204300B221
:1058000005B0BDEC028BBDE8F083072304461A46C1
:105810000121D6F86801F7F7E3F9FF2005210122FD
:10582000CDE902040191009402231146D6F86801E3
:10583000F7F7FCFD0446A6E7000000490000003D24
:1058400090F86331DBB970B504460E46154641B198
:10585000052307221821D0F86801F7F7C1F9401194
:10586000307055B106231C211A46D4F86801F7F7A9
:10587000B7F9003818BF01202870002070BD6FF004
:1058800013007047402932D807232DE9F0411A460A
:105890000D4604460121D0F8680184B0F7F7A0F95D
:1058A000024638BB07264FF0FF0802270390D4F8C2
:1058B000680130213346CDE901780096F7F7B6FD4F
:1058C00010B104B0BDE8F081CDF8088003900197D5
:1058D000009033462A463221D4F86801F7F7A6FD36
:1058E0000028EED184F8760104B0BDE8F0816FF0B5
:1058F000030070476FF01300E3E700BF402932D880
:1059000007232DE9F0411A460D46044684B00121D3
:10591000D0F86801F7F764F940BB07264FF0FF089D
:1059200002270390D4F868018022302133468DE8A5
:10593000C001F7F77BFD10B104B0BDE8F081CDF8F0
:10594000088003900197009033462A463221D4F80C
:105950006801F7F76BFD0028EED1802384F87631DB
:1059600004B0BDE8F0816FF0030070476FF01300E2
:10597000E2E700BF82B08DE80C009DF808209DF89A
:10598000103007EE902A9DF8002006EE101A07EE60
:10599000102A002B4BD0B2EE001AF1EE006AB8EEDE
:1059A000477A27EE267AB2EE004AB8EE466AF0EE63
:1059B000476A9DF80F30D6EE046A04EE903AF3EE93
:1059C0000C1A9DF80E30B3EE002A05EE103AF8EEF0
:1059D000644A76EEA16AF3EE042AB8EE455AE4EE84
:1059E000826A37EE417AE5EE626A86EE876AF8EE01
:1059F000677ABAFE467A9FED0F3A67EE877AF4EE41
:105A0000C37ABDF80C30F1EE10FA05EE903A77FE4D
:105A1000837AF8EE655A77EE847AF1EE013A77EE02
:105A2000A57A77EEA37A02B017EE900A70479FED41
:105A3000011AB2E700000000034670B5D0F8680113
:105A400084B083F8741159B104230026FF25022481
:105A5000102230218DE87800F7F7E8FC04B070BD23
:105A60000423FF2502240A4603918DE838003021E3
:105A7000F7F7DCFC04B070BD9FED157A07EE901AC5
:105A8000F4EEC77AF1EE10FA1FDBF5EEC07AF1EE14
:105A900010FA1AD8B8EE007A67EE877AFCEEE77A49
:105AA00030B587B00022CDED057AFF250224D0F86D
:105AB00068010723CDE90252CDE9002410219DF8A9
:105AC0001420F7F7B3FC07B030BD6FF01A00704731
:105AD0000000FFC207232DE9F0410F46144605469A
:105AE00084B001211A46D0F86801F7F779F8002848
:105AF0005BD12B68304A1B6993424FD10646012186
:105B0000D5F86801F7F736FE072301211A46D5F8C4
:105B10006801F7F765F80522FF2301920122CDE91C
:105B20000236009602231146D5F86801F7F77EFC8D
:105B300006467EBB072F3BD804F11003DBB21F2BB8
:105B400030D884EAE4724FF0FF08A2EBE47202243A
:105B50000323D2B2CDE9014882F01F02013203963D
:105B600000939A400E21072302F0F802D5F868014D
:105B7000F7F75CFC8446CDF80880D5F86801234629
:105B80000396019400963A460E216446F7F74EFCC0
:105B9000044326B2304604B0BDE8F0812846984759
:105BA0000646C6E76FF01506F4E76FF01306F1E757
:105BB0006FF01406EEE700BF2D2E0110072310B57D
:105BC0001A4604460121D0F86801F7F709F8802841
:105BD000D4F8683104D112211846F6F729FF10BD18
:105BE0003F211846F6F724FF03463E21D4F868010A
:105BF0001C02F6F71DFFA4B2204380B210BD00BF07
:105C0000072310B5012104461A46D0F86801F6F7BB
:105C1000E7FF802801D0002010BDD4F868011821CA
:105C2000BDE81040F6F704BFD0F86801F7F734BDBF
:105C3000D0F86801F7F778BD002307224221D0F899
:105C40006801F6F7CDBF00BF2DE9F043002307221E
:105C50000121054685B0D0F86801F6F7C1FF47B2CB
:105C6000002FC6B264DB00244FF0FF094FF002089A
:105C70002246D5F868010723CDE90294CDE9004812
:105C80000121F7F7D3FBCDE90294CDE900480723C2
:105C900004220121D5F86801F7F7C8FBCDE9029489
:105CA000CDE90048224623463B21D5F86801F7F7A5
:105CB000BDFBD5F86831C821186803681B6A98478E
:105CC000CDE90294CDE90048234601223B21D5F8D5
:105CD0006801F7F7ABFBCDE902940094CDF804809E
:105CE000224607230121D5F86801F7F79FFB2346D9
:105CF00007223C21D5F86801F6F772FF43B2A342B0
:105D0000AABF4442DC4364B2002F20DBD5F868010F
:105D10000023FF210225CDE9021300933246072319
:105D200001210195F7F782FB204605B0BDE8F0831D
:105D30000023FF220221CDE902230191009380225A
:105D400007230121D5F86801F7F770FB8BE70023E3
:105D5000FF220221CDE90223019100938022072333
:105D60000121D5F86801F7F761FBCFE730B50022D4
:105D7000FF25022485B0D0F8680107232421CDE94E
:105D80000252CDE90024F7F751FB05B030BD00BF4A
:105D9000402A34D807232DE9F043154604460E4621
:105DA00085B001211A46D0F86801F6F719FF48BB03
:105DB00007274FF0FF084FF002090390D4F868015D
:105DC000324630213B46CDE90079CDF80880F7F71F
:105DD0002DFB10B105B0BDE8F083CDE9019803902B
:105DE00000903B462A463221D4F86801F7F71EFBA3
:105DF0000028EFD184F8766105B0BDE8F0836FF03C
:105E0000030070476FF01300E4E700BFF8B50B2400
:105E100005460F461646013C14F0FF0423D02B68BC
:105E2000124AD3F8DC3093421AD1002307224221D0
:105E3000D5F86801F6F7D4FE56B13B46F21901E0F9
:105E4000934205D013F801CB8445F9D10120F8BD68
:105E5000D5F868310A2118680368DB699847DAE7E2
:105E600028469847E1E72046F8BD00BF852101108C
:105E70000723F0B51A460D46044685B00121D0F837
:105E80006801F6F7ADFE90B9052D0CBFFE23FF2388
:105E900000260527D4F868012A460293012102232F
:105EA000CDE900670396F7F7C1FA05B0F0BDFF230F
:105EB000EEE700BF072301211A46D0F86801F6F784
:105EC0008FBE00BF07232DE9F043002605274FF0C2
:105ED000FF09054685B00C461A460121D0F8680135
:105EE000F6F77EFECDE90296CDE900674FF0070890
:105EF000324602230121D5F86801F7F797FAF72314
:105F0000CDE90087029303962246434604460121C9
:105F1000D5F86801F7F78AFA43464246012104435F
:105F2000D5F86801F6F75CFE0122D5F86801022376
:105F30001146CDE90296CDE90067F7F777FA24B26A
:105F4000204300B205B0BDE8F08300BF2DE9F04763
:105F5000044684B0D0F868010F4690461E46BDF84E
:105F60003050F6F741FBD4F868311868596A036875
:105F700042689B689847D4F868311868D96A036802
:105F800042689B6898471F23C4E906336362402335
:105F9000636110234FF0200C23620423082239464A
:105FA000C4E90AC301278023226120464246C4E98E
:105FB0000C73FFF72BFF002800F0A9802368574AD5
:105FC0001B69934240F09D803946D4F86801F7F789
:105FD000D1FB072339461A46D4F86801F6F700FECC
:105FE0000023FF22CDE90223052200930192022320
:105FF0003A463946D4F86801F7F718FA10B104B0F8
:10600000BDE8F087FF230221CDE901130390009042
:10601000024607232421D4F86801F7F707FA00287D
:10602000EDD1072301211A46D4F86801F6F7D8FD0F
:10603000802805D080212046FFF744FF0028DED1CC
:10604000072301211A46D4F86801F6F7C9FD802814
:106050005AD107234FF0000AFF274FF005081A46D0
:106060000121D4F86801F6F7BBFD01224FF00209C7
:10607000CDE9027ACDE900A811460223D4F86801DF
:10608000F7F7D4F9CDE90197CDF80CA0CDF800A031
:10609000324607233921D4F86801F7F7C7F90646D5
:1060A0000028ACD1072301211A46D4F86801F6F77D
:1060B00097FD0122CDE90276CDE9006811464B46F5
:1060C000D4F86801F7F7B2F9CDE901970396009685
:1060D0004346064623220B21D4F86801F7F7A6F9B8
:1060E000304300B200288AD129462046FDF782F8C5
:1060F000002884D10146204604B0BDE8F047FCF7F3
:1061000011BA2046984779E76FF0130077E7D4F883
:106110006801F6F77FFA6FF0010070E72D2E01108D
:106120002DE9F043044687B0D0F868010D461646C5
:106130001F46BDF83C80F6F757FAD4F86831186866
:10614000596A036842689B689847D4F868311868B0
:10615000D96A036842689B6898474FF400632361DB
:106160004FF480631F2032462946022601256361D1
:106170000423C4E90800C4E90A002063C4E90665F1
:1061800020466363FFF742FE002800F0EB8023689F
:10619000794A1B69934240F0E1802946D4F86801AE
:1061A000F7F7E8FA072329461A46D4F86801F6F704
:1061B00017FD0022FF230392009205220293019211
:1061C00029462A463346D4F86801F7F72FF90546E1
:1061D0001DB1284607B0BDE8F083072301211A4608
:1061E000D4F86801F6F7FCFC30B129462046FFF7E9
:1061F00069FE05460028ECD1204694F84E11FFF7C1
:1062000051FA05460028E4D139462046FCF7AAFE9B
:1062100005460028DDD120460E99FEF71DFF0546F4
:106220000028D6D1072301211A46D4F86801F6F7D1
:10623000D7FC002840F09D800226FF27039500959B
:10624000D4F8680101220D213346CDE90167F7F743
:10625000EDF805460028BCD1072301211A46D4F8E1
:106260006801F6F7BDFC002840F083800423CDE9E7
:10627000016703952A46D4F868010D210093F7F7CA
:10628000D5F805460028A4D120460E99FEF73CFD1E
:10629000054600289DD107234FF005091A46012124
:1062A000D4F86801F6F79CFC0122CDE90275CDE92E
:1062B000005911463346D4F86801F7F7B7F8CDE92D
:1062C0000167039500954B46054623220B21D4F820
:1062D0006801F7F7ABF805432DB2002D7FF479AFD5
:1062E00041462046FCF786FF054600287FF471AF43
:1062F00000212046FEF7ECF9054600287FF469AF3F
:106300004AF612552368ADF8145032462046DB6D2C
:1063100005A99847054600287FF45BAF2046FFF7A4
:10632000E3F8054600287FF454AF02463146204684
:10633000FFF7D0FB054600287FF44BAF23680146EA
:10634000DB6C20469847054600287FF442AF402288
:1063500080212046FFF71CFD05463AE72046984776
:10636000054635E7D4F86801F6F754F96FF00105F2
:106370002FE76FF013052CE72D2E011051B138B522
:1063800005460C460021D5F86801F6F751FB013CA3
:10639000F8D138BD704700BF70B50024FF26022534
:1063A00084B00A46D0F8680107232421CDE90264AD
:1063B000CDE90045F7F73AF804B070BD08B50722FB
:1063C00000232421D0F86801F6F70AFCC0B208BD0A
:1063D00008B5052200231C21D0F86801F6F700FC5F
:1063E000C0B208BD072310B5012104461A46D0F8F3
:1063F0006801F6F7F5FB802800D010BDD4F86801DD
:106400000222BDE810401221F6F7D6BC052925D896
:1064100030B54B0003294FF00004D0F8680185B077
:10642000D2B2DBB211D9C1F107014900C9B2009162
:106430004121C3F10F03FF25CDE902540224DBB251
:106440000194F6F7F3FF05B030BDC1F10301490037
:10645000C9B20091C3F107034021ECE76FF01900C6
:10646000704700BF30B50023FF25022485B00A46DF
:10647000D0F868014121CDE90253CDE90034F6F7A7
:10648000D5FF05B030BD00BFF0B51F462DED028B26
:1064900007230E46044601211546D0F868011A4626
:1064A00085B0F6F79DFB802836D1D4F86801002E20
:1064B00000F08A80002307221A21F6F791FB0723B8
:1064C000384407EE900A01211A46D4F86801B8EE64
:1064D000E78AF6F785FB802870D10023072219216F
:1064E000D4F86801F6F77CFB40B2EEF721F9002200
:1064F000404BEEF79BF8EEF70DF907EE900AF5EE3C
:10650000C07AF1EE10FA59D538EE278A18EE100A43
:1065100005B0BDEC028BF0BD002D40D12068364A9D
:106520008369934263D1009529460223C56940F2ED
:1065300072222046A847002307221121D4F86801BF
:10654000F6F74EFB08EE100AFEEE007AB8EEC88AA7
:1065500023682A4A1B6928EE278A934244D1D4F83B
:1065600068010121F7F706F9072301211A46D4F83B
:106570006801F6F735FB00250122FF260521D4F836
:10658000680102230191CDE9026511460095F6F7F5
:106590004DFF18EE100A05B0BDEC028BF0BD0023D4
:1065A00007221121D4F86801F6F71AFB08EE100A49
:1065B000FEEE007AB8EEC88A28EE278A18EE100A96
:1065C00005B0BDEC028BF0BD334607221B21F6F768
:1065D00007FB384407EE900AB8EEE78A18EE100A77
:1065E00005B0BDEC028BF0BD20469847E6E720469B
:1065F0009847A0E70000D03FA52101102D2E0110E3
:10660000F0B51E4607230F46044601211546D0F873
:1066100068011A4685B0F6F7E3FA802822D1009582
:106620004FF0000C3A462B46FF270225D4F86801AC
:106630001D21CDE9027C0195F6F7F8FE08B105B001
:10664000F0BDCDE90270CDE9000507232221D4F881
:106650006801F2B2F6F7EAFE0028F0D1C4F85C61F6
:1066600005B0F0BD6FF01300E9E700BF2DE9F04180
:106670000029044684B0D0F8680127DB00264FF0DB
:10668000FF08022741F0080115460323CAB28DE82E
:10669000C0013D210396F6F7C9FE014690B9032DCE
:1066A00032D0042D22D0002D3BD10625D4F868012C
:1066B0000723CDE90281C022402101970095F6F71A
:1066C000B5FE0146084604B0BDE8F0810022032370
:1066D000FF2502243D21CDE90252CDE90034F6F731
:1066E000A5FE0146084604B0BDE8F0810625D4F8B1
:1066F00068010A46039107234121CDE901780095FD
:10670000F6F794FE0146DDE7D4F868012A46CDE9A4
:106710000281CDE9001701234021F6F787FE0146EB
:10672000D0E76FF01901CDE7704700BF10B5044600
:106730004FF4BC71EEF7F0F8204610BD6FF0180072
:10674000704700BF6FF01800704700BF6FF018006F
:10675000704700BF6FF01800704700BF6FF018005F
:10676000704700BF6FF01800704700BF6FF018004F
:10677000704700BF6FF01800704700BF6FF018003F
:10678000704700BF6FF01800704700BF84B004A8C6
:1067900000E90E006FF0180004B070470020704749
:1067A000004870470000C8C182B000208DE80C008E
:1067B00002B07047002070476FF01800704700BFAC
:1067C0006FF01800704700BF00207047704700BF8F
:1067D000704700BF704700BF6FF01800704700BFE0
:1067E0000368044A5B69934202D16FF01800704756
:1067F000002118475567011010B584B0019200229E
:10680000CDE90222026800918DF808300C49D2F8D7
:10681000D0308B4203D16FF0180004B010BD0321BB
:106820006A46044698470028F7D12368054AD3F8FA
:10683000D4309342EFD02046984704B010BD00BF3B
:10684000D96701104D67011010B584B0CDE901235F
:10685000069B0091039303680C49D3F8D0308B4218
:1068600003D16FF0180004B010BD02216A4604463F
:1068700098470028F7D12368054AD3F8D4309342CB
:10688000EFD02046984704B010BD00BFD967011073
:106890004D67011070B50126044600250E4B0673A6
:1068A000036028220021103009F05EFE4FF4807250
:1068B0002946A56304F13C0009F056FE4FF07E53D3
:1068C00084F844512046C4E94F55C4F8485184F82F
:1068D0004C516360A66070BD7C3902102DE9F04117
:1068E000164602680A4B97689F4203D16FF0180062
:1068F000BDE8F081044608460D460AF0EBF8334641
:10690000024629462046BC46BDE8F041604700BF2C
:106910003D6701102DE9F0410768054684B008463F
:106920000C461646D7F824800AF0D4F8164B984542
:1069300010D10023154A0094D7F8D040CDE9023396
:10694000944201908DF808600DD16FF0180004B0EA
:10695000BDE8F0810246334621462846C44604B0CD
:10696000BDE8F0416047032128466A46A047002859
:10697000EDD12B68064AD3F8D4309342E5D02846AF
:10698000984704B0BDE8F081F9670110D96701109C
:106990004D670110002300B54FF0010C9E461030EA
:1069A0000CFA03F20A4205D050F823201F2A18BF20
:1069B0004EEA020E0133202BF2D1704600BD00BF1B
:1069C000092915D810B500EB810422691F2A12D0BD
:1069D00003680A49D3F884308B4206D16FF018005F
:1069E0001040003818BF012010BD98472269F7E712
:1069F0006FF0180070476FF0180010BDB9670110F4
:106A0000002330B504464FF0010C9E4654F8102B7D
:106A1000D2F888500CFA03F20A4205D054F8232029
:106A20001F2A18BF4EEA020E0133202BF2D1054B6C
:106A30009D4202D16FF0180030BD71462B46BDE873
:106A40003040184765670110002330B504464FF009
:106A5000010C9E4654F8102BD2F88C500CFA03F21D
:106A60000A4205D054F823201F2A18BF4EEA020E0E
:106A70000133202BF2D1054B9D4202D16FF018005B
:106A800030BD71462B46BDE83040184765670110A0
:106A900070B50C4682B0E9B10368254ED3F8A43036
:106AA0000546B34219D1002201238DF80420C3F119
:106AB000040201A80021D2B2184409F055FD019B3F
:106AC0001BBA002BB8BF5B4293FBF4F204FB1230FD
:106AD00002B070BD084602B070BD98472B688DF8B3
:106AE0000400D3F8A430B34204D1002202238DF86D
:106AF0000520DCE7284698472B688DF80500D3F879
:106B0000A430B34204D1002203238DF80620CEE73F
:106B1000284698472B688DF80600D3F8A430B34276
:106B200003D100208DF80700C9E728469847F9E708
:106B3000C9670110F0B591420C4683B002DB2046D4
:106B400003B0F0BD0368264FD3F8A4300546BB421E
:106B5000A2EB010618D1002201238DF80420C3F115
:106B6000040201A800211844D2B209F0FDFC019BE7
:106B70001BBA002BB8BF5B42B3FBF6F206FB123325
:106B80001C44204603B0F0BD98472B688DF80400E4
:106B9000D3F8A430BB4204D1002202238DF8052093
:106BA000DDE7284698472B688DF80500D3F8A43018
:106BB000BB4204D1002203238DF80620CFE72846EC
:106BC00098472B688DF80600D3F8A430BB4203D158
:106BD00000208DF80700CAE728469847F9E700BF6C
:106BE000C9670110036870B5DB6C0F4DAB4202D171
:106BF0006FF0180070BD0021044698470028F9D1B5
:106C000023689B6CAB42F3D001462046984700288E
:106C1000F0D12368054A5B6C9342E9D02046BDE879
:106C200070400349184700BF556701106D67011098
:106C3000000080BF90F83A00704700BF90F84431E0
:106C400023B1002380F84C31C0F83C31704700BFBD
:106C500039B190F8443123B1002380F84C31C0F8A9
:106C60003C3190F83B2090F83A30511C013B80F8C1
:106C70003A3080F83B10104490F83C00704700BF59
:106C8000202A11D84FF0FF33C2F1200C23FA0CF365
:106C900080F84421C0F84011C0F8483112B90123EE
:106CA00080F84C31002070476FF06800704700BFDB
:106CB00090F84C3110B504466BB9D0F83C01D4F8CB
:106CC000482141EA40010A40C4F83C11D4F840117F
:106CD0008A4228D010BD4FF0010C90F83A2090F86D
:106CE0003930024492F83C000CFA03FCB9B920EAAE
:106CF0000C00591CC9B2082982F83C0084F83910EC
:106D0000E8D100F06BF8002294F83A30E118013332
:106D100081F83C0084F83A3084F8392010BD40EA0C
:106D20000C00C0B2E5E7012284F83B30A4F839300A
:106D300084F84C2110BD00BF70B4059DDDE90364EB
:106D4000002E47D0002C45D0002D43D088B270BB18
:106D500090B293B35A009042194638DB42F2107257
:106D6000D6ED016A3678F2EE047AB24007EE102AC8
:106D700066EEA76AB8EE477AC7EE267AFCEEE77AA7
:106D800017EE902AA0EB43039BB200FB022002FB0C
:106D900003F301FB022200F57A70C01A400890420A
:106DA00038BF10462B602060002070BC704789B24D
:106DB0008A42CED26FF01100F7E73378062B95BFE9
:106DC000182210220C23082390421946C6DA002309
:106DD0002B60E9E76FF00200E7E700BF99B10139E6
:106DE00010B50A46864601240020A1EB020C04FAE5
:106DF0000CF303EA0E0323FA0CF39340013A184311
:106E0000531CF2D110BD0846704700BF2DE9F04F6A
:106E100083B09DF83040002A00F05281002900F034
:106E20004F810144002C40F04E81013900F1FF3ABE
:106E300001911AF8014F03EA0205590041EAD41101
:106E4000680802EA010605F0553500F0553028447F
:106E50007308850806F0553603F05533334400F0C7
:106E6000333005F03335C4F3801805449E0848EAF2
:106E70004101280903F0333306F033361E4405F090
:106E80000F3502EA010300F00F3028445D0805F0D9
:106E9000553503F055331D444FEA161E030AC4F35B
:106EA000401706F00F3600F0FF100EF00F3E03F013
:106EB000FF13B64447EA41010344AE0803EB134015
:106EC00005F0333502EA010306F033362E445D083F
:106ED000C4F3001B03F0553305F055354BEA41016F
:106EE0001D44C4F3C00302EA010C009343EA4101CC
:106EF0004FEA1E2303F0FF130EF0FF1E734400F051
:106F0000010080EAD41003EB1343400003F00103B7
:106F1000C0B283EA08030343300900F00F3006F0E3
:106F20000F363044AE0806F0333605F033352E44C4
:106F30004FEA5C05C4F380090CF0553C05F055356B
:106F4000654402EA010E49EA410C010A01F0FF1111
:106F500000F0FF10014401EB114101F0010181EA51
:106F60000700370907F00F3706F00F363744390AA4
:106F70005B0007F0FF1701F0FF11DBB23944184343
:106F8000AE0801EB114105F03335400006F0333611
:106F900001F001012E44C0B24FEA5E0581EA0B0107
:106FA0000EF0553E014305F0553530097544C4F3E4
:106FB000400806F00F3600F00F30304448EA4C032A
:106FC000AE0802EA0C0C02EA030E05F0333706F0B5
:106FD00033354FEA5C063D440CF0553C4FEA5E0702
:106FE00006F0553666440EF0553E4FEA102C07F079
:106FF0005537774400F0FF1E0CF0FF1049004FEAB0
:10700000151C70445FFA81FB05F00F35009900EB09
:1070100010400CF00F3CAC4400F0010048404FEA37
:107020001C2101F0FF110CF0FF1C6144B50840EA7F
:107030000B0001EB114106F03336400005F033350B
:1070400001F001013544C0B281EA09010143280978
:1070500000F00F3005F00F35BE082844050A07F090
:10706000333706F033363E4400F0FF1005F0FF15CD
:107070000544300900F00F3006F00F360644300AA0
:1070800000F0FF1006F0FF16304405EB1545060C26
:10709000490005F0010516FA80F0C9B2604085EAA2
:1070A00008050D4300F0010141EA45018AF800108E
:1070B000019904F001048A4544EA43037FF4B9AE20
:1070C00003B0BDE8F08F9E46451E4E1E02EA0E0339
:1070D0005C0804F0553403F055331C44A30803F056
:1070E000333304F033341C44230903F00F3304F02A
:1070F0000F341C44230A03F0FF1304F0FF141C4454
:1071000015F8017F04EB144404F0010484EAD71459
:1071100044EA4E0E02EA0E03580800F0553003F020
:1071200055331844830803F0333300F033301844E8
:10713000030903F00F3300F00F301844030A03F083
:10714000FF1300F0FF10184400EB104080EA971086
:1071500000F0010040EA4E0E02EA0E03590801F069
:10716000553103F0553319448B0803F0333301F0E4
:10717000333119440B0903F00F3301F00F31194477
:107180000B0A03F0FF1301F0FF11194401EB114149
:1071900081EA571101F0010141EA4E0E02EA0E0C9C
:1071A0004FEA5C0303F055330CF0553C63444FEA5F
:1071B000930C0CF0333C03F0333363444FEA131C5D
:1071C0000CF00F3C03F00F3363444FEA132C0CF028
:1071D000FF1C03F0FF13634403EB134383EA17130D
:1071E00003F0010343EA4E0E02EA0E084FEA580C80
:1071F0000CF0553C08F05538C4440CF033384FEAD5
:107200009C0C0CF0333CC4440CF00F384FEA1C1CAF
:107210000CF00F3CE04408F0FF1C4FEA182808F07F
:10722000FF18C4440CEB1C4C8CEAD70C40EA440019
:107230000CF0010C4CEA4E0E41EA400143EA4104D5
:1072400002EA0E03580800F0553003F05533184495
:10725000830803F0333300F033301844030903F09C
:107260000F3300F00F301844030A03F0FF1300F04F
:10727000FF10184400EB104080EA970000F0010076
:1072800040EA4E0E02EA0E03590801F0553103F0B0
:10729000553319448B0803F0333301F0333119446B
:1072A0000B0903F00F3301F00F3119440B0A03F0FF
:1072B000FF1301F0FF11194401EB114181EA57015D
:1072C00001F0010343EA4E0E02EA0E084FEA5801AC
:1072D00001F0553108F05538414401F03338890840
:1072E00001F03331884408F00F314FEA181808F0E4
:1072F0000F38414401F0FF18090A01F0FF11414421
:107300004FEA11484CEA440C18FA81F140EA4C006B
:107310004F4007F0010743EA400347EA4303B54201
:107320002B7047EA4E0E7FF4D1AE03B0BDE8F08F6C
:10733000704700BF036870B5002484B09E691023B5
:107340001546039402936B461268CDE90044B0479A
:107350009DF8043003F00603062B04D1009B0120A6
:107360002B6004B070BD204604B070BD0098904200
:107370000CBF062001207047034B10B50446036084
:1073800000F024F9204610BDA83A0210054B10B5B4
:107390000446036000F01AF908212046EDF7BCFA14
:1073A000204610BDA83A02102DE9F041069F1D4667
:1073B00004469046DDE908369F420CD02946204617
:1073C00000F008F920B10123376086F80480B3711A
:1073D0000020BDE8F081079900F0FCF80028EDD00E
:1073E000002086F80580BDE8F08100BF38B515465D
:1073F0001C4600F0EFF800B938BD082206232560CE
:10740000E260237138BD00BF2DE9F0410646174602
:107410001D460C4600F0DEF848B9032D07D8236856
:107420003A46314620465B69BDE8F0411847BDE861
:10743000F08100BF0268D30706D4427803462AB918
:10744000012210465A7070470020704710B5042082
:1074500000F048F9044600F025F8024A02492046A7
:1074600000F05CFA75740110F03A02100123036019
:10747000704700BF034B10B50446036000F0D2F91B
:10748000204610BD043B0210054B10B504460360B6
:1074900000F0C8F904212046EDF73EFA204610BD61
:1074A000043B0210014B0360704700BF043B021015
:1074B000034B10B504460360FFF75EFF204610BD86
:1074C0004C3B0210054B10B504460360FFF754FF18
:1074D0000C212046EDF720FA204610BD4C3B02104F
:1074E00070B582B004460D46069E964209D0A0684B
:1074F000294604680696246AA44602B0BDE8704096
:10750000604719460192009300F064F8DDE900320B
:107510000028ECD0062002B070BD00BF2DE9F04F6E
:1075200081B00D4619461C4607461646DDE90A8B12
:10753000DDE90CA900F04EF880B9D04527D0B86835
:107540002346324629460468CDE90CA9CDE90A8BC9
:10755000E469A44601B0BDE8F04F6047002DC9F8CA
:10756000008089F804600CDBA844C24514BF4FF0CA
:1075700001084FF0060889F80680002001B0BDE838
:10758000F08F0235F9D1012389F80630F5E7594625
:10759000384600F01FF80028D1D089F80560ECE7E4
:1075A0002DE9F04107460C4615461E46FFF71EFF23
:1075B00048B9B868214633462A460468A469A446F7
:1075C000BDE8F0416047BDE8F08100BF704700BFF3
:1075D00000207047814211D0406808B503782A2BFB
:1075E0000AD049680B782A2B08BF013109F016F937
:1075F000B0FA80F0400908BD002008BD01207047A6
:1076000020494A6830B5A0F1080432B350F8085C4C
:1076100004EB050E724520D8536825D073B301F1F1
:10762000040C05E0596802F1040C1A4651B10B46EE
:107630009E45F7D820D1536819685B680D445360A4
:10764000DCF800301A6899188C420AD05B6840E96F
:107650000253DCF800305C6030BD40F8042C4C6014
:1076600030BD2A441A6030BD126840F8043C2A44F8
:1076700040F8082C4C6030BD1346E3E7134601F197
:10768000040CDFE7482D002000F108031449082B03
:10769000486838BF082308B30733043123F00703D1
:1076A00002E0011D406890B102689342F9D8086871
:1076B000026870B4D41A4668072C09D9C5186E60E0
:1076C000C4500868036008300D6070BC7047704794
:1076D0003546026008300D6070BC7047704700BFCF
:1076E000482D002010B500F180042046EDF7C6F8C3
:1076F00038B1034680220021184608F035FF80305B
:1077000010BD2046FFF7C0FF03460028F2D100F06D
:10771000A5F800BF064B8038D3E9022313449842F2
:1077200003D2824201D2FFF76BBFEDF7E1B800BF91
:10773000482D0020F0B50026354D89B03548EE6063
:10774000C5E9016607F0F2FE0822334B09210496D1
:10775000CDE90223314A0423CDE90512079300281D
:1077600036D0044623780F222D483A2B08BF013427
:10777000214608F033FE10B9E37B2E2B16D02046AD
:107780003A2108F03FFF04460028EBD1079A049CF9
:10779000402AA8BF4022002C08BF06243E3402FB2A
:1077A00004F4A400EC60BCB909B0F0BD103402AE22
:1077B000376821463A461FB1706808F00FFE10B9CD
:1077C000E35D3D2B12D00C3608AB9E42F0D1D6E7DC
:1077D0004FF488631C46EB602046EDF74FF8A86035
:1077E000A0B100236860C0E90043DDE7781C0022F7
:1077F00001A9204408F090FC019C23783A2B01D089
:10780000002BBCD10028A8BFB060B8E7E860CBE788
:10781000482D0020382202104C220210582202105B
:1078200064220210704700BF704700BF00487047D5
:1078300074220210004870478422021010B50446DA
:107840000421EDF769F8204610BD00BF08B5804758
:1078500007F064FE07F026FA07F060FE08B5024B59
:10786000D3E8AF0FFFF7F2FFEC27002008B5804701
:10787000FFF7F4FF08B5024BD3E8AF0FFFF7F6FFB1
:10788000E8270020014BD3E8AF0F7047EC2700201A
:10789000014BD3E8AF0F7047E8270020012810B54F
:1078A00016D8A1F12803D3E8EF2F013AC3E8E02F5F
:1078B0000028F8D15AB951F81C3C01F158040BB119
:1078C000204698472046BDE81040FFF723BF10BD73
:1078D00051F8140CFFF7BAFF002310B5044640F826
:1078E000803C40E91E12FFF7D3FF44F8700CFFF70D
:1078F000C9FF0749074A084B44F86C0CA4F1800003
:1079000044F8581C44F8542C44F8503C10BD00BFB7
:10791000474E5543432B2B009D78011070B504460C
:107920000D46164607F044FA0346204632462946DD
:107930005C6801345C60FFF7CFFF0123044644F824
:10794000283B204609F0F0FF204607F0ABF9FFF78F
:1079500085FF00BF10B507F02BFAD0E900420132D5
:10796000426064B194F82020472A0AD000220260C5
:107970002034204609F098FF204607F093F9FFF7DE
:107980006DFF94F821204E2AF0D194F82220552A38
:10799000ECD194F82320432AE8D194F82420432AF8
:1079A000E4D194F825202B2AE0D194F826202B2A24
:1079B000DCD194F82720012AD8D86269524262614A
:1079C000D6E700BF3A4B1A7870B582B0002A3ED194
:1079D00001241C7007F0FCFC78B3446800224FF0CF
:1079E000FF30344D2378114601902A2B01AB08BF9C
:1079F0000134204607F01CF82B6830220121DB6897
:107A000006462D4808F022F92A68019BD16883B107
:107A1000204608F0DBFC2B68022201212748DB68A6
:107A200008F014F9019B13B93046ECF761FFFFF73A
:107A300091FF304608F0CAFCEDE71E4B2D2221468F
:107A40001F481B68DB6808F001F907F067FD194B58
:107A50001D2201211B481B68DB6808F0F7F807F0BE
:107A60005DFD01290C4619D107F01CF903689B68DC
:107A700098472B6821460B220446DB68124808F021
:107A8000E5F82B682046D96808F0A0FC2B680A208E
:107A9000D96808F01BFC07F043F9D6E707F002F9B4
:107AA00007F03EF9D1E707F03BF907F033F800BFE4
:107AB000546B02200C2C0020B8220210EC22021081
:107AC000F02202109822021020230210502984462E
:107AD00070B53BD834295BD829290AD9A1F12A00ED
:107AE000082831D8DFE800F0171615301517172EC3
:107AF00016000A2924D9A1F10B000124C0B2844048
:107B00002B482040F0B92B48044204D12A48204099
:107B1000A8B1CAB1C3B1DCE90540844214DADCF88B
:107B2000105004EB840E0026013405EB8E00C0E9F2
:107B30000166CCF8144005F82E10C0E9032370BD8F
:107B40000429E6D9002AE6D1002070BDA1F1520037
:107B50000C28F7D801A454F820F000BF177B0110BF
:107B6000177B0110457B0110157B0110157B01105F
:107B7000137B0110457B0110457B0110177B011021
:107B8000457B0110457B0110457B0110137B0110E3
:107B9000A1F135000124C0B28440084820400028EB
:107BA000D0D1074820400028B3D14F29B3D070BDB1
:107BB000FE1F005F00C07F00010080000711C701A9
:107BC000F82E000A70B5D0E905439C421ADA04EB9E
:107BD0008403066984460134002506EB83004FEADE
:107BE000830EC0E90155CCF8144059B1AA42CCBF6C
:107BF0000023012333B9C0E9013306F80E30C0E990
:107C0000031270BD002070BDC268014670B51378C4
:107C10006E2B23D0303BDAB2092A28D80026002068
:107C20006FF0004E134C07E0CB685A1CCA605B78BB
:107C3000303BDAB2092A0DD8AEEB030200EB800C20
:107C4000A4FB0252B0EBD20F03EB4C00ECDD4FF083
:107C5000FF3070BD002EFCD0404270BD531CC3608D
:107C60005378303BDAB2092A01D80126D7E7002041
:107C700070BD00BFCDCCCCCC10B5044651B1682945
:107C800022D02046FFF7C0FFE3681A785F2A0ED0A3
:107C9000002010BDC3681A78002AF9D05A1CC260AF
:107CA0001B78682B10D0762BEBD00020F1E7013346
:107CB0002046E360FFF7A8FFE3681A785F2AE7D160
:107CC00001330120E36010BD2046FFF79DFFF3E77D
:107CD00030B4C4680A462178522904D04F2902D012
:107CE000104630BC70475229C56A07D003352021A1
:107CF0000134C5620023C46030BCE7E602351F21B1
:107D0000F6E700BFC3681A785F2A01D001207047E8
:107D10005A1C10B5C26004465A785F2A05D0FFF796
:107D200073FF002810DB012010BD0233C360FFF792
:107D30006BFF002808DB0928F5DDE3681A785F2A65
:107D400002D10133E360EEE7002010BD002978D0B6
:107D500038B505460C46A268012A2FDCD5F81C313F
:107D6000B3F5806F2ADC23780132422BA26038D829
:107D7000232B24D8013BDAB2222A1FD8222B1DD86C
:107D8000DFE803F0171717121C1C2B2B17171717F8
:107D900017171717171717171717171C171717176E
:107DA0001717171717171700D5F844310133C5F8FF
:107DB0004431D5F81C31B3F5006F27DD38BDA3F190
:107DC00024020121D2B201FA02F21E491140002917
:107DD000EFD192072BD1342BF0D12469002CBAD1EA
:107DE00038BD453BDBB2192BE8D80122164902FA0F
:107DF00003F319400029DCD1144A134202D113F0D5
:107E0000180FDBD0E468002CA5D1E9E70133284640
:107E1000C5F81C31E168FFF799FF21692846FFF793
:107E200095FFD5F81C31013BC5F81C3138BDE3681E
:107E30001B78052BBDD1D5F838310133C5F8383161
:107E4000B7E77047EC7DFE7FC16F000206100400AB
:107E5000034658B1002004E0DA682AB11B690130FA
:107E60001BB11A78302AF7D070477047704700BFAF
:107E700020B907E039B10069013930B10378302BFE
:107E8000F8D000207047C06870477047F0B54B1CB1
:107E90001446526883B0A5680E4613440746AB42A9
:107EA00011D8E5686DB963683246206839461844D0
:107EB00008F09AFDD4E9003233449D54636833449A
:107EC000636003B0F0BDE268002AFAD155B16D00DD
:107ED000AB42FCD829462068ECF7ECFC38B12060B6
:107EE000A560DEE7022B4FF00205F0D8F2E7019023
:107EF0002068ECF7FDFC019B0122C4E90033C4E9D2
:107F00000232DEE703784B2B16D00DD8442B15D167
:107F10004378A3F1770003F0DF034F2B18BF01284C
:107F200094BF012000207047562B05D0A3F17200AA
:107F3000B0FA80F040097047012070470020704778
:107F400070B50D46D0F800110446FF2906D04B1C31
:107F5000C4F80031655484F8045170BD0026D0E99E
:107F6000423280F8FF609847D4F828210123314637
:107F70001A44C4F80031C4F82821655484F8045127
:107F800070BD00BFD0F810318BB15A68CB68106952
:107F9000002B0BDB20B906E03BB10069013B10B1BF
:107FA0000278302AF8D000207047C068704701235B
:107FB000C0F81831F7E700BF2DE9F047044608463E
:107FC0000D4608F087FD78B3013DD4F800114FF05D
:107FD00000094FF001082F1808E05546591CAF4220
:107FE000C4F80011E65484F804611DD0FF296E78AE
:107FF00005F1010A0B46F0D1204684F8FF90D4E940
:1080000042329847D4F82831BA45C4F8008103F1C8
:10801000010226704FF0010384F80461C4F828219E
:1080200002D015F8026FD9E7BDE8F087002956D0D5
:1080300038B505460C462378342B1ED8342B25D86A
:10804000DFE803F02C242424242E2C2929242424A2
:108050002424242424242424242424242C242424D8
:108060002424242424242424242424242C242424C8
:10807000242424242424242C2900433BDBB21C2B5D
:1080800004D8184A22FA03F3DB0707D4E16828462C
:10809000FFF7CCFF18B92469002CCCD1002038BDE3
:1080A000D5F81031BBB15A68E3681069002B0BDBBF
:1080B00028B9F3E73BB10069013B0028EED0027814
:1080C000302AF7D0EAE7C0680028E7D00378302BE1
:1080D000E5D00020E3E70123C5F81831DEE70020F2
:1080E000704700BFE30C0010C26838B51378542BFA
:1080F00024D1531C0446C36052785F2A20D06E2AD4
:108100001CD0FFF781FD411C18D4E3681A785F2A60
:1081100014D10133D4E90520E36082420EDA2369E9
:1081200002EB820C0025013203EB8C00C0E9015503
:108130006261052203F82C20C16038BD002038BDE3
:108140000021E6E72DE9F04788B00A4604461E49BB
:1081500001A8EDF739FF01A808F0BCFC80B301AE1F
:10816000D4F800114FF000094FF0010806EB000AA7
:1081700008E02E46591CB245C4F80011E75484F8B3
:1081800004711DD03546FF290B4615F8017BF0D14F
:10819000204684F8FF900236D4E942329847D4F85A
:1081A00028315545277003F1010284F804714FF01E
:1081B0000103C4F80081C4F8282101D02F78D9E741
:1081C00008B0BDE8F08700BF2C23021070B504464C
:1081D000FFF71AFD051E25DDE66863689B1B9D42BF
:1081E00027DCA26873195207E36002D5725D242A66
:1081F0001AD0092D0FDD08221C49304608F0EEF890
:1082000048B9337A5F2B18BF2E2B01D0242B02D113
:10821000737A4E2B0FD02A4631462046FFF7D2FC08
:10822000A06270BD002070BD0133092DE360E2DC67
:10823000F1E70020F4E7E26AD4E9053116328B4217
:10824000A2EB0502E262F4DA226903EB8300013358
:1082500007498500636102EB80000023C0E9013318
:1082600053551523C0E90313DAE700BF302302108A
:108270003C230210C3682DE9F0411A78532A1FD11C
:108280005A1C0446C2605878F0B9A36803F008028B
:10829000C3F3C00383F00103DE075ED5CB075CD5D3
:1082A000E3681B78433B012B8CBF002501255B4B0A
:1082B00003F1C4011A78824251D01C338B42F9D1A8
:1082C00000252846BDE8F0819A1CE2605878A0F1AC
:1082D000300C5FFA8CF3092B0BD85F2815D10023E3
:1082E000226A9A42ECD9E26952F823502846BDE846
:1082F000F081A0F15F02B2FA82F25209002AECD1B9
:10830000A0F14103192B08D9BFE7002205E0E56081
:1083100008785F28A0F1300C1DD05FFA8CFC02EBCE
:10832000C203BCF1090F00EB830309D8303B9A422A
:108330001A46C5D8E16808784D1C0028C0D0E6E789
:1083400002EBC203A0F1410100EB83031929A3F161
:108350003703ECD9B4E70133C2E7D508A7E75E6974
:10836000D4E90520AEB18242D3F8188054DA2769E7
:1083700002EB820C4FF0000E013207EB8C01C1E9D9
:1083800001EE4FF0180E626107F82CE0C1E90368B6
:10839000A162002D3BD0D3E90371E36A82420B4412
:1083A000E36237DA02EB8200531C226900264FF0A9
:1083B000180C02EB8005C5E90166636102F820C074
:1083C000C5E90371E3681A78422A7FF47AAFA66A96
:1083D00001332046E360FFF7F9FE2A4603464E21AB
:1083E0002046FFF773FBE36805461A78422AEFD070
:1083F000A66200283FF464AFD4E908329342BFF686
:108400005FAFE1695A1C41F82300226259E7D3E9C2
:108410000171C2E70025D5E70021B9E7283C021029
:10842000F8B5C3681A78572A27D104460E4607E0E4
:10843000E368E56945F8220021621A78572A1CD1C1
:108440005A1C5525E2605A78502A02D1023356252B
:10845000E36037682046FFF7B9FE294603463A46EF
:108460002046FFF733FB306030B1D4E908239A424D
:1084700002F10101DCDB0020F8BD0120F8BD00BFE6
:10848000C2682DE9F043044685B01046FFF73AFD77
:1084900000BB1378552B68D8402B40F29580413BA8
:1084A000142B00F29180DFE813F099018F00850111
:1084B00012018F009301C0008F008F008F008F008A
:1084C0008F00C6018F00B200A4008F0096008F00BD
:1084D000E600CE00002201A9204601F02DFA054653
:1084E00000283AD0E36820461B78462B3AD0FFF7A5
:1084F000C7FF2860002830D003781F3B012B05D828
:10850000019AC368C2602A6801922B60019D25B35D
:10851000D4E90832934220DAE1695A1C284641F82E
:108520002350226205B0BDE8F0830123256B20466D
:10853000236300F04DFF25630246002345212046BA
:10854000FFF7C4FA0546019038B1E3681A7822B102
:108550005A1CE2601B788B4228D00025284605B0C3
:10856000BDE8F08300F00EFCC3E7A3F161015FFA00
:1085700081FCBCF1190F27D80123BB4D03FA0CF382
:108580001D40002D40F0D582BCF1140F1CD10132EA
:108590002046E260FFF71AFE2B46024629212046BC
:1085A000FFF794FA05460190002DD6D0D4E90832A1
:1085B0009342D2DAE1695A1C41F82350019D2262AC
:1085C000284605B0BDE8F0830121204605B0BDE88E
:1085D000F04301F00BBB01322046E260FFF750FF91
:1085E0000023024624212046FFF770FA0546019039
:1085F000DAE701322046E260FFF742FF002302463D
:1086000023212046FFF762FA05460190CCE70132AC
:108610002046E260FFF734FF002302462521204672
:10862000FFF754FA05460190BEE701322046E260AA
:10863000FFF726FF0023024627212046FFF746FAD0
:1086400005460190B0E701322046E260FFF7BEFD2B
:10865000E368019005461A78492A00F08B8220468B
:10866000FFF70EFF2B46024622212046FFF72EFA87
:108670000546019098E72046FFF736FDE668019031
:1086800005463378492B8FD1636B002B40F08D82E8
:1086900000283FF462AFD4E908218A42BFF65DAFFB
:1086A000E16941F82200013222623278493A012A16
:1086B00005D801362046E66001F0E4F903462A4673
:1086C00004212046FFF702FA054601906CE7531C8F
:1086D000E3605378002B3FF440AF931CE360537882
:1086E000463B302B3FF639AF01A151F823F000BFD4
:1086F000F78801105B8501105B8501105B85011017
:108700005B8501105B8501105B8501105B850110A5
:108710005B8501105B8501105B8501105B85011095
:108720005B8501105B8501102B8501105B850110B5
:108730005B8501105B8501105B8501105B85011075
:108740005B8501105B8501105B8501105B85011065
:108750005B8501105B8501105B850110918A01101A
:108760005B850110658A0110358A0110058A0110A8
:10877000D58901105B850110A5890110EB8A0110D4
:108780005B8501105B8501105B8501105B85011025
:10879000BD8A01105B8501101B8B01105B850110E8
:1087A0005B850110758901102B850110C7880110A8
:1087B0006D88011001322046E260FFF761FE002360
:1087C000024626212046FFF781F905460190EBE697
:1087D000204600F0D7FA05460190E5E6511CE1601D
:1087E00053785F2B00F0C481303B092B00F2CF811E
:1087F0000D462E460135E5602B78303B092BF8D924
:10880000B21A2046FFF7DEF9074600283FF4A5AE6E
:1088100073785F2B7FF4A1AE294601312046E160D9
:10882000FFF72EFE3A4603462B212046FFF74EF96E
:1088300005460190B8E601322046E260FFF720FECF
:10884000054600283FF489AE2046FFF719FE03468F
:1088500000283FF482AE2A462C212046FFF736F945
:1088600005460190A0E600BFFF7BEC0393785F2BE9
:1088700000F0F481D4E905329342BFF66EAE22696E
:1088800003EB83010020013302EB8105C5E9010000
:1088900063614423204602F82130FFF7B5F9E86010
:1088A000E3681A785F2A7FF458AE01332046E3600C
:1088B000FFF7E6FD2A4603462E212046FFF706F97C
:1088C0000546019070E6D4E90532934280F2D981E1
:1088D000226903EB83010020013302EB8105C5E926
:1088E00001006361282302F82130E36AB94A0733A3
:1088F000EA60E36232E62046FFF786F9E368024663
:108900001E78622E00F09081782E03D05F2E7FF4C7
:1089100024AE00260FFA82FE0133D4E9051081420D
:1089200080F2AA81142027694FF0000C4FF05F09F4
:1089300001FB00F0DFF8CC8201313D18C5E901CC24
:10894000616107F8009001A8A5F810E0A249C5F8F8
:108950000C80AE74E360EDF737FB01A808F0BAF8BD
:10896000EB68E26A5B681344002E18BF01330344CE
:10897000E362F3E5D4E90532934280F28281226911
:1089800003EB83010020013302EB8105C5E90100FF
:108990006361282302F82130E36A904A0833EA60D1
:1089A000E362DBE5D4E90532934280F26A81226911
:1089B00003EB83010020013302EB8105C5E90100CF
:1089C0006361282302F82130E36A854A0433EA60B0
:1089D000E362C3E5D4E90532934280F25281226911
:1089E00003EB83010020013302EB8105C5E901009F
:1089F0006361282302F82130E36A7A4A0933EA6086
:108A0000E362ABE5D4E90532934280F23A81226910
:108A100003EB83010020013302EB8105C5E901006E
:108A20006361282302F82130E36A6F4A0A33EA605F
:108A3000E36293E5D4E90532934280F22281226910
:108A400003EB83010020013302EB8105C5E901003E
:108A50006361282302F82130E36A644A0933EA603B
:108A6000E3627BE5D4E905329342BFF676AD226935
:108A700003EB83050133A900636102EB8505002345
:108A8000C5E9013353540E23594AC5E9032365E56B
:108A9000D4E905329342BFF660AD226903EB83054A
:108AA0000133A900636102EB85050023C5E90133A9
:108AB000535404234F4AC5E903234FE5D4E9053253
:108AC000934280F2DE80226903EB830100200133B0
:108AD00002EB8105C5E901006361282302F821301A
:108AE000454AE36AEA60113342E7D4E9053293422A
:108AF00080F2C780226903EB83010020013302EB7F
:108B00008105C5E901006361282302F82130E36A89
:108B10003A4A0833EA60E36220E52046FFF7B0FCFA
:108B2000002302464D212046FEF7D0FF0546019066
:108B30003AE5334D01EB810305EB8301D4E90535BB
:108B4000AB4280F2A180266903EB83074FF0280C2B
:108B5000013306EB87050132C5E90100636106F8C0
:108B600027C0E36AE9604968E2600B44E362F5E428
:108B7000002752E601332046E36000F083FF2A46D7
:108B8000034604212046FEF7A1FF054667E50123C1
:108B9000256B2046236300F01BFC25630746002855
:108BA0003FF4DBACE5682B7833E6731C2046D4F841
:108BB0001490E360D4F82080E76A00F063FFE36874
:108BC0001B78492B20D0E660C4F81490C4F82080AC
:108BD000E762E9E4443F02102C230210583F0210E0
:108BE000303F0210F43E02101C3F0210083F0210FA
:108BF0005C23021054230210803F02106C3F0210CD
:108C0000EC3C0210943F0210002D3FF4A6ACD4E9D6
:108C100008139942BFF6A1ACE269034642F821501D
:108C200001312A4621624BE510287FF496AC0133CE
:108C3000D4E90521E3608A4223DA14232169002064
:108C400002FB03F30132CD18C5E90100626128225D
:108C5000CA540E4AE36AEA600F3389E603320123FD
:108C6000256B2046E260236300F0B2FB25630546D6
:108C700000287FF415AE70E4054901A8E360EDF724
:108C8000A3F90023DB68FFDEC368FFDEA83F021004
:108C90002C23021030B5044683B00023E16801ADF7
:108CA00001930B78A3F12E0283B3D3B2242B19D8EE
:108CB000242A17D8DFE802F02A16161616161616FA
:108CC0001616161616161616161616161616162A30
:108CD00016161616161616161613162A13004B78A5
:108CE000452B13D02046FFF7CBFB024600232F2154
:108CF0002046FAB1FEF7EAFE2860D8B1E16800F13B
:108D000010050B78A3F12E02002BCED1019888B16B
:108D100003690BB103B030BDC26811782829F9D1BD
:108D2000D268117C0929F5D1E16A5268891AE16299
:108D3000C360EFE7002003B030BD00BFC36870B56B
:108D40001A7805464A2A1AD081B12846FFF798FBBF
:108D5000044690B12846FFF79DFF034668B12246BE
:108D600028462A21BDE87040FEF7B0BE28460C46D2
:108D7000FFF790FF03460028F1D1002070BD0133BA
:108D8000C360E2E710B50446806810F480200BD180
:108D9000E26BB2F5006F06D8511CE368E163197805
:108DA000462907D0E26310BDE3681A78462A01D04D
:108DB000002010BD5A1CE2605A78592A01D10233B2
:108DC000E36001212046FFF7B9FF01462046FEF788
:108DD0007FFFE3681A78452A06D00020A3685B036A
:108DE000E1D4E26B013ADDE70133E360F6E700BF6F
:108DF000C3681A78542A49D170B55A7804460D468A
:108E00006E3A0B2A09D8DFE802F014082208080895
:108E100031080808080A01232B60002070BD0233C6
:108E20005A210022C36020460023BDE87040FEF7AF
:108E30004DBE0233C360FFF723FB02460028EAD091
:108E400020465B210023BDE87040FEF73FBE0233A1
:108E50002946C360FFF7CCFF02460028DBD020463E
:108E60005D210023BDE87040FEF730BE0233294685
:108E7000C36000F00DF802460028CCD0E3681978F2
:108E80004529C8D101335C21E360CCE7002070475D
:108E900070B5002382B005460E4601AC019302E096
:108EA000236003F1100431462846FFF7A1FF034673
:108EB0000028F5D1019A32B15921284602B0BDE807
:108EC0007040FEF703BE02B070BD00BFC3682DE95D
:108ED000F0411F780646002F37D05A1CC26093F825
:108EE00001801F78B8F1000F31D149210022394D9E
:108EF0008B1A48BF013302EB6303180105EB031E15
:108F00002C5894F800C0BC4507D094BF5A1C194691
:108F10008A42EDD10020BDE8F08160784045F4D16F
:108F2000D6E905329342F5DA326903EB8301002476
:108F3000013302EB8100C0E901447361332302F87D
:108F40002130C0F80CE0BDE8F081B846CDE79A1CAE
:108F5000762FC26093F801801FD1A8F13004E3B2EC
:108F6000092BC2D8FFF732F90246D6E905318B4208
:108F7000D0DA03EB8300356901330021870005EB6C
:108F80008000C0E901117361002AC3D03423C0E915
:108F90000111EB55C0E90342BDE7632FA5D1B8F13C
:108FA000760FA2D1D0E90C34B3FA83F35B094363A3
:108FB000FFF766FA736B02463BB100233621304659
:108FC000FEF784FD7463BDE8F08135213046FEF77D
:108FD0007DFDF7E7BC3F02102DE9F04385B00F4659
:108FE000044601A90192FFF71BFA002800F0C9808E
:108FF000E2681378462B00F08980A3F13002002646
:10900000092A40F28C80A3F16102192A29D86F2B1A
:10901000256B00F0D2802046FFF758FF25630546F8
:10902000002800F0F1800378332B7CD1C268E36A1A
:10903000916807330B44E36213681A786C2A72D183
:109040005A78692A6FD19B78002B6CD12046FFF7A4
:10905000BDF82A46034638212046FEF737FD05466F
:1090600061E0442B00F0B380A3F14302012A40F2F7
:10907000A7814C2B78D0552B40F08380E3685A7839
:109080006C2A00F01681742A7BD11A78552A40F098
:10909000BB805A1C019DE2605A78742A40F0B4806B
:1090A0009A1CE2609B785F2B00F085816E2B00F0AC
:1090B00089812046FEF7A8FD10F1010C00F1A48083
:1090C000E26813785F2B40F09F800132E260D4E9C0
:1090D0000532934280F29880226903EB83010020DD
:1090E000013302EB8105C5E9010063614A2302F8FF
:1090F0002130C5F80CC0D4E90832934280F2848054
:10910000E26942F82350013323620CE0531C064607
:10911000E3605378A3F13002092A3FF674AF20468A
:10912000FFF754F80546019B2BB12A4657212046EC
:10913000FEF7CCFC0546E3681A78422A26D05EB9D1
:1091400037B12B463A4601212046FEF7BFFC0546C3
:10915000284605B0BDE8F0832A4600235121204669
:10916000FEF7B4FC0546EBE7E36820460133E36015
:10917000FFF72CF8054620B12046FEF7C3FD002876
:10918000D1D10025284605B0BDE8F083D4F8288069
:1091900001332046E360FFF719F82A4603464E21C3
:1091A0002046FEF793FCE36805461A78422AEFD082
:1091B000C4F82880002EC3D0CEE7E3685A786E2A20
:1091C0007FF429AF0233E3600023236323E7E368DE
:1091D0005A78432A00F0BC80A26A3AB1117809B1EA
:1091E000182903D1E16A10690144E1621978432921
:1091F0000CD0442908D159783039052904D8DFE842
:1092000001F0552D52034F4C00258CE75978492920
:1092100000F0BF80A1F131000428F5D830390233C5
:109220005FFA81F8E360D4E905318B42ECDA03EBB5
:109230008301D4F810C0013300200CEB81058900B4
:10924000C5E901006361002ADED00723C5E90100FA
:109250000CF8013085F80C802A6164E74FF0020EAB
:109260000233E360D4E905318B42CDDA03EB8301AD
:10927000D4F810C0013300200CEB81058900C5E94A
:1092800001006361002ABFD00823C5E901000CF882
:10929000013085F80CE02A6145E74FF0050EDFE765
:1092A0004FF0040EDCE74FF0030ED9E74FF0010E4C
:1092B000D6E71A78552AA7D15A1CE2605A786C2A48
:1092C000A2D10233002203A92046E3600392FFF7F4
:1092D000DFFDDDF80C908046B9F1000F94D12046F7
:1092E000FFF7D8FC00288FD0B8F1000F66D0C8F87F
:1092F0001000E2681378452B86D1531CE360527846
:109300005F2A0ED06E2A3FF47FAF2046FEF77CFC2A
:1093100010F101093FF578AFE3681A785F2A7FF40E
:1093200073AF0133E360D4E905329342BFF66CAF0B
:10933000226903EB83010020013302EB8105C5E9BB
:1093400001006361482302F82130C5E90389EAE698
:1093500002334FF00008E3602046C146FEF736FFB7
:109360000023024654212046FEF7B0FB8046B9F1A7
:10937000000F0CD0C9F81000B8F1000F3FF444AF53
:10938000E3681A78452AE7D10133E360CBE6054666
:10939000F2E75A1CE2609A78A2F1310104293FF603
:1093A00033AF0333303A2046E3605FFA82F8FFF7C9
:1093B00067F8A26A37E74FF0000C86E6804698E728
:1093C000E36809E7002D3FF4BAAE2B460025ACE672
:1093D000C26813784C2B00F0E580542B00F0E48039
:1093E000732B2DE9F04104461DD0662B42D0A3F12A
:1093F0003001092906D96F2B6ED153786E2B19D104
:109400000232C260002220461146FFF7E5FD054604
:10941000002800F0C580E3681A78492A00F0AC8083
:109420002846BDE8F0815378722B00F08880702BBD
:1094300000F071812046FFF749FD0546002800F045
:10944000AF800378332B66D0342B00F0C280352BED
:1094500040F0A680E3681A785F2A00F04B8120462E
:10946000FFF7B6FF03462A4620463821BDE8F04103
:10947000FEF72CBB5378702BDCD1931CC360937820
:10948000542B00F044815F2B00F0B3806E2B00F072
:109490008780FEF7B9FB411C00F18280E3681A78EF
:1094A0005F2A7DD16FF0004201339142E36077D0B3
:1094B0000230D4E90532934272DA226903EB830168
:1094C0000026013302EB8105C5E9016663610623CD
:1094D00002F82130E860A3E7692B01D0742B65D135
:1094E00051786C29A6D10232742BE26000F05F81C2
:1094F00000251378002B53D05378002B50D04521F2
:10950000204600F0DFF92A46034632212046BDE816
:10951000F041FEF7DBBAC168E36A8A680E68023A76
:109520001344E3623378732B33D17278742A30D1C9
:10953000B27872BB2046FEF7A3FF034693E7931C65
:10954000816BC36051B19378552B00F29281422B0D
:1095500000F25C81303B092B40F260812046FEF72F
:109560008FFF014600222046FFF736FDE3680546DF
:109570001A78492A7FF454AF01332046E36000F0A3
:1095800081FA2A46034604212046BDE8F041FEF751
:109590009DBACF68032F03D8DFE807F0232F784D5B
:1095A00000253DE700F076BFFEF79EBD752B7FF4EA
:1095B00041AF0132C260FEF709FE0546204600F0C9
:1095C00061FA2A46034640212046BDE8F041FEF7F5
:1095D0007DBAC368012B3FF442AF032BE0D0002BD0
:1095E000DED12A46204600233721BDE8F041FEF7B0
:1095F0006DBA03320120E2605BE732786D2A00F039
:109600009680702A00F093800027732B7AD17378AC
:10961000502B77D1B378002B74D1204600F032FA6A
:109620000346002F3FF41FAF1A463A212046FEF7AB
:109630004DFA034617E7712B40F086807278752A41
:1096400040F08280B278002A7ED12046FFF7C0FE2B
:1096500006462046FFF7BCFE07462046FFF7B8FE49
:10966000034600289CD03A463D212046FEF72EFABC
:10967000324603463C212046FEF728FA2A46034696
:109680003B212046BDE8F041FEF720BA71783278E0
:10969000632900F0D380662A00F0F980642B40F043
:1096A000ED807378692B40F0E980B278002A40F0B1
:1096B000E58011462046FFF78FFC07463378632B81
:1096C0007BD172786C2A78D1B278002A75D1452185
:1096D000204600F0F7F8064633463A463A2120463F
:1096E000FEF7F4F92A46034639212046BDE8F04149
:1096F000FEF7ECB9013345212046E36000F0E2F8C3
:109700000346B0E62046FFF763FE034689E70332CF
:109710000020E260CDE60232C260FFF759FE00236E
:1097200002464D212046BDE8F041FEF7CFB97178E1
:1097300091427FF469AFE26811785F297FF465AFE9
:109740000132E26033785FE7642B06D17378582BDF
:1097500003D1B378002B3FF478AF3378662B00F059
:109760009B806E2B7FF41CAF7378772B02D0612B1C
:109770007FF416AF5F21204600F0A4F8064620468D
:10978000FEF77EFEE36807461A78452A00F09480CB
:10979000702A00F08580692A7FF402AF5B786C2B19
:1097A0007FF4FEAE2046FFF713FE03465BE720463C
:1097B000FEF766FEE26805469BE6642B4CD17278A4
:1097C000742A49D1B278002A46D1E3681A78672A08
:1097D00059D0732A02D15B78722B45D000222046E3
:1097E0001146FFF7F9FBE36806461A78492A7FF429
:1097F00073AF01332046E36000F044F9324603467C
:1098000004212046FEF762F9064665E7433B2C4AF1
:10981000DBB222FA03F3DB077FF5A0AE4FF0FF3394
:1098200000212046A36300F07FF9E36801461A781F
:10983000452A7FF497AE0133E36093E6A2F172010B
:10984000012904D9A2F1630101293FF624AF204682
:10985000FEF716FE074631E7702B05D17378742B9F
:1098600002D1B378002BB0D02046FFF7B1FD0646F9
:1098700032E7613B192B3FF671AECFE72046FFF789
:10988000A7FD07461AE75B78732BA7D1ECE72046C4
:10989000FFF71CFB074611E72046FFF717FBD7E64B
:1098A0005A78692A7FF47CAE023345212046E36072
:1098B00000F008F80346D6E60133E3600023D2E661
:1098C00001020400C26800232DE9F0410E46117820
:1098D00082B00446B142019324D001AD012709E0D2
:1098E000FEF7F4F8286000F1100588B1E3681A78F3
:1098F000B24211D0D4F8308020462763FFF768FDCC
:10990000024600232F212046C4F83080002AE7D1E8
:10991000002002B0BDE8F08101330198E36002B09D
:10992000BDE8F081511C1A46C1602F2102B0BDE88C
:10993000F041FEF7CBB800BF2DE9F84F91460E4637
:10994000C268044609F0010335461178002B15BFA3
:109950004FF01E0A4FF01B0A4FF01D084FF01A0877
:1099600014BF1C27192720E0562937D04B293BD09C
:1099700053787BB3931CE3605378782B3AD003F091
:10998000DF024F2A6BD1E26A4F2B02F10902E26239
:1099900036D00023522100222046FEF797F8286097
:1099A000C0B1E26800F10C0511781046FEF7AAFA82
:1099B000002839D0531C7229E360D5D1E26A3946B8
:1099C000002320460932E2620022FEF77FF8286079
:1099D0000028E6D100252846BDE8F88FE26A414616
:1099E00000230932E262D6E7E26A514600230632DA
:1099F000E262D0E7E36A4F211133E3620023CAE752
:109A00000123D4F830B020462363FFF7E1FCC4F80B
:109A100030B003460028DDD0E26811784529D9D15D
:109A200001325221E260B6E719F0010FD3D1462985
:109A3000D1D1B542CFD01D201E211C2207E01B2B07
:109A40000BD0192B00D132700C36B542C3D036681A
:109A500033781A2BF3D13070F6E73170F4E7772BB7
:109A6000B8D1E36A20460633E362FFF713F90346F1
:109A70000028AFD0E26811784529ABD101325321DB
:109A8000E26088E7C368F0B51A7883B00446866A56
:109A9000452A25D0002301AD01930BE0FEF716F80F
:109AA000286000F1100570B1E1680B78452B0ED0ED
:109AB000512B0CD0204600F06BFD024600233021D4
:109AC0002046002AEAD10025284603B0F0BD512BDC
:109AD000019D0FD001312846A662E16003B0F0BDC0
:109AE0005A1C00233021C2601A4603B0BDE8F04082
:109AF000FDF7ECBF01230131276B20462363E160B2
:109B0000FFF766FC2763034650B12A465E212046D4
:109B1000FDF7DCFFE16805460B78452BD3D1D9E78B
:109B2000E16805460B78F8E770B5C2680024054681
:109B30000E461378442B24D0493B0B2B07D8DFE883
:109B400003F0430606063F0606060606312B0022F2
:109B500021462846FFF740FA0446002C43D0EA6825
:109B60001378452B40D0002EE3D0D5E908318B4245
:109B700039DAE96941F8234001332B621378442B29
:109B8000DAD1537803F0DF03542BE0D15CBB2846D5
:109B9000FEF776FC0446E0E72CBB2846FEF7A4FA65
:109BA0000446DAE701212846FEF764FB0246D0B1FD
:109BB0000378553B012BCBD9ACB90446EA68B8E72A
:109BC000531C1A46EB60B4E76CB101322846EA60D8
:109BD000FFF758FF034630B1224604212846FDF71F
:109BE00075FF0446B9E70024204670BDC268F0B591
:109BF000137885B004460D464E3B0C2B08D8DFE8A1
:109C000003F065070707072B0723070707078C00E3
:109C10000022164631462046FFF7DEF9E368024689
:109C20001978492931D065B1002A00F0B280D4E911
:109C300008318B4280F2AD80E069591C40F8232046
:109C40002162104605B0F0BD00221146FFF7C4F9AD
:109C50000246002DE8D1F4E75378742B00F09F8082
:109C6000002600212046FEF705FB0246002800F0F2
:109C700090800378553B012BCCD9002E40F0898091
:109C8000E36819784929DCD110E0002800F08180D0
:109C9000D4E9081081427CDAE06940F821200131E2
:109CA000216219784939012900F2D7800133204611
:109CB0000192E360FFF7E6FE019A03460421204685
:109CC000FDF704FF0246002DAED1BAE7531CC36076
:109CD0005378482B00F0B480012203A9FFF72CFE33
:109CE0000746002855D000212046FDF7F1FF064623
:109CF00001212046FFF718FF3860002849D016B12F
:109D0000039B0396F360E3681A78452A41D1013337
:109D1000039AE360002D87D193E7531CC360517809
:109D2000472938D0A1F15401B1FA81F1490991BB19
:109D300000F0CAF8064666B3E3681A78452A28D1C7
:109D40005A1CE2605A78732A00F09280642A45D047
:109D500000212046FFF74AFF0346002800F08680D6
:109D6000027802F0FD02482A0CD13278032A76D01C
:109D7000324602212046FDF7A9FE0246002D7FF45F
:109D800053AF5EE701902046FDF7BCFF019B002822
:109D9000EBD1002255E700F033F90646CBE7911CE2
:109DA0004369C16081698B427EDA016903EB8306F6
:109DB000013343610023B00001EB8606C6E901339D
:109DC0000B543F4BF36003233361E36A0333E362D5
:109DD0009378532B3FF445AF00221BE79A1CE260B7
:109DE0009B785F2B62D06E2BD3D02046FDF70CFF03
:109DF000471CCED4E26813785F2BCAD10132002110
:109E00002046E260FFF7F2FE014620B1037803F03E
:109E1000FD03482B4CD1D4E905239A4226DA206968
:109E200002EB820C4FF0000E013200EB8C03C3E911
:109E300001EE6261492200F82C20C3E9031794E780
:109E4000C16A0232002303AF0531C2601A46C16203
:109E50002121FDF73BFE06464AE700232EE7326943
:109E600011782A2984D10021D16081E700237CE781
:109E700002332046E360FDF745FF002889D0D4E98E
:109E800005239A42F2DA216902EB8203013298003B
:109E9000626101EB83030022C3E901220A54094AEB
:109EA000DA600E221A6160E700268EE70027A5E738
:109EB00001902046FDF726FF01990028ABD168E705
:109EC0007C2302106C2302102DE9F0410E46002184
:109ED0000546FFF78BFE002861D00446F6B1AB685B
:109EE000DB071BD423784F2BA3F11C01A3F15202F3
:109EF00047D044D8052944D9022B0CD12369002B23
:109F00004DD01A784F2AA2F11C00A2F1520142D082
:109F10003FD805283FD92046BDE8F081EB681B7883
:109F2000002BF8D0452BF6D023461A78042A3AD0D5
:109F300029D94F2A06D0A2F11C01A2F1520242D81F
:109F4000052902D8DB68002BEFD100212846FEF757
:109F5000F5FE074618B336B92378022B03D10378F0
:109F60002A2B08BFC660EB681A78512A33D03B46CB
:109F7000224628460321BDE8F041FDF7A7BD012A8E
:109F8000C9D8E468AEE7022ADFD11B69002BCCD127
:109F9000DBE70129BFD8DB682361002BB1D10024A6
:109FA0002046BDE8F081DA685AB11378082B03F136
:109FB000FF310BD8062BC8D8012902D81269002A14
:109FC000F3D10121C2E7012ABCD9BEE7B3F13601C2
:109FD00018BF0121BAE7013301222E6B2846EB603E
:109FE0002A63FFF7F5F92E63034630B13A465E2146
:109FF0002846FDF76BFD0746B9E70746B7E700BF00
:10A00000C16AC36801F114022DE9F04383B0C26252
:10A010001A780446542A29D0472A23D15A1CC260F0
:10A020005A78FAB19A1CC2605A78562A00F2E9802E
:10A03000402A17D9413A152A14D8DFE802F0D21382
:10A040001313131313130B1313131313131313B447
:10A05000139D1391002501A90195FEF7E1F9002850
:10A0600040F02081002003B0BDE8F0835A1CC2609C
:10A070005A78002AF6D09A1CC2605B78413B352B97
:10A08000F0D801A252F823F0FFA2011065A0011040
:10A09000D9A3011065A0011065A00110CDA3011086
:10A0A00065A001100DA401100BA3011017A301104E
:10A0B00065A0011065A0011065A0011065A0011048
:10A0C00065A0011065A0011065A0011065A0011038
:10A0D00023A301102FA3011065A001103FA30110BD
:10A0E0004FA3011065A0011065A0011065A001102B
:10A0F00065A0011065A0011065A0011065A0011008
:10A1000065A0011065A0011065A0011065A00110F7
:10A110005DA3011065A0011065A0011065A00110EC
:10A1200065A001109DA3011065A0011065A001109C
:10A1300065A0011065A0011065A0011065A00110C7
:10A1400065A0011065A0011065A0011065A00110B7
:10A1500065A0011065A0011065A00110CBA201103F
:10A160000021FFF743FD002302461321204603B0E0
:10A17000BDE8F043FDF7AABC9A78002A00F09D8064
:10A18000DA1CC2609A78DB786E2A00F06581472B72
:10A1900002D0542B40F091802046FFF731FF024659
:10A1A00000234B21E2E70021FFF720FD0646D4E91A
:10A1B0000512914280F28780226901EB8100002321
:10A1C000013102EB8005C5E901334423616102F8E6
:10A1D00020302046FDF718FDE8602B463246162158
:10A1E000C4E79978472964D0A1F15401B1FA81F10B
:10A1F000490900295DD1FFF767FE024600231721B8
:10A20000B4E7722A7FF42EAFFDF7FEFC01287FF73A
:10A2100029AFE3681A78002A3FF424AF5E1CE66099
:10A220001B785F2B7FF41EAF0027451E4FF04309BC
:10A23000B8463378002B3FF415AF242B40F0ED8067
:10A240007378532B00F002815F2B00F00181242BE7
:10A250007FF408AF1A46E668D4E90513023699423E
:10A2600080F2F880206901EB810C023D013100EBA6
:10A270008C03C3E90188616100F82C90DA60E66024
:10A28000002F00F0E1803A4642212046FDF71EFCF7
:10A29000074600283FF4E6AE002DCADC00233A460C
:10A2A000412163E7019A002A3FF4DCAE2B46582196
:10A2B0005CE7FFF7A5FE0246A0E700212046FFF776
:10A2C00003FE02466CE7002587E77621FDF7D4FC04
:10A2D00000283FF4C7AEE36820461B78472B00F008
:10A2E000CD80A3F15401B1FA81F14909002940F070
:10A2F000C580FFF7E9FD02460023102136E700F094
:10A3000047F900230246312130E7FEF7B9F8002370
:10A3100002460C212AE7FEF7B3F800230246122179
:10A3200024E7FEF7ADF8002302460D211EE70A31AF
:10A33000C162FEF7A5F8002302460A2116E70F3195
:10A34000C162FEF79DF80023024609210EE70021B5
:10A35000FFF74CFC00230246152107E70021FDF71B
:10A360008BFC00283FF47EAE00212046FDF784FCE4
:10A3700000283FF477AEE36820461B78472B00F0B7
:10A380008580A3F15401B1FA81F1490900297DD1F9
:10A39000FFF79AFD024600231121E7E66821FDF749
:10A3A0006BFC00283FF45EAEE36820461B78472B29
:10A3B00060D0A3F15401B1FA81F14909002959D1C2
:10A3C000FFF782FD024600230F21CFE6FEF758F883
:10A3D000002302460E21C9E6FEF752F80546204644
:10A3E000FDF712FC0028FFF63DAEE3681A785F2AFD
:10A3F0007FF438AE01332046E360FEF741F8E66AA9
:10A4000002462B4605360B21E662AFE60021FFF738
:10A41000EDFB002302461421A8E6711E002211F86C
:10A42000013F23B1242B02D00132AA42F7D1314699
:10A430002046FDF7C7FBE668AD1A03461644E66002
:10A4400000287FF41DAF0DE61F4625E72F2202E707
:10A450002E2200E7E66005E6472B13D0A3F1540156
:10A46000B1FA81F1490969B9FFF72EFD02460023CF
:10A470004C217BE6FFF7C4FD0246A4E7FFF7C0FDD1
:10A48000024639E7FFF7BCFD0246F0E7FFF7B8FDEB
:10A49000024680E7C268F8B513784C2B1ED1531CD6
:10A4A0000446C36051785F294AD05A2919D0FDF774
:10A4B000E7FF054690B10378E668282B47D033784C
:10A4C0006E2B28D03E27452B5BD0324603E0E2605E
:10A4D0001378452B25D00132002BF8D100252846D2
:10A4E000F8BD5F292CD05A1C2046E26059784729D4
:10A4F00041D0A1F15401B1FA81F1490900293AD1C1
:10A50000FFF7E2FCE36805461A78452AE6D10133F5
:10A510002846E360F8BD721C3F27E2607378164658
:10A52000D1E7921B31462046FDF74CFB2A460346F5
:10A5300039462046FDF7CAFAE36805461A78E4E78B
:10A54000931CE36092785A2ACDD00025DDE7C368DA
:10A550001A7C1AB1E26A5968521AE26218680B4909
:10A5600006F05CF933780028AAD1452B0BD06E2B6E
:10A57000D1D03E27A9E7FFF743FDE36805461A78E7
:10A58000C3E70022CEE70136E660A8E78023021089
:10A5900038B5C3681A784C2A1BD0044608D8493A03
:10A5A000012A19D80133C360BDE83840FFF76ABA01
:10A5B000582A11D101330122056BC3600263FEF7F3
:10A5C00007FFE36825631A78452A0AD10133E3605F
:10A5D00038BDBDE838405DE72046BDE83840FDF7AE
:10A5E0004FBF002038BD00BF2DE9F04F044699B0A1
:10A5F000002A76D0D0F81861002E75D11378154650
:10A600005F2B6ED8DFE813F012053A013A01880695
:10A61000460671096609FC008C0935032F032003E7
:10A620001A03E004950463043104FF03CD039B0384
:10A63000690334090209D008980898009800980026
:10A640007B007B007B007B007B007B007B007B0032
:10A65000190119017B007B00DB057300F4022B0755
:10A66000B0006D00B0004901490114060607A309B6
:10A6700055086D00D4069008630C610B6D001E0B2D
:10A680006D006D00C800C800C10ADC09E40A950924
:10A69000840A400A0E0A0A02A4016D007201D80160
:10A6A000EC0A060CBF0B7B00710C8D077B007B0056
:10A6B0005F05FE00FE004A05A9052708F50773009F
:10A6C000C30774023C02AA02A0F15209B9F1010FBA
:10A6D00000F24A86FF6810331FB1042EB44640F0E2
:10A6E0002D860123C4F8183119B0BDE8F08FEA684F
:10A6F0001121204619B0BDE8F04F02F08DBDD0F811
:10A70000142108ABCDE908250022C4F81431D4F88F
:10A710001031CDE90A23EA681121204602F07CFDC0
:10A720000A9B002B01F08C86089BC4F81431002E84
:10A73000DAD0C4F81071D7E7D0F81401002802F07D
:10A74000D0840246916841B951680978A1F1190C89
:10A75000BCF1020F04D88B42C9D01268002AF1D193
:10A7600008ABCDE90805CFE70023D0F8142108A9EC
:10A7700009950A93D0F81031C0F8141111210892EC
:10A780002A690B9302F048FD0A9B002B02F0188007
:10A79000089BC4F81431A7E7EA681178282941F02A
:10A7A0009B87D268167C062E02F2528026B12A6957
:10A7B0001278002A02F04484D4F80011FF2902F034
:10A7C00093824B1CC4F80031282320466354112186
:10A7D00084F80431EA6802F01FFDD4F80011FF2963
:10A7E00002F072824B1CC4F800312923635484F8B0
:10A7F00004312B783F2B02F06182082E02F0528246
:10A800002A6975E7EA68002A01F06987112102F0D8
:10A8100003FD2B78562B01F06587EB68002BEFD0FA
:10A820002E26D4F80011FF2902F0A6824B1CC4F892
:10A830000031665484F80461E2E7E868D4F82081C6
:10A840000378B8F1000F03D1052B01F0C983464608
:10A85000242B01F0A6872A789A42D4E9441C02F0FE
:10A86000FF80252B01F0B48608ABCDF820C00B91FA
:10A87000C4F81431002309950A934CE7EA681121C2
:10A8800002F0CAFCD2492046FDF796FB2D692B78D1
:10A89000492B01F060832A462AE7EA6812B11121A8
:10A8A00002F0BAFC2B69002B3FF41EAFD4F8001164
:10A8B000FD2902F2B980C7492046FDF77DFB2A69D0
:10A8C00011212046D4F82851D4F8006102F0A4FCEC
:10A8D000D4F82831AB427FF407AFD4F80031B3424B
:10A8E0007FF402AF023BC4F80031FDE6BA4E4FF0F0
:10A8F000000AD0F800114FF0010906F10E0B09E033
:10A900004646591CB345C4F80011E75484F8047155
:10A9100001F01D84FF29777806F101080B46EFD17D
:10A92000204684F8FFA0D4E942329847D4F8283171
:10A93000C345277003F1010384F80471C4F8009142
:10A94000C4F8283101F0038416F8027F0123D8E708
:10A95000A24E4FF00008D0F80011012706F1070BB6
:10A960000AE05646591CB345C4F8001104F8039098
:10A9700084F8049101F06B85FF2996F8019006F1A7
:10A98000010A0B46EDD1204684F8FF80D4E942321B
:10A990009847D4F82831D34584F8009003F1010397
:10A9A00084F80491C4F80071C4F8283102F0B18031
:10A9B00016F8029F0123D5E7894E4FF0000AD0F820
:10A9C00000114FF0010906F1160B09E04646591C2B
:10A9D000B345C4F80011E75484F804713FF487AE1E
:10A9E000FF29777806F101080B46EFD1204684F85D
:10A9F000FFA0D4E942329847D4F82831D8452770CF
:10AA000003F1010384F80471C4F80091C4F82831FB
:10AA10003FF46DAE16F8027F0123D8E7714E4FF078
:10AA2000000AD0F800114FF0010906F11C0B09E0F3
:10AA30004646591CB345C4F80011E75484F8047124
:10AA40003FF455AEFF29777806F101080B46EFD1A8
:10AA5000204684F8FFA0D4E942329847D4F8283140
:10AA6000C345277003F1010384F80471C4F8009111
:10AA7000C4F828313FF43BAE16F8027F0123D8E733
:10AA8000DFF868811121EA684FF0000A02F0C4FB88
:10AA900008F10A0BD4F800114FF0010909E0B046A3
:10AAA000591CC345C4F80011E75484F804713FF4FD
:10AAB000A7AE4646FF290B4616F8017BEFD120468C
:10AAC00084F8FFA008F10208D4E942329847D4F88C
:10AAD0002831B345277003F1010384F80471C4F8E9
:10AAE0000091C4F828313FF48BAE37780123D7E7C3
:10AAF0003D4F1121EA684FF0000902F08DFB07F18C
:10AB0000030AD4F800114FF0010809E02F46591C40
:10AB1000BA45C4F80011E65484F804613FF4E4AD8A
:10AB20003D46FF290B4615F8016BEFD1204684F80E
:10AB3000FF900237D4E942329847D4F82831AA4529
:10AB4000267003F1010384F80461C4F80081C4F89D
:10AB500028313FF4C9AD2E780123D8E7EA68D2E95D
:10AB60000063002B01F014843344D0F80011013E3F
:10AB70004FF0000A03F1FF3B4FF0010909E04646A0
:10AB8000591CB345C4F80011E75484F8047101F06E
:10AB9000FF83FF29777806F101080B46EFD12046A5
:10ABA00084F8FFA0D4E942329847D4F82831C3454D
:10ABB000C4F8009103F10103277084F80471C4F80C
:10ABC000283101F0E58316F8027F0123D8E700BFA2
:10ABD000A02302109C230210132602100726021045
:10ABE0002F250210E7250210B42502105C26021062
:10ABF000EA68CAB108ABD0F814110995C0F814314D
:10AC00000023089111210A93D0F810310B9302F020
:10AC100003FB089A0A9BC4F81421002B7FF464AD4F
:10AC200020212046FDF78CF9D4F814312A46112151
:10AC3000204619B0BDE8F04F02F0C6BEC249FDF78C
:10AC4000BBF91121EA6854E5C049FDF7B5F9EA6896
:10AC50001121204602F0E0FABD492046FDF7ACF98B
:10AC600011212A6945E5BB49FDF7A6F91121EA68DA
:10AC70003FE5DFF800834FF0000AD0F800114FF0F5
:10AC8000010908F10B0B09E0B046591CC345C4F893
:10AC90000011E75484F804713FF429AD4646FF29BA
:10ACA0000B4616F8017BEFD1204684F8FFA008F18F
:10ACB0000208D4E942329847D4F82831B3452770C6
:10ACC00003F1010384F80471C4F80091C4F8283139
:10ACD0003FF40DAD37780123D7E79F4E4FF0000AC0
:10ACE000D0F800114FF0010906F1160B09E04646B5
:10ACF000591CB345C4F80011E75484F804713FF4BB
:10AD0000F6ACFF29777806F101080B46EFD1204613
:10AD100084F8FFA0D4E942329847D4F82831C345DB
:10AD2000277003F1010384F80471C4F80091C4F89A
:10AD300028313FF4DCAC16F8027F0123D8E7874EB8
:10AD40004FF0000AD0F800114FF0010906F1130B83
:10AD500009E04646591CB345C4F80011E75484F88D
:10AD600004713FF4C4ACFF29777806F101080B4663
:10AD7000EFD1204684F8FFA0D4E942329847D4F8B6
:10AD80002831C345277003F1010384F80471C4F826
:10AD90000091C4F828313FF4AAAC16F8027F0123D1
:10ADA000D8E76F4E4FF0000AD0F800114FF00109BC
:10ADB00006F10F0B09E04646591CB345C4F80011D3
:10ADC000E75484F804713FF492ACFF29777806F1D8
:10ADD00001080B46EFD1204684F8FFA0D4E94232A7
:10ADE0009847D4F82831D845277003F1010384F837
:10ADF0000471C4F80091C4F828313FF478AC16F817
:10AE0000027F0123D8E7574E4FF0000AD0F8001117
:10AE10004FF0010906F11A0B09E04646591CB345EB
:10AE2000C4F80011E75484F804713FF460ACFF29C2
:10AE3000777806F101080B46EFD1204684F8FFA091
:10AE4000D4E942329847D4F82831C345277003F13A
:10AE5000010384F80471C4F80091C4F828313FF468
:10AE600046AC16F8027F0123D8E73F4E4FF0000AA8
:10AE7000D0F800114FF0010906F1110B09E0464628
:10AE8000591CB345C4F80011E75484F804713FF429
:10AE90002EACFF29777806F101080B46EFD120464A
:10AEA00084F8FFA0D4E942329847D4F82831C3454A
:10AEB000277003F1010384F80471C4F80091C4F809
:10AEC00028313FF414AC16F8027F0123D8E7274E4F
:10AED0004FF0000AD0F800114FF0010906F1150BF0
:10AEE00009E04646591CB345C4F80011E75484F8FC
:10AEF00004713FF4FCABFF29777806F101080B469B
:10AF0000EFD1204684F8FFA0D4E942329847D4F824
:10AF10002831C345277003F1010384F80471C4F894
:10AF20000091C4F828313FF4E2AB16F8027F012308
:10AF3000D8E70F4E4FF0000AD0F800114FF001098A
:10AF400006F1100B22E000BF34240210102402107E
:10AF50002C24021004240210C3240210AF24021077
:10AF60009F240210832402106F2402106B2402100D
:10AF700057240210F82302104646591CB345C4F862
:10AF80000011E75484F804713FF4B1ABFF297778DE
:10AF900006F101080B46EFD1204684F8FFA0D4E962
:10AFA00042329847D4F82831C345277003F1010392
:10AFB00084F80471C4F80091C4F828313FF497ABC9
:10AFC00016F8027F0123D8E7CF4E4FF0000AD0F8E1
:10AFD00000114FF0010906F1120B09E04646591C19
:10AFE000B345C4F80011E75484F804713FF47FAB13
:10AFF000FF29777806F101080B46EFD1204684F847
:10B00000FFA0D4E942329847D4F82831C3452770CD
:10B0100003F1010384F80471C4F80091C4F82831E5
:10B020003FF465AB16F8027F0123D8E7D5E9035357
:10B03000002B3FF459AB2B44D0F80011013D4FF0E9
:10B04000000903F1FF3A4FF0010809E03D46591CA1
:10B05000AA45C4F80011E65484F804613FF444ABF7
:10B06000FF296E7805F101070B46EFD1204684F8E1
:10B07000FF90D4E942329847D4F82831BA45C4F851
:10B08000008103F10103267084F80461C4F82831BB
:10B090003FF42AAB15F8026F0123D8E71121EA68C3
:10B0A00002F0BAF8D4F80011FF2901F052854A1CC9
:10B0B0004023C4F8002120466354112184F8043150
:10B0C0002A69FFF717BBD0F80011FF2901F0658549
:10B0D0004A1C5B234FF0000AAB46C4F800216354BE
:10B0E00084F80431DBF80C201121204602F094F89A
:10B0F000DBF810B0D4F80011BBF1000F00F0FD87B1
:10B10000DFF81082012508F1020908E0B046591C59
:10B11000C145C4F80011E75484F80471E2D04646F2
:10B12000FF290B4616F8017BF0D1204684F8FFA0DA
:10B1300008F10208D4E942329847D4F82831B145E1
:10B14000277003F1010384F80471C4F80051C4F8B6
:10B150002831C7D037780123D9E76C4E4FF0000A69
:10B16000D0F800114FF0010906F1170B09E046462F
:10B17000591CB345C4F80011E75484F804713FF436
:10B18000B6AAFF29777806F101080B46EFD12046D1
:10B1900084F8FFA0D4E942329847D4F82831C34557
:10B1A000277003F1010384F80471C4F80091C4F816
:10B1B00028313FF49CAA16F8027F0123D8E7EA68F9
:10B1C000D2E90053002B3FF48FAA2B44D0F8001192
:10B1D000013D4FF0000903F1FF3A4FF0010809E08B
:10B1E0003D46591CAA45C4F80011E65484F8046190
:10B1F0003FF47AAAFF296E7805F101070B46EFD1DB
:10B20000204684F8FF90D4E942329847D4F8283198
:10B21000BA45C4F8008103F10103267084F8046183
:10B22000C4F828313FF460AA15F8026F0123D8E76B
:10B23000374E4FF0000AD0F800114FF0010906F127
:10B240001E0B09E04646591CB345C4F80011E754EB
:10B2500084F804713FF44BAAFF29777806F10108BE
:10B260000B46EFD1204684F8FFA0D4E9423298473C
:10B27000D4F82831D845277003F1010384F804710C
:10B28000C4F80091C4F828313FF431AA16F8027FBF
:10B290000123D8E70023D0F84871D0F81481112198
:10B2A000C0F84851C0F81431EA6801F0B5FF94F8CD
:10B2B00004313C2B01F00684D4F80011FF2901F081
:10B2C000F1834B1CC4F800313C2320466354112108
:10B2D00084F804312A6901F09FFF94F804313E2B71
:10B2E00001F0DA83D4F80011FF2901F0C5834B1C6B
:10B2F000C4F800313E23635484F80431C4F8148147
:10B30000C4F84871FFF7F0B943240210DF2302109C
:10B31000BF2302109C2302100022D5F80C90D0F815
:10B320001481C0F81421B9F1000F3FF4DAA908AB79
:10B33000D0F81011944696464F460193C3F808E0A2
:10B340000CF10106C4F81431D960C3E9002738783C
:10B350001A464F283FF4BEA93FF6B6A9A0F11C0932
:10B36000B9F1050F7FF6B6A90228B94601F0598454
:10B37000042801F0ED842A691121204601F04CFFD8
:10B3800099F80030042B02D1069BC4F81031019FBC
:10B390004FF0200907EB061555F8086C002E01F058
:10B3A000F180103DBD42F7D1C4F81481FFF79CB97C
:10B3B000C54E4FF0000AD0F800114FF0010906F118
:10B3C000090B09E04646591CB345C4F80011E7547F
:10B3D00084F8047100F0A286FF29777806F101084D
:10B3E0000B46EFD1204684F8FFA0D4E942329847BB
:10B3F000D4F82831D845277003F1010384F804718B
:10B40000C4F80091C4F8283100F0888616F8027F4D
:10B410000123D8E7D5E9032512B1112101F0FCFE83
:10B42000D4F80011FF2901F0A6834A1C7B23C4F83D
:10B43000002120462A466354112184F8043101F08A
:10B44000EBFED4F80011FF2900F0C8864A1C7D23CA
:10B45000C4F80021635484F80431FFF745B9002390
:10B46000D0F814A108AA09950A93D146D0F8103152
:10B470000192CDF820A0C0F814210B93BAF1000F6F
:10B4800001F00A864FF001085646DDF804C0174661
:10B49000C6461AE0B368B3B9B8F1030F3FF621A965
:10B4A00018AB03EB081B96E80F00ABF1400A8AE8E3
:10B4B0000F004BF8407C0CEB081708F10108C4F8AA
:10B4C0001471C6F808E0366826B173681B78193B1A
:10B4D000022BDFD92A691121204601F09DFE0A9B2B
:10B4E000C4F81491002B7FF4FFA8B8F1010F0FD915
:10B4F000019B03EB081708F1FF3857F80C2C1121BA
:10B50000204601F0B9FEB8F1010FA7F11007F2D102
:10B51000D4F814312A461121204602F0DBFCFFF753
:10B52000E3B8EA681121694D01F076FE4FF0000999
:10B53000D4F8001105F1080A4FF0010809E03D4672
:10B54000591CAA45C4F80011E65484F804613FF47C
:10B55000CBA8FF296E7805F101070B46EFD12046F5
:10B5600084F8FF90D4E942329847D4F82831BA459C
:10B57000267003F1010384F80461C4F80081C4F863
:10B5800028313FF4B1A815F8026F0123D8E7504ED7
:10B590004FF0000AD0F800114FF0010906F1080B36
:10B5A00009E04646591CB345C4F80011E75484F835
:10B5B000047100F05C86FF29777806F101080B46DC
:10B5C000EFD1204684F8FFA0D4E942329847D4F85E
:10B5D0002831C345277003F1010384F80471C4F8CE
:10B5E0000091C4F8283100F0428616F8027F01234A
:10B5F000D8E7384D4FF00009D0F800114FF001089E
:10B6000005F1080A09E03D46591CAA45C4F8001195
:10B61000E65484F804613FF467A8FF296E7805F1C9
:10B6200001070B46EFD1204684F8FF90D4E942325F
:10B630009847D4F828315745267003F1010384F860
:10B640000461C4F80081C4F828313FF44DA815F80E
:10B65000026F0123D8E7D0F80011FF2901F0D08252
:10B660004A1C3C23C4F80021635484F80431EE687A
:10B670008EB10025B346A9462F46002F40F0F28434
:10B680005A4611212046013701F0C6FDDBF810B003
:10B69000BBF1000FF1D1D4F80011FF2901F018829D
:10B6A0004A1C3E23C4F80021635484F80431FFF798
:10B6B0001BB8054E4FF0000AD0F800114FF00109F9
:10B6C00006F1090B12E000BF532502102F260210CD
:10B6D000472602103B2602104646591CB345C4F8C3
:10B6E0000011E75484F804713FF48AA8FF297778A1
:10B6F00006F101080B46EFD1204684F8FFA0D4E9FB
:10B7000042329847D4F82831C345277003F101032A
:10B7100084F80471C4F80091C4F828313FF470A88B
:10B7200016F8027F0123D8E7EA681121204619B0F4
:10B73000BDE8F04F02F0B8BCD5E90353002B3EF44E
:10B74000D3AF2B44D0F80011013D4FF0000903F1B5
:10B75000FF3A4FF0010809E03D46591CAA45C4F8DC
:10B760000011E65484F804613EF4BEAFFF296E7800
:10B7700005F101070B46EFD1204684F8FF90D4E98C
:10B7800042329847D4F82831BA45C4F8008103F111
:10B790000103267084F80461C4F828313EF4A4AF94
:10B7A00015F8026F0123D8E7D14E4FF0000AD0F808
:10B7B00000114FF0010906F1110B09E04646591C32
:10B7C000B345C4F80011E75484F804713EF48FAF18
:10B7D000FF29777806F101080B46EFD1204684F85F
:10B7E000FFA0D4E942329847D4F82831D8452770D1
:10B7F00003F1010384F80471C4F80091C4F82831FE
:10B800003EF475AF16F8027F0123D8E7B94E4FF02A
:10B81000000AD0F800114FF0010906F1150B09E0FC
:10B820004646591CB345C4F80011E75484F8047126
:10B8300000F0E484FF29777806F101080B46EFD188
:10B84000204684F8FFA0D4E942329847D4F8283142
:10B85000D845277003F1010384F80471C4F80091FE
:10B86000C4F8283100F0CA8416F8027F0123D8E713
:10B87000A14E4FF0000AD0F800114FF0010906F177
:10B88000190B09E04646591CB345C4F80011E754AA
:10B8900084F804713EF42BAFFF29777806F1010894
:10B8A0000B46EFD1204684F8FFA0D4E942329847F6
:10B8B000D4F82831C345277003F1010384F80471DB
:10B8C000C4F80091C4F828313EF411AF16F8027F95
:10B8D0000123D8E7ED68002D40F08986874920468E
:10B8E00019B0BDE8F04FFCF767BBEE68D0F8203127
:10B8F000721C934240F3B986D0F8103131465B6830
:10B90000DB68002E01F0068023B9FEF7EABE0029AD
:10B9100001F000801B690139002BF8D1FEF7E1BE70
:10B92000D0F80011FF2901F0E3804A1C7E23FFF7C5
:10B93000C0BBD0F800112D7BFF2900F06F854B1C98
:10B94000C4F80031655484F80451FEF7CDBEEF68A9
:10B950004FF0000A6A4D4FF00109BE68D0F800119F
:10B9600005F10808019606460AE02546591CA84537
:10B97000C6F8001106F803B086F804B100F0C784D9
:10B98000FF2995F801B005F101040B46EDD13046D1
:10B9900086F8FFA0D6E942329847D6F828314445C8
:10B9A00086F800B003F1010386F804B1C6F80091EF
:10B9B000C6F8283100F0AB8415F802BF0123D5E7A3
:10B9C000504E4FF0000AD0F800114FF0010906F177
:10B9D0000E0B09E04646591CB345C4F80011E75464
:10B9E00084F804713EF483AEFF29777806F10108EC
:10B9F0000B46EFD1204684F8FFA0D4E942329847A5
:10BA0000D4F82831D845277003F1010384F8047174
:10BA1000C4F80091C4F828313EF469AE16F8027FEC
:10BA20000123D8E7384E4FF0000AD0F800114FF04C
:10BA3000010906F11D0B09E04646591CB345C4F83F
:10BA40000011E75484F804713EF451AEFF29777871
:10BA500006F101080B46EFD1204684F8FFA0D4E997
:10BA600042329847D4F82831C345277003F10103C7
:10BA700084F80471C4F80091C4F828313EF437AE5C
:10BA800016F8027F0123D8E7DFF880804FF0000A24
:10BA9000D0F800114FF0010908F10A0B09E0B04697
:10BAA000591CC345C4F80011E75484F8047100F030
:10BAB00015844646FF290B4616F8017BEFD1204638
:10BAC00084F8FFA008F10208D4E942329847D4F87C
:10BAD0002831B345277003F1010384F80471C4F8D9
:10BAE0000091C4F8283100F0F98337780123D7E7B3
:10BAF00017250210F7240210DB240210B8250210CB
:10BB00004725021097250210C7250210A82502100C
:10BB1000EA6808A8B849EAF757FA08A804F0DAFF73
:10BB200000283EF4E1AD08AED4F800114FF0000952
:10BB30004FF0010806EB000A09E02E46591CB245F9
:10BB4000C4F80011E75484F804713EF4CDAD3546D5
:10BB5000FF290B4615F8017BEFD1204684F8FF90B2
:10BB60000236D4E942329847D4F828315545277037
:10BB700003F1010384F80471C4F80081C4F828318A
:10BB80003EF4B2AD2F780123D8E71121EA6801F025
:10BB900043FBD4F80011FF2901F020804A1C282320
:10BBA000C4F8002120466354112184F804312A6925
:10BBB00001F032FBD4F80011FF2900F099834A1CF0
:10BBC0002923C4F80021635484F80431FEF78CBDA6
:10BBD000EA68112101F020FB11212A69FEF789BDD5
:10BBE000864E4FF0000AD0F800114FF0010906F11F
:10BBF0001A0B09E04646591CB345C4F80011E75436
:10BC000084F804713EF473ADFF29777806F10108DA
:10BC10000B46EFD1204684F8FFA0D4E94232984782
:10BC2000D4F82831D845277003F1010384F8047152
:10BC3000C4F80091C4F828313EF459AD16F8027FDB
:10BC40000123D8E72B691A783C2A7EF44AAD1B6998
:10BC50001B783D2B7EF445AD2A46112102F0A0FC55
:10BC600000287EF441AD2A461121204602F0DEFD77
:10BC700000287EF439AD6249D5E90383D8F80C2059
:10BC8000D3E903631068D3E9037504F0C7FD002806
:10BC900041F0848232461121204602F0F5FB4246F3
:10BCA0001121204602F000FA112120463A4602F006
:10BCB000EBFB54492046FCF77FF92A461121204628
:10BCC00019B0BDE8F04F02F0DFBB2B691B783A2BAF
:10BCD0007EF407ADEA68D3681B685978632901F0E0
:10BCE00013802A461121204602F05AFC00287EF4D7
:10BCF000FBAC2A461121204602F098FD00287EF474
:10BD0000F3ACEB681A78332A01F0D281DB683E4944
:10BD1000186804F083FD2B69DA6818B91378032BCF
:10BD200001F001821121204602F0AEFBEE68374996
:10BD3000F3681F68384604F071FD002801F0DC81CB
:10BD40003149384604F06AFD002841F0E5812B694D
:10BD5000112120461A6902F097FBEB681A78332A02
:10BD60007EF4C2ACDB689A68012A7EF4BDAC5B68E5
:10BD70001B783E2B7EF4B8AC2921204619B0BDE8D3
:10BD8000F04FFCF7DDB8DFF888801121EA684FF04A
:10BD9000000A01F041FA08F1050BD4F800114FF048
:10BDA000010909E0B046591CC345C4F80011E75425
:10BDB00084F8047100F08B814646FF290B4616F883
:10BDC000017BEFD1204684F8FFA008F10208D4E9F6
:10BDD00042329847D4F82831B345277003F1010364
:10BDE00084F80471C4F80091C4F8283100F06F8120
:10BDF00037780123D7E700BF2C2302102B25021030
:10BE00006C250210702502106425021068250210AE
:10BE100094230210D0F82081B8F1000F40F0D083B5
:10BE2000E968FCF703F9002800F0CA834746037865
:10BE3000302B40F00886C368002B00F004860069B0
:10BE400001370028F3D1ED6846464FF00009A046BF
:10BE5000C8F8246101362A461121404601F0DCF978
:10BE6000BE423EF441ACC44CD8F80011019504F137
:10BE7000020B4546A04609E0D046591CC345C5F80B
:10BE80000011EC5485F8044100F03481C246FF29CA
:10BE90000B461AF8014BEFD1284685F8FF9008F1C0
:10BEA0000208D5E942329847D5F82831DA452C7096
:10BEB00003F1010385F80441C5F828314FF001036F
:10BEC000C5F8003100F016819AF80040D5E7D5E9B1
:10BED00003653378332B00F01984352B00F0898407
:10BEE0003246112102F0E0F8E7E6A44E1121EA689B
:10BEF0004FF0000A01F090F906F1080BD4F8001198
:10BF00004FF0010909E04646591CB345C4F8001139
:10BF1000E75484F8047100F0DA80FF29777806F19D
:10BF200001080B46EFD1204684F8FFA0D4E9423245
:10BF30009847D4F82831D845277003F1010384F8D5
:10BF40000471C4F80091C4F8283100F0C08016F8DC
:10BF5000027F0123D8E78A492046FCF72DF82A6999
:10BF6000884908A80132EAF72FF808A804F0B2FDC2
:10BF70008246002800F0E58508AED4F800114FF0A5
:10BF800000094FF00108B2440AE03E46591CB24590
:10BF9000C4F8001104F803B084F804B100F0D185AE
:10BFA0003746FF290B4617F801BBEED1204684F82F
:10BFB000FF900236D4E942329847D4F82831BA4586
:10BFC00084F800B003F1010384F804B1C4F80081DF
:10BFD000C4F8283100F0B58597F800B00123D5E703
:10BFE000D4F83461002E41F3AC80D4F830C143461C
:10BFF000614604E0B34201F1080101F0A2805CF85F
:10C00000332001339042F5D1002901F09A80D4F811
:10C010002C61002E00F0F087334607E09E4201D0ED
:10C02000AA4206D05B68002B00F0E6871A688242BD
:10C03000F4D101462046FBF7A5FF00283EF451ABA2
:10C040000378302B7EF403ACD4F824110029C0F21D
:10C050000085FBF70DFF002801F0B9804646037804
:10C06000FEF7F6BB444D0126D4F80011019705F107
:10C07000020A27462C4608E04446591CA245C7F848
:10C080000011FD5487F804511DD0A046FF290B462E
:10C0900018F8015BF0D1384687F8FF900234D7E9F1
:10C0A00042329847D7F82831C2453D7003F1010369
:10C0B00087F80451C7F80061C7F8283103D098F811
:10C0C00000500123D9E73C46019FFFF7D9BA11215F
:10C0D0002A69204601F0A0F8D4F80011FF2900F0E9
:10C0E00010834A1C5D23C4F80021635484F8043192
:10C0F000FEF7FABAA846019DAAE6FF295D46F0D1EF
:10C10000204684F8FF50D4E942329847D4F82831C9
:10C11000012229461344C4F82831E3E7D4F8483112
:10C12000EA6833B1D4F8100108A9CDE90803C4F8CE
:10C1300010111121204601F06FF8D4F84831002B7E
:10C140003EF4D2AA089BC4F81031FEF7CDBAEA68D3
:10C1500008A80C490132E9F737FF08A804F0BAFC37
:10C16000D4F80011B8B308AE4FF000094FF0010841
:10C1700006EB000A11E000BF9C23021023260210E8
:10C18000A42302102C2302102E46591CB245C4F8D9
:10C190000011E75484F804711DD03546FF290B4681
:10C1A00015F8017BF0D1204684F8FF900236D4E9DF
:10C1B00042329847D4F828315545277003F10103DE
:10C1C00084F80471C4F80081C4F8283100F09B821F
:10C1D0002F780123D9E7FF297FF438A900252046CD
:10C1E000D4E9423284F8FF509847D4F8283101222C
:10C1F00029461344C4F82831FFF729B9DFF8B8837A
:10C2000011212A69204601F007F808F1050BD4F83E
:10C2100000114FF0000A4FF0010909E0B046591C27
:10C22000C345C4F80011E75484F804713EF45FAAD2
:10C230004646FF290B4616F8017BEFD1204684F8CD
:10C24000FFA008F10208D4E942329847D4F8283117
:10C25000B345277003F1010384F80471C4F8009119
:10C26000C4F828313EF443AA37780123D7E7D04FEA
:10C270001121EA68204600F0CFFF4FF00009D4F802
:10C28000001107F1060A4FF0010809E02F46591C7A
:10C29000BA45C4F80011E65484F804613EF424AAB7
:10C2A0003D46FF290B4615F8016BEFD1204684F877
:10C2B000FF900237D4E942329847D4F82831AA4592
:10C2C000267003F1010384F80461C4F80081C4F806
:10C2D00028313EF409AA2E780123D8E71121EA6813
:10C2E000204600F099FFD4F80011FF297FF467ACD5
:10C2F00000252046D4E9423284F8FF509847D4F80C
:10C300002831012229461344C4F8283158E47D68B5
:10C310003446019E2B78613B192B40F25882771EE0
:10C32000EB5D202B18BF3746002F3EF4DDA9013D01
:10C33000D4F800114FF000094FF001082F4409E034
:10C340005546591CAF42C4F80011E65484F8046104
:10C350003EF4CAA9FF296E7805F1010A0B46EFD118
:10C36000204684F8FF90D4E942329847D4F8283127
:10C370005745C4F8008103F10103267084F8046175
:10C38000C4F828313EF4B0A915F8026F0123D8E7AC
:10C39000B5F9102008A88749E9F716FE08A804F0A7
:10C3A00099FB90B308AFD4F800114FF0000A4FF09A
:10C3B000010907EB000B09E03746591CBB45C4F8DF
:10C3C000001104F8038084F804811ED03E46FF2942
:10C3D0000B4616F8018BEFD1204684F8FFA00237F8
:10C3E000D4E942329847D4F82831B34584F8008024
:10C3F00003F1010384F80481C4F80091C4F82831E2
:10C4000003D096F800800123D7E7AD7C002D3EF4E1
:10C410006BA9D4F80011FF297FF491AA0026D4F863
:10C420000831D4F80C21204684F8FF609847D4F8EE
:10C430002821012331461A44C4F82821FFF780BA85
:10C440002A461121204600F017FFFEF76DB90023A0
:10C45000EE68D4F820910793C4F82031D4F8103155
:10C46000069306ABC4F810311EB13378592B00F097
:10C47000A48408AA01230192FF29C4F8203100F006
:10C480009D834B1CC4F80031282332462046635458
:10C49000112184F804314FF0000A00F0BDFEDFF8EE
:10C4A0001C81069BC4F8209108F1020BD4F80011FE
:10C4B0004FF00109C4F8103108E0B046591CC345DB
:10C4C000C4F80011E75484F804711DD04646FF29D2
:10C4D0000B4616F8017BF0D1204684F8FFA008F146
:10C4E0000208D4E942329847D4F82831B34527707E
:10C4F00003F1010384F80471C4F80091C4F82831F1
:10C5000002D037780123D9E7019F2A6929493846A3
:10C510000132E9F759FD384604F0DCFAD4F800118D
:10C5200000283FF458AE4FF0000907EB000A4FF027
:10C53000010809E02F46591CBA45C4F80011E65419
:10C5400084F804613FF447AE3D46FF290B4615F8D9
:10C55000016BEFD1204684F8FF900237D4E94232D4
:10C560009847D4F82831AA45267003F1010384F8CE
:10C570000461C4F80081C4F8283100F0C4802E782A
:10C580000123D8E7D4F80011FF2901F1010300F0DD
:10C590000384C4F80031204604F80190112155F8B5
:10C5A0000C2C84F8049100F067FEFEF7FABE00BF81
:10C5B000542602102C2302101025021010260210FF
:10C5C0001121EA68204601F05FFFB949FFF787B9FA
:10C5D00008ABC268CDF820C0C4F8143100230B9119
:10C5E00009950A93002A7EF497A8FEF794B8B149FA
:10C5F000FBF7E2FCB0492A4608A8E9F7E5FC08A8E1
:10C6000004F068FAD4F8001100286ED008AE4FF09C
:10C6100000094FF0010806EB000A08E02E46591CFD
:10C62000B245C4F80011E75484F804715DD0354672
:10C63000FF290B4615F8017BF0D1204684F8FF90C6
:10C640000236D4E942329847D4F82831AA452770F7
:10C6500003F1010384F80471C4F80081C4F828319F
:10C6600000F0C7842F780123D9E7002B00F0CF809A
:10C67000DFF84C824FF0000AD0F800114FF00109AA
:10C6800008F1050B09E0B046591CC345C4F8001178
:10C69000E75484F8047100F0F5804646FF290B4604
:10C6A00016F8017BEFD1204684F8FFA008F10208BC
:10C6B000D4E942329847D4F82831B345277003F1C2
:10C6C000010384F80471C4F80091C4F8283100F023
:10C6D000D98037780123D7E70026FEF76DB8562BAF
:10C6E0007EF48EA83A26FEF79CB8FF2900F0488415
:10C6F0007D234A1CC4F80021635484F80431FDF7FB
:10C70000F3BF0025FCE40121FEF7A0BEF3681F681B
:10C710003B78B3F1610203D17A78643A08BFBA7802
:10C72000297812B9032900F0AB843A2900F0D184AA
:10C73000732B14D17A785A2A40F03184BA78002ABF
:10C7400040F02D8429462046FBF770FCFBF780FB68
:10C750000146204619B0BDE8F04FFBF7F3BC324666
:10C760001121204601F0A0FC3B78672B06D17A7896
:10C77000732A03D1BA78002A3EF48DA8732B2CD1EA
:10C780007A78742A29D1BA783ABB28212046FBF757
:10C79000D7FB11212A46204600F03EFD2921FFF754
:10C7A000ECBAD4F81031054609900B9300230A9394
:10C7B000D4F81431089308ABC4F81431FDF7ABBFBB
:10C7C0002A461121204600F057FDFDF7E1BF202148
:10C7D0002046FBF7B5FB7D68A1E56E2B7FF46DAAC3
:10C7E0007B78782B7FF469AABB78002BCDD0FFF73C
:10C7F00064BA2821FBF7A4FB20461121F26800F05F
:10C800000BFD29212046FBF79BFBFFF756BA294673
:10C81000FBF7B8FB024600283DF463AF0378302BEA
:10C8200009D1D4F82411002905DBFBF721FB0246CE
:10C8300000283DF456AFD4F81051112120462B6842
:10C84000C4F8103100F0E8FCC4F81051FDF74CBFFB
:10C85000072E7DF4B1AF2A69117800297DF4ACAFC1
:10C86000116901297DF4A8AF3E2B7DF4A5AFD368F3
:10C870001B78302B00F0C384312B7DF49DAF0F4922
:10C88000FFF72DB8EA6808A80B490132E9F79CFBCD
:10C8900008A804F01FF9824600283DF425AF08AE31
:10C8A000D4F800114FF000094FF00108B24413E032
:10C8B000B4250210C02502102C230210902502106E
:10C8C000B82302102E46591CB245C4F80011E75493
:10C8D00084F804713DF408AF3546FF290B4615F87E
:10C8E000017BEFD1204684F8FF900236D4E9423232
:10C8F0009847D4F82831AA45277003F1010384F83A
:10C900000471C4F80081C4F828313DF4EDAE2F78ED
:10C910000123D8E7002B3DF4E4AE1A785D2A04D158
:10C92000DB68002B3DF4DDAE1A785A3A022A3FD973
:10C930000123C4F818313246D74908A8E9F744FB67
:10C9400008A804F0C7F800283DF4CEAE08AED4F82D
:10C9500000114FF000094FF0010806EB000A09E052
:10C960002E46591CB245C4F80011E75484F80471EE
:10C970003DF4BAAE3546FF290B4615F8017BEFD1E1
:10C98000204684F8FF900236D4E942329847D4F822
:10C990002831AA45277003F1010384F80471C4F813
:10C9A0000081C4F828313DF49FAE2F780123D8E7E9
:10C9B000BA4B03EB8203D3F83458284604F08AF8C4
:10C9C0000028B8D0013DD4F800114FF0000A4FF014
:10C9D00001092F1809E05D46591CAF42C4F8001147
:10C9E00004F8038084F80481A5D0FF2995F801801C
:10C9F00005F1010B0B46EED1204684F8FFA0D4E9E7
:10CA000042329847D4F828315F45C4F8009103F1C9
:10CA1000010384F8008084F80481C4F828318AD0A6
:10CA200015F8028F0123D7E7002620466654D4E983
:10CA300042329847D4F82831C4F800610133C4F871
:10CA40002831FDF738BFED68002F7FF4FDA9FDF711
:10CA50004BBE2B784646302BD4E9441C7DF404AF02
:10CA600000230546CDF820C00A9308AB0B9109902E
:10CA7000C4F81431FDF74FBE00252046D4E94232F8
:10CA800084F8FF509847D4F8283129460133C4F878
:10CA900028310123FEF72CBC20212046FBF750FA59
:10CAA000FEF720BC00262046D4E9423284F8FF601D
:10CAB0009847D4F8283131460133C4F8283101238E
:10CAC000FEF700BC20212046FBF73AFAFEF7F4BB44
:10CAD00000252046D4E9423284F8FF509847D4F824
:10CAE0002831012229461344C4F82831FEF7D9BD64
:10CAF0000026D0F80831D0F80C2180F8FF60984764
:10CB0000D4F82831012231461344C4F82831FEF705
:10CB10000DBFD4F81031EE68069306ABD4F820911F
:10CB2000CDF81C80C4F81031C4F820811EB13378D0
:10CB3000592B00F0428108AB0121C4F82071019308
:10CB40009FE457492046FBF737FAED682A46FDF780
:10CB5000CFBD0026D4F80831D4F80C21204684F843
:10CB6000FF609847D4F82831012231461344C4F8B5
:10CB70002831FEF79DBA0026D4F80831D4F80C21EC
:10CB8000204684F8FF609847D4F8283101223146C6
:10CB90001344C4F82831FEF749BC0026D0F8083108
:10CBA000D0F80C2180F8FF609847D4F82831012292
:10CBB00031461344C4F82831FEF78BBA4FF0000811
:10CBC0002046D4E9423284F8FF809847D4F82831CF
:10CBD00041460133C4F82831012353E40026D4F838
:10CBE0000831D4F80C21204684F8FF609847D4F827
:10CBF0002831012231461344C4F82831FEF7CFBF53
:10CC00000026D0F80831D0F80C2180F8FF60984752
:10CC1000D4F82831012231461344C4F82831FEF7F4
:10CC200020BDD9F8109099F80030492B00F0F4811C
:10CC3000019B8A4603EB0C1C674699F800004F28BD
:10CC4000A0F11C02A0F1520307D004D8052A04D990
:10CC50005146FEF78DBB012BFAD8042EBE4606F1D5
:10CC600001063DF43EAD07F1100C4FF0000B97E8C4
:10CC70000F008CE80F003F616746CEF808B0CEF891
:10CC80000490D9F80C90CEF80CA0C4F814C1B9F1F6
:10CC9000000FD2D1FDF725BD2C230210283C021035
:10CCA000B42302105B212046FBF74AF911212A69BF
:10CCB000204600F0B1FA5D21FFF75FB82D21204634
:10CCC000FBF73EF9FDF799BD00272046D4E9423233
:10CCD00084F8FF709847D4F8283139460133C4F8F6
:10CCE00028310123FDF77FBD00272046D4E94232D9
:10CCF00084F8FF709847D4F8283139460133C4F8D6
:10CD000028310123FDF75EBD1B78A3F172010129D3
:10CD100003D9633B012B3EF6E4AF1121204601F01D
:10CD2000C3F93C212046FBF70BF92B691121204662
:10CD3000DA6800F071FABE492046FBF73DF92B692D
:10CD4000112120461A6900F067FA2921FFF715B86A
:10CD500006ABC4F81031D9F81030CDE906191A78AD
:10CD60005E2A7EF408ABDA68C9F810202A69DA6016
:10CD70001A462B61FEF700BB00272046D4E9423259
:10CD800084F8FF709847D4F8283139460133C4F845
:10CD900028310123FDF74BBDD4F808312046D4F8E3
:10CDA0000C2184F8FF609847D4F8283131460133CC
:10CDB000C4F828310123FFF7ECBB3C21204607963D
:10CDC000FBF7BEF808ABD6F80C800193B8F1000F62
:10CDD00074D04FF0000B47460595CDE90369D4F8B0
:10CDE00020315A1CC4F82021002B40F0B5803A466F
:10CDF0001121204600F010FAD4F80031FF2B00F08A
:10CE0000B080591C2022C4F80011E25484F8042197
:10CE10003B785D2B01D1FF683B785A3BD4F8202149
:10CE20000291022B02F1FF3854D90123C4F81831C2
:10CE3000019D42467F492846E9F7C6F8284603F097
:10CE400049FEA8B3019B2646D4F800114FF0010912
:10CE500003EB000A54469A4609E0AA46591C544579
:10CE6000C6F8001106F8038086F804811FD05546E5
:10CE7000FF290B4615F8018BEFD1304686F8FFB03D
:10CE80000AF1020AD6E942329847D6F82831AC4274
:10CE900086F8008003F1010386F80481C6F800914A
:10CEA000C6F8283103D095F800800123D6E7344630
:10CEB0003F69002F93D1059DDDE903693E2120469E
:10CEC000FBF73EF8D4F8203136690133D4F800116D
:10CED000FFF7D2BA584A02EB8303D3F834582846F6
:10CEE00003F0F8FD02990028A2D0013D26464FF03C
:10CEF0000109CDF8088005EB000A544609E05546C3
:10CF0000591CAC42C6F8001106F8038086F804816B
:10CF10001ED0FF2995F8018005F1010A0B46EED1DC
:10CF2000304686F8FFB0D6E942329847D6F8283125
:10CF30005445C6F8009103F1010386F8008086F895
:10CF40000481C6F8283103D015F8028F0123D7E7F2
:10CF5000DDF8088034466BE738492046FBF72CF8AB
:10CF600045E71946204684F8FFB0D4E94232984795
:10CF7000D4F8283101210133C4F82831002341E7D6
:10CF800000252046D4E9423284F8FF509847D4F86F
:10CF9000283129460133C4F82831FFF7A9BB732B88
:10CFA0007FF4DDAB7B78502B7FF4D9ABBB78002BC3
:10CFB0007FF4D5AB1E4602E001362D69A5B32B7870
:10CFC000302B31D1EB687BB31A784D2AF4D1D96874
:10CFD0002046FBF72BF8024648B1002204E0C16866
:10CFE00029B10069013210B101783029F7D0164417
:10CFF000E3E70121FFF77CBB4B680146D4F81071D1
:10D000002046C4F81031FAF7BDFF002800F0E38095
:10D010004FF00108FFF714B8D9F80C90B9F1000FE0
:10D020007FF406AEFDF75DBB3146FFF792BB00BF54
:10D03000602502102C230210283C02109C230210B1
:10D040003F2B00F0CC80023E2A691121204600F0DF
:10D05000E3F8042E3DF648ABDFE806F00F0C0906B6
:10D0600003006849FEF73BBC6749FEF738BC6749D7
:10D07000FEF735BC6C21FEF780BE7521FEF77DBE44
:10D08000EA68117801297FF453AB296909782A29C4
:10D0900008BF1546FFF74CBB2A69112100F0BCF808
:10D0A0000A9BC4F81491002B3EF432AAFDF71CBB76
:10D0B000DA68916801297EF429AE526812783E2A16
:10D0C0007EF424AE28212046FAF73AFFEB68FEF7FB
:10D0D0001DBEEA681121204601F0D6F93246FEF75E
:10D0E00024BB08AAD4F810310A90C4F814210B9379
:10D0F000CDE90805FDF70FBB20465B21FAF720FFBD
:10D100002B69204611211A6900F086F85D2120461E
:10D11000FAF716FFFEF721BE32461121204600F035
:10D12000C3FFFEF714BE13691B782A2B02D001231C
:10D13000C4F81831D2681121204601F0A5F9FEF794
:10D14000F5BDD4F838319E42BDF6CBAAD4F83031C3
:10D15000721CD4F810C1C4F8342143F8360003EB34
:10D16000C6030433BCF1000F3ED08646D4E95026F6
:10D1700010E0D4F83C11DCF8040001EBC2010132EC
:10D18000C4F84021486019600B46DCF800C0BCF1CF
:10D19000000F28D09642ECDCFDF7A3BA1C492046CC
:10D1A000FAF70AFFF36843B111212046324601F035
:10D1B0006BF920212046FAF7C3FE3A46112120469A
:10D1C00000F02AF8002D7EF478ADFDF78DBAB8F1A5
:10D1D000000F3DF486AAC4F81071FDF782BA2D2124
:10D1E000FAF7AEFE2FE770460022014620461A608D
:10D1F000FAF7C8FE00287EF423AFFDF772BA05499E
:10D20000FEF76DBB84250210802502107C250210DC
:10D21000742502108825021030B5044683B02AB365
:10D2200053681546012B21DCD0F81C11B1F5806F35
:10D230001CDC0133112100925360D0F81C31013302
:10D24000C0F81C31D0F82C31C4F82CD10193FDF773
:10D25000CBF96B68019A013BC4F82C216B60D4F8C0
:10D260001C31013BC4F81C3103B030BD0123C4F8AC
:10D27000183103B030BD00BF2DE9F84F13781546C3
:10D280000446033B502B65D8DFE813F068016400C7
:10D29000640064006400640064006400640064006E
:10D2A000640064006400640064006400640064005E
:10D2B000640064006400640069009900C9006900AA
:10D2C0009900C900E4023C01620049015B01FA00D7
:10D2D0006D019F01D10164006400640064001202CA
:10D2E00064004E0264006400640064006400640032
:10D2F000640064006400640064006400640064000E
:10D3000064006400640064006400640064006400FD
:10D3100064006400640064006400640064006400ED
:10D3200064006400820264006400B40208011121F8
:10D33000EA682046FFF770FFD4F80011FF2900F0DB
:10D34000AC824A1C2923C4F80021635484F80431B8
:10D35000BDE8F88F2A461121BDE8F84F5CE7CD4DB6
:10D360004FF00009D0F800114FF0010805F1090A4B
:10D3700008E03D46591CAA45C4F80011E65484F85B
:10D380000461E5D0FF296E7805F101070B46F0D165
:10D39000204684F8FF90D4E942329847D4F82831E7
:10D3A000BA45267003F1010384F80461C4F80081D2
:10D3B000C4F82831CCD015F8026F0123DAE7B64D56
:10D3C0004FF00009D0F800114FF0010805F1090AEB
:10D3D00008E03D46591CAA45C4F80011E65484F8FB
:10D3E0000461B5D0FF296E7805F101070B46F0D135
:10D3F000204684F8FF90D4E942329847D4F8283187
:10D40000BA45267003F1010384F80461C4F8008171
:10D41000C4F828319CD015F8026F0123DAE79F4F3A
:10D420004FF00009D0F800114FF0010807F1060A8B
:10D4300008E02F46591CBA45C4F80011E65484F898
:10D44000046185D03D46FF290B4615F8016BF0D1EC
:10D45000204684F8FF900237D4E942329847D4F846
:10D460002831AA45267003F1010384F80461C4F849
:10D470000081C4F828313FF46BAF2E780123D9E73F
:10D48000D0F80011FF2900F067824A1C2623C4F857
:10D490000021635484F80431BDE8F88FDFF80C8272
:10D4A0004FF0000AD0F800114FF0010908F1060B07
:10D4B00009E0B046591CC345C4F80011E75484F88C
:10D4C000047100F0D3814646FF290B4616F8017B14
:10D4D000EFD1204684F8FFA008F10208D4E94232D7
:10D4E0009847D4F828315E45277003F1010384F88A
:10D4F0000471C4F80091C4F8283100F0278237780D
:10D500000123D7E7D0F80031FF2B00F01082591C1F
:10D510002022C4F80011E25484F8042125E0D0F858
:10D520000011FF2900F0F3814A1C2023C4F80021D8
:10D5300020466354112184F804312A69BDE8F84F6C
:10D540006AE6D0F80011FF2900F0D3814A1C2A2393
:10D55000C4F80021635484F80431F9E6EA68112123
:10D56000BDE8F84F58E6D0F800114D4F4FF00009D4
:10D570004FF0010807F1020A09E02F46591CBA458D
:10D58000C4F80011E65484F804613FF4E1AE3D466E
:10D59000FF290B4615F8016BEFD1204684F8FF9068
:10D5A0000237D4E942329847D4F82831AA45267088
:10D5B00003F1010384F80461C4F80081C4F8283140
:10D5C0003FF4C6AE2E780123D8E7364D4FF0000960
:10D5D000D0F800114FF0010805F1090A09E03D46B5
:10D5E000591CAA45C4F80011E65484F804613FF4BC
:10D5F000AFAEFF296E7805F101070B46EFD120464B
:10D6000084F8FF90D4E942329847D4F82831BA45DB
:10D61000267003F1010384F80461C4F80081C4F8A2
:10D6200028313FF495AE15F8026F0123D8E71E4F5D
:10D630004FF00009D0F800114FF0010807F10B0A74
:10D6400009E02F46591CBA45C4F80011E65484F885
:10D6500004613FF47DAE3D46FF290B4615F8016B92
:10D66000EFD1204684F8FF900237D4E94232984740
:10D67000D4F82831AA45267003F1010384F8046127
:10D68000C4F80081C4F828313FF462AE2E7801233B
:10D69000D8E700BF6726021073260210802602100A
:10D6A000B0260210B3260210C0260210A8260210CF
:10D6B00090F80431282B40F0FF80BF4F1121EA6819
:10D6C0002046FFF7A9FD4FF00009D4F8001107F13B
:10D6D000030A4FF0010809E02F46591CBA45C4F867
:10D6E0000011E65484F804613FF432AE3D46FF2950
:10D6F0000B4615F8016BEFD1204684F8FF900237F6
:10D70000D4E942329847D4F828315545267003F1C0
:10D71000010384F80461C4F80081C4F828313FF49F
:10D7200017AE2E780123D8E7DFF898824FF0000A71
:10D73000D0F800114FF0010908F10A0B09E0B046DA
:10D74000591CC345C4F80011E75484F804713FF430
:10D75000EEAD4646FF290B4616F8017BEFD1204679
:10D7600084F8FFA008F10208D4E942329847D4F8BF
:10D7700028315E45277003F1010384F80471C4F871
:10D780000091C4F828313FF4D2AD37780123D7E7B0
:10D790008A4D4FF00009D0F800114FF0010805F153
:10D7A000110A09E03D46591CAA45C4F80011E65487
:10D7B00084F804613FF4CCADFF296E7805F10107D0
:10D7C0000B46EFD1204684F8FF90D4E942329847C7
:10D7D000D4F82831BA45267003F1010384F80461B6
:10D7E000C4F80081C4F828313FF4B2AD15F8026FD7
:10D7F0000123D8E7724E4FF0000AD0F800114FF025
:10D80000010906F1090B08E04646591CB345C4F866
:10D810000011E75484F8047128D0FF29777806F1C5
:10D8200001080B46F0D1204684F8FFA0D4E942322B
:10D830009847D4F82831C345277003F1010384F8D1
:10D840000471C4F80091C4F828317FD016F8027F23
:10D850000123DAE7D0F80031FF2B39D02022591C00
:10D86000C0F80011C25480F804210BE62B69002B8C
:10D870003FF46EADFF297ED04A1C2823C4F8002156
:10D8800020466354112184F804312A69FFF7C4FC4F
:10D89000D4F80011FF297FF454AD00252046D4E9C7
:10D8A000423284F8FF509847D4F8283101222946A3
:10D8B0001344C4F8283145E5D0F80011FF296BD096
:10D8C0004A1C2023C4F80021635484F80431F4E690
:10D8D00000201946D4E9425284F8FF002046A847A8
:10D8E000D4F82831012120220B442270C4F82831B9
:10D8F000CBE50025D0E9423280F8FF509847D4F8B4
:10D900002831012229461344C4F828311FE6002695
:10D91000D0F80831D0F80C2180F8FF609847D4F88F
:10D920002831012231461344C4F82831FDE5002591
:10D930001946D0E9426280F8FF50B047D4F8282158
:10D9400001212B460A44C4F82821E1E52B69002B6C
:10D950003FF4FEAC01218FE700252046D4E9423296
:10D9600084F8FF509847D4F82831012229461344FF
:10D97000C4F828318AE50026D4F80831D4F80C21FF
:10D98000204684F8FF609847D4F8283101223146B8
:10D990001344C4F8283170E70026D0F80831D0F8D5
:10D9A0000C2180F8FF609847D4F8283101223146D5
:10D9B0001344C4F8283184E7CC26021087260210CD
:10D9C0009B260210D02602102DE9F04F044683B0AA
:10D9D00090461D46002B00F01F811A4600260120AC
:10D9E0008E4F9368A3B953681B78193BDBB2132B96
:10D9F00000FA03F109D839423FD111F4E05F40F059
:10DA0000B080082B08BF46F001061268002AE8D152
:10DA10000023D4F814912A461121C4F81431204669
:10DA200000F000F9D4F80031FF2B4FD02822591C08
:10DA3000C4F80011E25484F80421002E5ED1D8F815
:10DA400010201AB111212046FFF7E6FBD4F800118F
:10DA5000FF2900F09F804B1C2920C4F800312A4682
:10DA600001236054112184F80401204600F0DAF803
:10DA7000C4F8149103B0BDE8F08F94F80431202B62
:10DA8000D4F8001140F09580FF2974D04B1CC4F8E5
:10DA90000031002728232A46204663541121D4F858
:10DAA000149184F804313B46C4F8147100F0BAF8BC
:10DAB000D4F80011FF2900F087804B1C2922FF2B8E
:10DAC000C4F80031625484F80421AFD14FF0000A49
:10DAD0001946204684F8FFA0D4E94272B847D4F82A
:10DAE0002821534601210132C4F80011C4F828212D
:10DAF0002822E25484F80421002EA0D0484F4FF091
:10DB0000000B0195254607F1050A3C4608E034461E
:10DB1000591CA245C5F80011EF5485F804711DD0B9
:10DB20002646FF290B4616F8017BF0D1284685F8DA
:10DB3000FFB00234D5E9423298470123B2452F7035
:10DB4000C5F80031D5F8283185F8047103F10103D7
:10DB5000C5F8283147D037780123D9E72C46019DF5
:10DB60006DE794F8043103F0FD02282A87D1D4F838
:10DB70000011FF298AD100272046D4E9423284F8D7
:10DB8000FF709847D4F8283139460133C4F828315A
:10DB900001237CE700262046D4E9423284F8FF6066
:10DBA0009847D4F8283131460133C4F8283101238D
:10DBB00052E7FF2920D04B1C2022C4F800316254C8
:10DBC000194684F804215FE7D4E94232204684F8FC
:10DBD000FF709847D4F828310133C4F8283129233D
:10DBE0002370012322E7D8F810202C46019D002A3B
:10DBF0007FF428AF01212EE70023204684F8FF3070
:10DC0000D4E942329847D4F8283101210133C4F8CD
:10DC100028312023237039E71E46F9E60762080001
:10DC2000DC260210002A00F0A7802DE9F04F0546FF
:10DC300089B0144601271E46D5F8183103BBA368E6
:10DC400023BB626836B913784F2B1FD01BD81C3BFF
:10DC5000052B1BD9E368A760D5F81081C5F81031F2
:10DC600013782A2B16D02B2B1ED0022B26D0112155
:10DC70002846FFF701FB2468C5F81081002CDBD192
:10DC800009B0BDE8F08F523B012BE3D82468002C8B
:10DC9000D2D1F5E7236811212846FFF795FEC5F894
:10DCA000108109B0BDE8F08F23681121284600F0EB
:10DCB00011F9C5F8108109B0BDE8F08F4FF0000AE6
:10DCC000D5F81471DFF800921121D2682846C5F802
:10DCD00014A14646FFF7A0FA09F1020BD5F800118E
:10DCE000C5F8147109E0B946591CCB45C5F80011B7
:10DCF00005F8038085F8048121D04F46FF290B46A3
:10DD000017F8018BEFD1284685F8FFA009F1020929
:10DD1000D5E94232984701235F4585F80080C5F870
:10DD20000031D5F8283185F8048103F10103C5F8E5
:10DD3000283103D097F800800123D5E701216368DB
:10DD40001C692378492B18D04F2BA3F15202A3F161
:10DD50001C010ED00BD805290BD9224611212846CB
:10DD6000FFF75AFAC5F8106109B0BDE8F08F012A33
:10DD7000F3D8E4682378E7E77047DFF850914FF075
:10DD8000000A09F10D0B09E0B946591CCB45C5F84D
:10DD9000001105F8038085F8048120D04F46FF2943
:10DDA0000B4617F8018BEFD1284685F8FFA009F143
:10DDB0000209D5E94232984701235F4585F8008082
:10DDC000C5F80031D5F8283185F8048103F1010345
:10DDD000C5F8283103D097F800800123D5E72269E0
:10DDE00001A838490132E8F7EFF801A802F072FE05
:10DDF000D5F80011834688B30DF104084FF0000AEE
:10DE0000C34409E0B846591CC345C5F8001105F8DC
:10DE1000039085F8049121D04746FF290B4617F857
:10DE2000019BEFD1284685F8FFA008F10208D5E94B
:10DE30004232984701235F4585F80090C5F80031CC
:10DE4000D5F8283185F8049103F10103C5F828318C
:10DE500003D097F800900123D5E70121DFF87090F7
:10DE60004FF0000A09F1030B0AE0B946591CCB45F3
:10DE7000C5F8001105F8038085F804813FF479AFF7
:10DE80004F46FF290B4617F8018BEED1284685F83F
:10DE9000FFA009F10209D5E9423298470123BB45A9
:10DEA00085F80080C5F80031D5F8283185F804815F
:10DEB00003F10103C5F828313FF45BAF97F8008008
:10DEC0000123D3E72C230210A0230210A423021065
:10DED000B42302102DE9F04F044683B0174653B126
:10DEE0001E469D687DB31B68002BFAD13246112176
:10DEF0002046FFF797FED4F80031FF2B5AD0591C6B
:10DF00002022FF29C4F80011E25484F8042128D00B
:10DF10005B224B1CC4F80031625484F80421FA6877
:10DF20002AB111212046FFF777F9D4F80031FF2BF1
:10DF300030D0591C5D22C4F80011E25484F8042149
:10DF400003B0BDE8F08F5B681B782B2B4ED11121FD
:10DF50002B4632462046FFF765FED4F80011FF2914
:10DF6000D6D10022D4F80831204684F8FF20D4F816
:10DF70000C219847D4F8282101235B211A44C4F8C6
:10DF800000312170C4F8282184F80411FA68002AAD
:10DF9000C7D1CEE700251946204684F8FF50D4E9C2
:10DFA0004262B047D4F8282101212B460A44C4F824
:10DFB0002821BFE700221946D4F80851204684F8EA
:10DFC000FF20D4F80C21A847D4F8282145F62031A9
:10DFD0000223013221805B21C4F80031C4F82821DA
:10DFE00084F80411FA68002A9BD1A2E7DFF8B49004
:10DFF0004FF0010AD4F8001109F1020B01962646F0
:10E000004C46A94608E04446591CA345C6F80011F1
:10E01000F55486F804511DD0A046FF290B4618F888
:10E02000015BF0D1304686F8FF900234D6E94232E7
:10E030009847D6F82831D845357003F1010386F8A2
:10E040000451C6F800A1C6F8283103D098F8005052
:10E050000123D9E73446019E112100233246204690
:10E06000FFF7E0FDD4F80011FF2907D029224B1C4F
:10E07000C4F80031625484F804213EE70022D4F849
:10E080000831204684F8FF20D4F80C219847D4F8B2
:10E09000283142F22902022101332280C4F82831BA
:10E0A00036E700BFB02502101178332902D01121C4
:10E0B000FFF7B2B8D3682DE9F047D3E9015787B32A
:10E0C0002F440446D0F80011013D013F4FF00009F4
:10E0D0004FF0010808E05546591CAF42C4F8001142
:10E0E000E65484F804611CD0FF296E7805F1010A1A
:10E0F0000B46F0D1204684F8FF90D4E9423298478D
:10E10000D4F82831BA45C4F8008103F10103267020
:10E1100084F80461C4F8283103D015F8026F012394
:10E12000DAE7BDE8F08700BF2DE9F04FE9B0064619
:10E13000037800AF5F2BC7E9002100F02F81082290
:10E140009D49304602F0C6FA00287AD0002399464D
:10E15000002B07F110054FF00103A9F1020AAB6390
:10E160005FFA8AFA14BF46234723BB60304602F0A9
:10E17000B1FC1123002231182E606A616960AA6225
:10E18000EA63C5E902364300B3F5006FAB61C7E946
:10E190000F22C5E908206A6300F2EE808100E8469C
:10E1A00000EB8000B9F1010F01F10701A8EBC002FB
:10E1B00021F007019546EB46ADEB010DC5F810B017
:10E1C000C5F81CD05FD0BAF1010F55D8F17A06F12D
:10E1D0000B045F29EC6003D1317B5A2900F0B78032
:10E1E0002046FB6002F076FCFB68002B00F0C1804B
:10E1F00000230121CBE901336961002800F0B980D7
:10E200008BF80030CBE903405A460023B968284612
:10E21000F9F75CFC8346204602F05CFC2318EB60B7
:10E22000235C33B9BBFA8BF46409BBF1000F40F0F7
:10E23000C580AB6B013340F0AA800023AB63C546B9
:10E2400094E7327A5F2A18BF2E2A0CBF01230023DD
:10E25000242A08BF43F0010363B1727A492A18BF28
:10E26000442A0CBF0123002304D1B17A5F2900F0B6
:10E270000181034699466BE72846FAF701F9EB68F6
:10E2800083461B78CDE733785F2BD2D1731CEB60CC
:10E2900073785A2BCDD1B31CEB60B378472B00F0C9
:10E2A0008580542B00F0828049462846FBF70CFEFF
:10E2B0008346D5E90201C2070B78B2D52E2BB0D127
:10E2C0004B78A3F16102192A05D95F2B03D0303BAB
:10E2D000092B00F2CC808B788C1CA3F13000A3F1C9
:10E2E0006102192A88BF092809D814F8013FA3F14F
:10E2F0006100A3F13002092A88BF1928F5D95F2BE4
:10E30000F3D02E2B11D16378303B092B0DD8A37895
:10E310000234A3F13002092AF3D814F8013FA3F123
:10E320003002092AF9D92E2BEDD0621A2846EC606A
:10E33000F9F748FC5A46034650212846F9F7C6FB30
:10E34000237883462E2B7FF46CAF2146B8E706F185
:10E350000D032846EB60737B472B13D0A3F15401C8
:10E36000B1FA81F1490969B9FBF7AEFDEC68834662
:10E370004AE74FF0000B47E7104607F5D277BD4656
:10E38000BDE8F08FFBF73CFEEC6883463CE70020DD
:10E39000C54607F5D277BD46BDE8F08F43785A2BC6
:10E3A0007FF4CDAE00234FF00109D1E62846FBF7FC
:10E3B00027FE83467DE700BF302302107B6807F10C
:10E3C000500500200021C5F808313B68C5F8004120
:10E3D000C5F80C3185F80441C5F82041C7E964014E
:10E3E00059462846C7E96144C7E95F44C5E9444442
:10E3F000C5E94944C5E94644C5F83C41F9F7A6FCDE
:10E40000D5F81C31B3F5006F01DAC5F81C41D5F819
:10E4100038116E46D5F84431002401295A4601FBD3
:10E4200003F32846B8BF0121012BA6EBC1018D469D
:10E430004FF01101EC46C5E95134B8BF0123ACEBF4
:10E44000C3039D46C5F830C1C5F83CD1FEF7E4FED4
:10E45000D5F80011B54628466C54D5E942329847A4
:10E46000D5F81801C546B0FA80F0400991E7EB688D
:10E470001B78D6E6492A03D003464FF0030967E626
:10E480004FF0020964E600BF70B5137882B01546FC
:10E490000446012B07D9A3F13206B6FA86F67609AF
:10E4A0000EB9062B38D16B68012B30DCD4F81C2157
:10E4B000B2F5806F2BDC01260133D4F82C112A46EB
:10E4C00020466B60D4F81C31019111210133C4F84E
:10E4D0002CD10095C4F81C31FCF786F86B68019AC2
:10E4E000013BC4F82C216B60D4F81C31013BC4F80B
:10E4F0001C317EB9D4F80011FF2924D04A1C2923ED
:10E50000C4F80021635484F8043102B070BD0123C3
:10E51000C4F8183102B070BDD0F80031FF2B21D003
:10E52000591C2822C0F80011C25480F804216B68DD
:10E53000012B04DCD0F81C21B2F5806FBCDD012377
:10E54000C4F81831D8E700252046D4E9423284F8CF
:10E55000FF509847D4F82831012229461344C4F8C3
:10E560002831CCE7194680F8FF60D0E9423298475D
:10E570002822D4F828312270013384F804210122A2
:10E58000C4F82831C4F800216B68934204DCD4F845
:10E590001C11B1F5806F8FDD0121C4F81821ADE7A2
:10E5A000D368DB681B681978662966D11269D0F8D0
:10E5B00024112DE9F04FD2E9038483B00746227875
:10E5C00000913D2A4FF0FF3208BFD4E90349C0F85B
:10E5D000242118BF4FF000095B786C2B00F0998064
:10E5E0004ED84C2B02D0522B40F0DD80D7F80011D2
:10E5F000FF2900F006814B1CC7F800312823224672
:10E6000038467B54112187F804314FF0000A844EBC
:10E61000FFF73AFF11214246384606F1030BFFF798
:10E6200043FDD7F8001109E02646591CB345C7F849
:10E630000011FD5487F8045100F0BD803446FF29D5
:10E640000B4614F8015BEFD1384687F8FFA002367D
:10E65000D7E9423298470123A3453D70C7F80031FE
:10E66000D7F8283187F8045103F10103C7F828319E
:10E6700000F0A18025780123D7E7002318467047D2
:10E68000722B40F09080D0F80011FF2900F0AB8091
:10E690004B1CC7F800312823224638467B541121F1
:10E6A00087F804314FF000095E4EFFF7EDFE424659
:10E6B0001121384606F1040AFFF7F6FC4FF0010875
:10E6C000D7F8001108E02646591CB245C7F80011DA
:10E6D000FD5487F8045166D03446FF290B4614F8E0
:10E6E000015BF0D1384687F8FF900236D7E9423215
:10E6F0009847D7F82831A2453D7003F1010387F808
:10E700000451C7F80081C7F828314CD0257801237F
:10E71000DAE7454E4FF0000901944FF0010BD0F8B5
:10E72000001106F1040A0446374608E02F46591C3A
:10E73000BA45C4F80011E65484F804611CD03D4683
:10E74000FF290B4615F8016BF0D1204684F8FF90A5
:10E750000237D4E942329847D4F82831554526701B
:10E7600003F1010384F80461C4F800B1C4F828314E
:10E7700002D02E780123DAE72746019C4246112178
:10E780003846FFF791FC224611213846FFF77CFE00
:10E79000D7F80011FF2915D04A1C2923C7F80021FA
:10E7A0007B5487F804310123009A1846C7F82421C6
:10E7B00003B0BDE8F08F424611213846FFF774FCE4
:10E7C0004A46E1E70024D7F80831D7F80C2138464B
:10E7D00087F8FF409847D7F8283101222146134493
:10E7E000C7F82831D9E70025D0E9423280F8FF5038
:10E7F0009847D7F8283129460133C7F82831012333
:10E8000047E700253846D7E9423287F8FF50984756
:10E81000D7F8283129460133C7F828310123EBE620
:10E82000B4250210EC260210E4260210137803F03F
:10E83000FD03392B62D1D368DB682DE9F04F1F68E7
:10E8400083B03B78642B03D0002003B0BDE8F08F89
:10E850007E78834606F0DF03582B06D0A6F16900C8
:10E86000B0FA80F040090028EFD01369692EDBF878
:10E870000011D3E9035443D0FF2900F096804B1CCC
:10E88000CBF800315B230BF801308BF804312A46BA
:10E8900011215846FEF7C0FC7B78582B47D0692BD6
:10E8A0000CD0DBF80011FF2900F09F804A1C5D238B
:10E8B000CBF800210BF801308BF80431237803F0FA
:10E8C000FD03392B05D1E368DB681B681A78642ADD
:10E8D00020D0DBF80011FF2976D04A1C3D23CBF86D
:10E8E0000021584622460BF8013011218BF80431E3
:10E8F000FFF7CAFD012003B0BDE8F08F002070478C
:10E90000FF2900F083804B1CCBF800312E230BF83D
:10E910000130BAE75B7803F0DF02582A01D0692B97
:10E92000D7D1224611215846FEF776FCE2E73F4E4A
:10E930004FF00009DBF800114FF00108019406F1D7
:10E94000050A5C46B34608E0AB46591CD345C4F8FB
:10E950000011E65484F804611DD05D46FF290B4682
:10E9600015F8016BF0D1204684F8FF900BF1020BF3
:10E97000D4E942329847D4F82831AA45267003F1E9
:10E98000010384F80461C4F80081C4F8283102D07E
:10E990002E780123D9E7A346019C1121E26858464D
:10E9A000FEF73AFC24697B7879E700265846DBE9D4
:10E9B00042328BF8FF609847DBF82831314601334B
:10E9C000CBF8283101235BE70025DBF80831DBF8C1
:10E9D0000C2158468BF8FF509847DBF8283101226C
:10E9E00029461344CBF8283178E70025DBF80831B5
:10E9F000DBF80C2158468BF8FF509847DBF828319C
:10EA0000012229461344CBF8283150E70026584606
:10EA1000DBE942328BF8FF609847DBF8283131465A
:10EA20000133CBF8283101236EE700BFF426021032
:10EA30002DE9F0411D4684B0002839D00C46174618
:10EA400009B1002A34D000236A462849CDE90033B1
:10EA5000CDE90233FFF768FB009E00283AD0039B04
:10EA6000D3B1002E3FD04FF0010884B3304602F0FE
:10EA700031F83B68984224D2421C3146204601F0CE
:10EA8000B3FF30462646E5F733FFB5B100233046E5
:10EA90002B6004B0BDE8F081DDF80880002EE4D1E1
:10EAA00055B1B8F1010F1AD14FF0FF332B6003E0DD
:10EAB00015B16FF002032B600026304604B0BDE8AC
:10EAC000F0812046E5F714FFC7F80080DDE7002F4E
:10EAD000FAD1DAE73046E5F70BFF002DECD06FF006
:10EAE00001032B60E8E7002DDED1E5E78D7E011004
:10EAF00060B108B539B1FFF717FB00280CBF6FF004
:10EB00000100002008BD6FF0020008BD6FF0020098
:10EB1000704700BF1EB400F08DF81EBC02F0C8FEA6
:10EB2000F0B51D46037883B00C46472B19D0002062
:10EB3000254E3368019030469B68984778B1019B19
:10EB400002271B68019323682046314601AA1C69ED
:10EB50000123A04720BB0746384603B0F0BD01277C
:10EB6000F1E743784E2BE2D18378552BDFD1C37880
:10EB7000432BDCD10379462B1BD0432BD7D14379D0
:10EB80002B2BD4D183792B2BD1D1C379012BCED888
:10EB90004FF0000350F8206C019306D05830C8E7BE
:10EBA000019B38462B6003B0F0BD304656F8786CB8
:10EBB000BFE743794F2BBAD18379522BB7D1C079B4
:10EBC0000028B4D1014EB4E70C3C0210E03B021027
:10EBD00010B5044600F0ECF8224612F82039472B15
:10EBE00004D0836823BB8260012010BD63784E2B64
:10EBF000F7D1A378552BF4D1E378432BF1D12379C6
:10EC0000432BEED163792B2BEBD1A3792B2BE8D1BE
:10EC1000E379012BE5D854F8043C0133012B44F887
:10EC2000043CE1D1836844F8083C8260012010BDB7
:10EC3000F8F714FE08B500F0BBF8836883B393F8C7
:10EC40002020472A04D00022826003F1200008BD62
:10EC500093F821204E2AF6D193F82220552AF2D19A
:10EC600093F82320432AEED193F82420432AEAD1B3
:10EC700093F825202B2AE6D193F826202B2AE2D1DF
:10EC800093F82720012ADED8DA69013ADA61002AEE
:10EC9000DBD199690022816003F120009A6108BDEF
:10ECA000F8F7DCFD38B5044600F082F80568224626
:10ECB00012F82039472B03D085BB0260284638BDA7
:10ECC00063784E2BF8D1A378552BF5D1E378432BFD
:10ECD000F2D12379432BEFD163792B2BECD1A3799C
:10ECE0002B2BE9D1E379012BE6D854F80C3C002B0F
:10ECF00011DB013344F80C3C9542436803F1FF33C8
:10ED0000436002D044F8105C0260656A204602F05D
:10ED1000E7FD284638BDC3F10103EBE7F8F79EFD98
:10ED200008B500F041F80246006870B390F8201072
:10ED3000472906D000212030BDE80840116002F0CC
:10ED400097BD90F821104E29F4D190F82210552942
:10ED5000F0D190F823104329ECD190F824104329E6
:10ED6000E8D190F825102B29E4D190F826102B2912
:10ED7000E0D190F827100129DCD84169002905DB92
:10ED8000013908D04B1C0DD0416108BD0131FBD1C8
:10ED900003691360F8E701692030BDE8084011609D
:10EDA00002F066BDF8F75AFD00487047C8B8002069
:10EDB00000487047C8B80020502870B51DD0844660
:10EDC00000F00F000C2855D8DFE800F007442607B4
:10EDD0001E545454542A22071E00104650F8046B47
:10EDE0004EB10CF07004102C08BF11461CF0800FBF
:10EDF0000E4418BF36681E6070BDD01C20F00300A2
:10EE000050F8046B1E6070BD104650F8086BE7E7C1
:10EE1000104630F9026BE3E7104630F8026BDFE78B
:10EE200000261046344610F8015B05F07F0E15F001
:10EE3000800F0EFA04FE04F1070446EA0E06F2D132
:10EE40001F2CCDD86D06CBD54FF0FF3505FA04F455
:10EE50002643C6E700261046344610F8015B05F04D
:10EE60007F0E2D060EFA04FE04F1070446EA0E0694
:10EE7000F3D4B5E700F052FBFF2808B5034612D0E3
:10EE800003F070030846302B13D005D8202B09D18E
:10EE9000BDE8084002F010BD402B06D1BDE8084097
:10EEA00002F026BD03D8002008BD502BFBD000F097
:10EEB00035FBBDE8084002F02BBD00BFF8B50C469D
:10EEC0000646154608B102F013FD286014F8017BD0
:10EED000FF2F28D16860204610F8012BFF2A32D07E
:10EEE0000024102322462B7510F8011B01F07F032C
:10EEF000090603FA02F302F1070244EA0304F3D419
:10EF000003190024EB6010F8013B22466B7510F8E2
:10EF1000011B01F07F03934007321C430B06F6D41C
:10EF200004442C61F8BD31463846FFF7A5FF224660
:10EF300001462B1D3846FFF73FFF0446204610F8D8
:10EF4000012BFF2ACCD100232A75DAE72DE9F04FF7
:10EF5000002399B08846174603930E9300F00303ED
:10EF6000012B00F0AB80022B0AD13946404602F05B
:10EF700087FC002840F09780082019B0BDE8F08F8A
:10EF8000002B40F01E8210F00804EED112AB0125D8
:10EF90000493049B0C223846CDF84880009300234C
:10EFA000194602F0BDFC384602F066FC06900028C7
:10EFB000DBD044EA0503049A0699384605930DF11F
:10EFC0004409039B8DF85C300023CDE91533FFF72E
:10EFD00075FF159B05469DF85C003946169C099304
:10EFE0000390FFF749FF0023089014900F22194661
:10EFF0003846CDF8009002F037FC119BA54223F073
:10F00000010303F1FF3B33D29DF85D60DDF848A0BA
:10F0100000213046FFF730FF2A4601460FAB30464D
:10F02000FFF7CAFE054600213046FFF725FF2A46B6
:10F03000014610AB3046FFF7BFFE054600213046C3
:10F04000FFF71AFF2A4601464B463046FFF7B4FE4B
:10F0500005460020024615F8011B01F07F0393408E
:10F06000073218430B06F6D40F9B53445B451ED959
:10F07000059BDC0729D500250E9B2E461C46002348
:10F0800038460D22CDF80090194602F0EDFB069BA4
:10F090000620C8F82440C8F82850C8E90B36119B50
:10F0A000C8F8203069E7092019B0BDE8F08F109A40
:10F0B00013445B4560D8A542AAD3D9E710F00804F1
:10F0C0000AD012AB0493022563E7059B180700F1F1
:10F0D0007681404600F0A7F912AB0D6A0D22384642
:10F0E00004930093039B194602F0BEFB129B9D42C2
:10F0F000E9D13846CDF84880DDE90332009219465F
:10F100000C2202F00DFCD8F83060002EE1D00DF199
:10F110004409D8E90A530693002DC0F2088103245C
:10F1200000233846CDF800901A461946CDF84480A1
:10F1300002F0F6FB002301223846CDF80090194674
:10F14000119502F0EDFB00230F2238461946CDF849
:10F15000009002F089FB119A0023384602F0010268
:10F16000CDF800901946324311920F2202F0D8FBDD
:10F17000022C70D0072000E7119E002E3FF4F5AE60
:10F18000139A1644002800F0FB8001380444002E36
:10F190003FF4EBAE059B13F0080200F0FC808A4BB5
:10F1A000C8F80030894BC8F80430B8F100034FF0BC
:10F1B000010BDDF824A018BF0123002A18BF00238B
:10F1C0000A9300230793039B03F00703CDE90B6722
:10F1D0000D9300252A4614F8011B01F07F03080651
:10F1E00003FA02F302F1070245EA0305F3D41F2AEA
:10F1F00005D84B0603D50BFA02F35B421D430026EC
:10F200002046324610F8011B01F07F030F0603FA77
:10F2100002F302F1070246EA0306F3D41F2A33D8A9
:10F22000490631D50BFA02F35B421E43002D67D02D
:10F23000059B022B0DD0002D2CDC6FF040435B1B97
:10F240000AEB83075AF823100A9B002B5CD199B173
:10F250002EB13444BDE74046FFF7BAFC8AE7079B6E
:10F26000DDE90B67002B3FF480AE059BDD073FF522
:10F270007CAE0025022453E7059BDA07DDE90B6726
:10F2800019D50E9B1C46FAE685B1059B022BDFD0F3
:10F29000002DD2DD039BFF2B70D00D9A042A00F2C3
:10F2A0009080DFE802F00D8E2A0D270001230793DE
:10F2B000002ECED1D3E7002D3FF431AFF8F7DAFAC4
:10F2C000AAEB850208994B460398FFF775FD119943
:10F2D00049B1B8F1000FBBD00EAB00224046FFF79A
:10F2E0001FFC0028B4D0059BD907DDE90B677FF52B
:10F2F00016AFC6E7AAEBC502E4E7AAEB4502E1E7D1
:10F3000001233444079364E70E9B119321B94CE029
:10F3100057F8041F002937D039444B460022404695
:10F32000FFF7FEFB0028F3D0002E92D197E7099B50
:10F330003846049A1593039B06998DF85C30FFF7C5
:10F34000BDFD39469DF85C00159CFFF795FD6FF0FB
:10F350004042521B54F8223004EB820433B122465F
:10F36000002352F8041F01330029FAD1C8F83440B1
:10F37000C8E90A300423C8F83030D0E65246A1E785
:10F38000002E7FF472AFF0E5059BDB07DDE90B672C
:10F390007FF5C2AE75E798F80730012B0CBF58F81F
:10F3A000203C08F158030E93FFE61C46059BDB0743
:10F3B000DDE90B673FF563AEAEE6FFF773FCF8F7E8
:10F3C0004DFA00F0ABF800BF474E5543464F520090
:10F3D00008B5FFF7EDFC006830B190F82730012B3D
:10F3E00001D100687838006808BD00BF0378472B5A
:10F3F00017D143784E2B14D18378552B11D1C37874
:10F40000432B0ED10379432B0BD143792B2B08D1FE
:10F4100083792B2B05D1C07901288CBF00200120D6
:10F4200070470020704708B550B10446FFF73AFC1A
:10F430002046FFF7DBFF18B154F8140CF8F706FA72
:10F44000F8F70CFA2DE9F04F83B00246FFF7CEFF34
:10F4500038B1D2F828A0002552E90674D2E90C6927
:10F4600005E00446012507468146064682461046C9
:10F47000FFF718FC0DB1F8F7FDF93846F8F7F6F983
:10F48000FFF710FC0DB1F8F7E9F9FFF78DFCD0F8A4
:10F4900000804FEA960B002798F82730012B0CBF0D
:10F4A000D8F8003008F178030093BA451DDD07FB5A
:10F4B0000BF359F8236009EB830306B11E446B4636
:10F4C0000022314608F12000FFF72AFB08B1F8F7C7
:10F4D00041FA336801AA019030460D491E690123A3
:10F4E000B04728430137C5B2DFE745B10420F8F73C
:10F4F000F9F8084B084A06490360F8F70FFA204666
:10F50000F8F7A4F9FFF70CFCFFF70AFCFFF702FB82
:10F51000B43B02101C3C021029780110062008B5EB
:10F5200001F012F90120E6F7A3FD00BF00B583B09A
:10F53000034B014601AA186800F004F803B000BDAF
:10F540000C2C00202DE9F047DFF8749080460E4621
:10F55000174601F0EDFAD9F800504DB13378344632
:10F5600063B13D2B0AD014F8013F3BB13D2BFAD1DA
:10F57000404601F0E3FA0020BDE8F0873D2BF7D0CC
:10F580002868A41B0028F3D02246314601F0A2F8D7
:10F5900028B92868035D00EB040A3D2B04D055F818
:10F5A000040F0028F0D1E3E7D9F800304046ED1A07
:10F5B000AD103D6001F0C2FA0AF10100BDE8F0872C
:10F5C000302D0020024B0146186800F00BB800BF38
:10F5D0000C2C0020024B0146186801F011BB00BF43
:10F5E0000C2C002001F10B03162B2DE9F04F0746E0
:10F5F00083B023D8102900F2AF8000F0AFFA1025B5
:10F6000018230220BA4E33445C68A3F108029442E6
:10F6100000F056816368384623F00303D4E90212F0
:10F620002344CA6091605A68083442F001025A606B
:10F6300000F09AFA204603B0BDE8F08F002B23F0CB
:10F640000705C0F28980A94200F2868000F086FAA0
:10F65000B5F5FC7FC0F07B826B0A00F08480042B40
:10F6600000F26281AB0903F1390003F1380EC300E7
:10F670009F4E3344A3F1080C5C68A44507D10DE00C
:10F68000002AE16880F216818C450C4606D063683A
:10F6900023F003035A1B0F2AF2DD7046DFF868825D
:10F6A0003469444500F0F280636823F0030CACEB4E
:10F6B00005030F2B00F37481002BC6E9048880F248
:10F6C0006381BCF5007FD6F804E080F0FF804FEA4C
:10F6D000DC0301224FEA5C1C013302FA0CF256F8FB
:10F6E00033104EEA020E06EBC302083AC6F804E0F5
:10F6F000C4E9021246F83340CC6083104FF0010C8D
:10F700000CFA03FCF44534D81CEA0E0F07D120F0A4
:10F7100003004FEA4C0C04301CEA0E0FF9D006EB44
:10F72000C00A8146D646DEF80C300BE05A681C460B
:10F73000DB6822F00302511B0F2900F3018100292D
:10F7400080F215819E45F1D109F101090EF1080EF3
:10F7500019F0030FE7D158E10C233B600024204649
:10F7600003B0BDE8F08F4FF4007340204FF03F0E20
:10F770007EE7B468636823F00309A945A9EB050394
:10F7800002D30F2B00F385805A4B08201B6803F12E
:10F79000100804EB0903009301F032F8564AA8441C
:10F7A00083461368013305D008F1FF384342804493
:10F7B00003EA08084146384601F00AF8B0F1FF3F75
:10F7C00082464D4A00F0078104EB0903834200F2B0
:10F7D00000814A4B0BF1FF3C18684044186000F070
:10F7E00064811168013100F06C8104EB0902AAEB1D
:10F7F000020202441A601AF00702CDE9002300F069
:10F800002781C2F10802384692445A44D04408EA9B
:10F810000C01521A02EA0C0B594600F0D9FF421CA7
:10F82000019B00F06A81A0EB0A0000EB0B0818684E
:10F8300048F00102B442C6F808A05844CAF80420AF
:10F84000186017D0B9F10F0F40F23E816168A9F13D
:10F850000C024FF0050C22F0070201F001011143E8
:10F860000F2A616004EB0201C1E901CC00F24D8175
:10F87000DAF80420224B54461968814238BF1860D8
:10F88000204B1968814238BF1860A6E0D6F804E022
:10F8900033E7621945F0010543F00103083444F8E9
:10F8A000045C3846B260536000F05EF9204603B055
:10F8B000BDE8F08FA26823443846D1608A60B2E682
:10F8C000DC68A3427FF4A6AE0230E7E6BCF5206F09
:10F8D0004FEA5C2276D3142A00F2CD8002F15C0359
:10F8E0005B32DB00F118F3580839994211D1A5E0D9
:10F8F000F8270020B8DA0020F027002088DA00205E
:10F90000B0DA0020B4DA0020002800209B68994279
:10F9100004D05A6822F003026245F7D8D968C4E9D6
:10F9200002318C60DC60E8E6142B63D9542B00F2C2
:10F93000AB802B0B03F16F0003F16E0EC30097E653
:10F94000D4F808C03846671945F001056560CCF861
:10F950000C30C3F808C041F00103C6E90477C7E9D9
:10F9600002887B60A150083400F0FEF8F7E62244DC
:10F970003846516841F00101516054F8082FD360B6
:10F980009A6000F0F1F8EAE6A44438460834DCF85E
:10F99000043043F00103CCF8043000F0E5F8DEE673
:10F9A000621943F0010145F0010538466560C6E97A
:10F9B0000422C2E90288516044F80C30083400F097
:10F9C000D3F8CCE64FEA9C1202F139033832DB005F
:10F9D00088E7B44262D0B468626822F00308A845A0
:10F9E000A8EB050302D30F2B3FF753AF384600F0C7
:10F9F000BBF8B3E603F15C0003F15B0EC30037E62E
:10FA00005AF80839534540F0A08010F0030F00F178
:10FA1000FF30F5D1736823EA0C0373604FEA4C0C96
:10FA20000CF1FF329A4204D3A3E64FEA4C0C09F1E1
:10FA300004091CEA030FF8D0484670E692104FF014
:10FA4000010C0CFA02F24EEA020EC6F804E066E778
:10FA50000AEB0802384602EA0C02ABEB020B0BEA97
:10FA60000C0B594600F0B4FE431C019B7FF4DBAE47
:10FA7000DDF800B0DBE6542A2AD84FEA1C3202F146
:10FA80006F036E32DB002DE7B3F5AA7F2AD8EB0BAC
:10FA900003F1780003F1770EC300E9E52E4B0BF17B
:10FAA000FF3C1868404418609BE61AEA0C0F7FF48C
:10FAB00098AEC844D6F808A048F00102CAF804205D
:10FAC000D8E6C2F800A096E60123CAF804308DE714
:10FAD000B2F5AA7F24D84FEADC3202F178037732FC
:10FAE000DB00FFE640F25452934224D8AB0C03F102
:10FAF0007D0003F17C0EC300BAE5009A4FF0000BC5
:10FB0000083A9044A8EB0A0891E6384604F1080147
:10FB1000009301F075F8009BD6F808A01868A7E6D6
:10FB200040F254539A420CD84FEA9C4202F17D03B2
:10FB30007C32DB00D6E64FF47E737F204FF07E0EE2
:10FB400096E54FF47E737E22CCE6736866E7E8089C
:10FB500005F1080356E500BF88DA0020014800F0EF
:10FB60003FBF00BF80DA0020014800F03BBF00BF6C
:10FB700080DA00202DE9F04186B002FB03F81D4633
:10FB8000174601AB0C9C0646019103930123CDF867
:10FB90000880CDF81480049310B1436B002B4CD037
:10FBA000636EB4F90C20D80707D5910409D59B04DE
:10FBB0000DD5002006B0BDE8F081900530D5910448
:10FBC0001DD442F4005223F40053A28163663046F0
:10FBD00003AA214601F008F9636E03F00103B8B1EE
:10FBE0002BB9A3899B0502D4A06D00F0FBFE059BF9
:10FBF000A8EB0308B8FBF7F006B0BDE8F081980465
:10FC0000E5D5A3899905D4D4A06D00F0EBFED0E72B
:10FC100013B9A3899A0513D5284606B0BDE8F0812B
:10FC2000A06D00F0DDFEB4F90C20636E9104C8D520
:10FC30009A04CCD5D807BCD4E3E700F01DFBAFE7AE
:10FC4000A06D00F0CFFE2846E7E700BF94460A46C5
:10FC5000014630B51C4683B0034D634628680094C6
:10FC6000FFF788FF03B030BD0C2C0020024B0A4682
:10FC70000146186800F002B80C2C00202DE9F04F66
:10FC8000164683B0002900F09E800C4606F10B0555
:10FC90008046FFF763FF54F8040C162DA4F1080901
:10FCA00020F0030762D8102200231546B542C0F0A9
:10FCB000A280002B40F09F80974261DADFF82CB3DE
:10FCC00009EB0701DBF80830D1F804C08B4200F0E3
:10FCD0009A802CF001030B445B68DB0768D42CF09E
:10FCE000030C07EB0C03934245DAC30712D454F814
:10FCF000083CA9EB030ADAF8043023F0030084443B
:10FD00000CEB070B5A4540F3018107EB000B5A45FA
:10FD100040F3D78031464046FFF764FC0646002892
:10FD200000F02C8154F8043CA0F1080223F00103F8
:10FD30004B44934200F0B4803A1F242A00F2E28040
:10FD4000132A00F2B38003462246116819605168F5
:10FD5000596092689A602146404600F051FF404643
:10FD6000FFF702FF304603B0BDE8F08F25F007052E
:10FD70002A46EB0F9AE71F46D1E90223D3609A6027
:10FD8000781BD9F8043009EB07020F2803F00103B0
:10FD90001FD83B43C9F80430536843F00103536054
:10FDA00026464046FFF7E0FE304603B0BDE8F08F40
:10FDB000C307AFD454F8083CA9EB030ADAF80430BF
:10FDC00023F00300A1E7114603B0BDE8F04FFFF7B1
:10FDD00009BC2B4309EB050140F00100C9F80430D0
:10FDE000083141F8040C4046536843F00103536066
:10FDF00000F006FFD4E70C23C8F800300026304698
:10FE000003B0BDE8F08F2CF0030C05F110010CEBF2
:10FE100007038B4280F29280C0073FF57BAF54F816
:10FE2000083CA9EB030ADAF8043023F00300844409
:10FE30000CEB070399423FF768AF3A1F5646DAF8D2
:10FE40000C1056F8080F242AC160886000F2B080B8
:10FE5000132A40F2AB8021681B2ACAF80810616897
:10FE6000CAF80C1000F2AB8008340AF110022168C5
:10FE7000116061685160A16891605B1B0AEB05022B
:10FE8000404643F00103CBF808205360DAF8043011
:10FE900003F001032B43CAF80430FFF765FE83E744
:10FEA00050F8043C23F003031F4469E723681B2A2E
:10FEB00003606368436036D804F1080200F1080368
:10FEC00043E73A1F5646DAF80C30242A56F8081F42
:10FED000CB60996022D8132A1ED923681B2ACAF83E
:10FEE00008306368CAF80C303CD808340AF11003B3
:10FEF00022681A6062685A60A2689A6034465F4657
:10FF0000D1463DE7214600F097FA24E7D1E90213F4
:10FF10003A1FCB609960D5E73346E9E72146304682
:10FF200000F08AFAEAE7A368242A8360E368C360E2
:10FF300028D004F1100200F1100306E75B1B09EB67
:10FF400005024046264643F00103CBF808205360E3
:10FF500054F8043C03F001032B4344F8043CFFF73E
:10FF600003FE21E7A368242ACAF81030E368CAF820
:10FF7000143010D010340AF11803B9E74046FFF7E7
:10FF8000F3FD3BE7236904F11802036163694361F0
:10FF900000F11803D9E623691834CAF8183054F868
:10FFA000043CCAF81C300AF12003A1E732465EE7A0
:10FFB00021463046019300F03FFA019B5DE7A168BE
:10FFC000242ACAF81010E168CAF8141003D01034BB
:10FFD0000AF118024BE722691834CAF8182054F8BD
:10FFE000042CCAF81C200AF1200240E7F827002060
:10FFF0002DE9F04707460E464548354616F801EB11
:020000041002E8
:1000000010F80EC01CF0080CF7D1BEF12D0F63D014
:10001000BEF12B0F3AD0644633F010003ED04FF0C3
:10002000FF389A46B8FBF3F803FB08F96FEA0909B1
:10003000002528460EE0AEF1370C63451DDD013585
:1000400004D0404502D834D1CC4532DD4FF0FF35E5
:1000500016F801EBAEF1300CBCF1090FEDD9AEF1A1
:10006000410CBCF1190FE6D9AEF1610CBCF1190FCE
:1000700003D8AEF1570C6345E1DC6B1C25D004B10D
:1000800040420AB135BB1160BDE8F08733F0100083
:1000900096F800E0644605F10206C0D1BEF1300FCB
:1000A0001FD05BB90A234FF00509DFF868809A4634
:1000B000BEE70AFB00C00125CAE70BB310234FF0CF
:1000C0000F096FF070489A46B2E7222328463B603A
:1000D000002AD9D0711ED6E796F800E00124AE1CA4
:1000E0009AE7307800F0DF005828E6D1102396F820
:1000F00001E04FF00F0902366FF070489A4697E71B
:1001000008234FF007096FF060489A4690E700BF58
:10011000694402109999991910B4044C13460A467F
:10012000014620685DF8044BFFF762BF0C2C0020ED
:10013000024A0349034800F0CDBF00BF002C002055
:1001400091110210102C00200C4B4168994210B5FF
:10015000044601D001F01CF8A168094B994202D075
:10016000204601F015F8E168064B994204D020467C
:10017000BDE8104001F00CB810BD00BFBCDA002093
:1001800024DB00208CDB00202DE9F843314A0025D8
:10019000314C04233149DFF8D89004F15C00DFF8DA
:1001A000D4802F4F2F4E11602946082225606566A6
:1001B000C4E90335C4E90155C4E9055500F0D4F993
:1001C00004F15800E662C4E90749C4E9098700F070
:1001D00003FC254B2946082204F1C4006367256708
:1001E000C4F8CC50C4F88050C4E91A55C4E91E556F
:1001F00000F0BAF904F1680304F1C000C4F88430D7
:10020000C4E92298C4E9247600F0E6FB174B29469E
:1002100004F596700822C4F8DC30C4F8D850C4F84D
:100220003451C4F8E850C4E93455C4E9385500F0F5
:100230009BF904F1D00304F59470C4F8F090C4F86D
:10024000FC60C4F8EC30C4E93D87BDE8F84300F039
:10025000C3BB00BFF4DB0020BCDA00203101021078
:10026000411402106914021009000100120002007A
:10027000DD1302100114021010B504460A4800F004
:10028000AFFB636B23B9094B094A1B68626323B157
:100290000548BDE8104000F0A5BBFFF775FF024818
:1002A000BDE8104000F09EBB84DA0020F4DB0020A3
:1002B00049010210014800F093BB00BF84DA00201E
:1002C000014800F08FBB00BF84DA0020144B70B5EA
:1002D0001E6805460C460EB1736BE3B1636ED8071A
:1002E00002D4A389990512D522462946304600F04A
:1002F00013FF636E0546DA0702D4A3899B0501D577
:10030000284670BDA06D00F06DFB284670BDA06D45
:1003100000F066FBE8E73046FFF7AEFFDEE700BF20
:100320000C2C002030B587B00546084614460191D4
:1003300000F0D0FB01AA012305900290CDE9032330
:1003400015B16B6B002B3CD0636EB4F90C20D80751
:1003500016D591041DD442F4005223F40053A28117
:100360006366284603AA214600F03EFD636E0546FB
:10037000DA0702D4A3899B0510D5284607B030BD03
:10038000900511D59104E6D59B04EAD54FF0FF35D1
:10039000F0E79B04E5D54FF0FF35EEE7A06D00F0E8
:1003A00021FB284607B030BDA06D00F019FBB4F961
:1003B0000C20636E9004CED59904D2D54FF0FF3552
:1003C000D6E72846FFF758FFBEE700BF024B0A46B4
:1003D00001461868FFF7A6BF0C2C0020032A30B492
:1003E00012D941EA000484460B46A40721D11946DC
:1003F000604653F8044B5CF8045BA54219D1043AFB
:10040000032AF4D860461946541E7AB1431E0139B6
:10041000021901E09A4209D013F8010F11F801CF37
:100420006045F7D0A0EB0C0030BC7047002030BC1A
:100430007047541EEAE700BF8842F0B514D98B1804
:10044000834211D9032A00EB020166D802F1FF3C76
:100450004AB16FEA0C0C0A469C4413F8011D63452F
:1004600002F8011DF9D1F0BD032A0FD8034602F1AD
:10047000FF3C002AF7D00CF1010C013B8C4411F831
:10048000012B614503F8012FF9D1F0BD41EA0003CA
:100490009B073ED10F2A64D9A2F1100301F1100489
:1004A000203100F1100E23F00F03A44619445CF82C
:1004B000105C0CF1100C0EF1100E4EF8205C5CF884
:1004C0001C5C4EF81C5C5CF8185C4EF8185C5CF820
:1004D000145C8C454EF8145CE9D1E11812F00C0F55
:1004E000034402F00F0E03F1100338D02EF0030581
:1004F0001A1F8C46043D5E195CF8044B42F8044F09
:10050000B242F9D1043104330EF0030229442B44E2
:10051000ADE702F1FF3C0346ADE741EA03041F46A5
:10052000A40702D002F1FF3C93E7A2F1040E8C462F
:100530002EF003064FEA9E0E8E1B644653F8045DB0
:10054000B4424CF8045DF8D1CEEB8E7302F0030296
:1005500001EB830107EB830704393B1F76E7724603
:1005600085E703469646C1E7830730B546D0841831
:10057000844604E003F8011B9D0704D09C46A44573
:100580006346F7D130BD013A0244A2EB0C02032AC4
:1005900029D9CCB20F2A04EB042404EB04442FD94C
:1005A000A2F1100C03F110052CF00F0CAC44C3E9C0
:1005B0000044C3E9024410336345F8D112F00C0F34
:1005C00002F00F0E18D02EF0030CAEF104051A46FF
:1005D0009C4442F8044B6245FBD125F003040433EC
:1005E0000EF003022344002ACCD0C9B21A4403F807
:1005F000011B9342FBD130BD7246F4E70346C6E7C8
:100600009646E0E711F0FF01034600F0030239D0FF
:100610008ABB10B501EB012E02680EEB0E4EA2F163
:1006200001338EEA020423EA0203A4F1013222EA32
:100630000402134313F0803F0FD150F8044F84EAB3
:100640000E0CA4F10133ACF1013223EA040322EAD7
:100650000C02134313F0803FEFD0037823B936E048
:1006600010F8013F002B32D09942F9D110BD8A42D7
:1006700028D09A0729D01A7818460133002AF6D1D3
:1006800010467047CAB90268A2F1013323EA020397
:1006900013F0803F08D150F8042FA2F1013323EA70
:1006A000020313F0803FF6D003785BB110F8013FEE
:1006B000002BFBD17047990705D0184613F8012B82
:1006C000002AF8D170471846DDE71846A1E718461A
:1006D00010BD00BF82B30B4630B540EA0104864628
:1006E000A40717D1032A07D814E0043A22D01CF03B
:1006F000803F1FD1032A23D9DEF80040194653F862
:10070000045B7046A4F1013C0EF1040EAC422CEAED
:10071000040CEAD00378013A0C78A3420ED10244CB
:1007200006E03BB110F8013F11F8014FA34205D19B
:100730009042F6D1002030BD10467047181B30BDE6
:1007400070461946E6E700BF38B51F28134B1D68F1
:100750001ED8D5F81821044662B152F820304BB1AA
:10076000012B05D0591C0FD0002142F820109847CA
:10077000002038BD284600F029F8224601462846C8
:10078000BDE8384000F00CB8162301202B6038BDBE
:1007900016234FF0FF302B6038BD00BF0C2C00201B
:1007A00070B50C460346084D0026204611461C46EF
:1007B0002E60E5F777FC431C00D070BD2B68002B42
:1007C000FBD0236070BD00BF24E20020E5F768BCC9
:1007D00038B50022064D044608462A60E5F74AFC73
:1007E000431C00D038BD2B68002BFBD0236038BDE4
:1007F00024E20020014B1868704700BF0C2C002039
:10080000082802D14FF48050704708B5FFF7F2FF77
:10081000162203464FF0FF301A6008BD80EA010C33
:100820001CF0030F37D110F0030C20F0030021F06F
:10083000030150F8042B08BF51F8043B0ED08CF094
:10084000030C6FF07F434FEACC0C23FA0CFC51F8F9
:10085000043B42EA0C0243EA0C0300BFA2F1013C54
:100860009A4201BF2CEA020C1CF0803F50F8042B86
:1008700051F8043BF2D04FEA02604FEA12220128FD
:1008800028BFB0EB036F08BF1B0AF4D003F0FF03CF
:10089000000EC01A704710F0030F0AD010F8012B99
:1008A00011F8013B012A28BF9A42F4D0A2EB0300C1
:1008B000704720B450F8042B01F0030521F0030128
:1008C00051F8043B022D27D04ED800BF22F07F45BF
:1008D000B5EB132FA2F1013C2CEA020C0DD11CF058
:1008E000803C08BF51F8043B0AD185EA0205B5EB0C
:1008F000036F0CD150F8042BE8E74FEA13235BE0B9
:100900003CF07F4C54D10B784FEA126554E04FEA2B
:10091000126503F0FF034FE04FEA0245A2F1013CEC
:100920004FEA15452CEA020CB5EB134F18D11CF019
:10093000803C08BF51F8043B07D185EA0205B5EBBE
:10094000034F09D150F8042BE6E75FEA0C4C2FD196
:100950000B884FEA12452FE04FEA03434FEA124556
:100960004FEA134328E000BF02F0FF05B5EB136F19
:10097000A2F1013C2CEA020C0DD11CF0803C08BF16
:1009800051F8043B0AD185EA0205B5EB032F0AD1E1
:1009900050F8042BE8E74FEA13630DE012F0FF0F65
:1009A00006D051F8043B4FEA122523F07F4303E0C1
:1009B0004FF0000020BC704705F0FF0203F0FF007D
:1009C000012828BF904204BF2D0A1B0AF4D0A2EBD5
:1009D000000020BC704700BF704700BF704700BFD9
:1009E000704700BF704700BF844641EA000313F020
:1009F000030349D1403A23D30B6803604B6843603B
:100A00008B688360CB68C3600B6903614B6943618A
:100A10008B698361CB69C3610B6A03624B6A436272
:100A20008B6A8362CB6AC3620B6B03634B6B43635A
:100A30008B6B8363CB6BC36340304031403ADBD276
:100A400030320BD30B6803604B6843608B68836064
:100A5000CB68C36010301031103AF3D20C3205D39A
:100A600051F8043B40F8043B043AF9D2043208D070
:100A7000D2071CBF11F8013B00F8013B01D30B88E2
:100A800003806046704700BF082A13D38B07B1D09C
:100A900010F00303AED0C3F10403D21ADB071CBF6E
:100AA00011F8013B00F8013BA4D331F8023B20F8D8
:100AB000023B9FE7043AD9D3013A11F8013B00F811
:100AC000013BF9D20B7803704B7843708B788370BD
:100AD0006046704720F0030110F00300C0F10000F1
:100AE00051F8043B00F1040C4FEACC0C6FF000020B
:100AF0001CBF22FA0CF213434FF0010C4CEA0C2CF1
:100B00004CEA0C4CA3EB0C0222EA030212EACC12D0
:100B100004BF51F8043B0430F4D0C2F1000102EAF2
:100B20000102B2FA82F2C2F11F0200EBD20070475A
:100B30000148FFF755BF00BF7CDA00200148FFF7EE
:100B400051BF00BF7CDA00202DE9F8430646DFF8EC
:100B5000AC8008208946FFF753FE05463046FEF775
:100B6000FDFFD8F808305F6827F00307A7F11104EC
:100B7000A4EB09042C44B4FBF5F4013C05FB04F49C
:100B8000A54208DC00213046FFF722FED8F80830E5
:100B90003B44984205D03046FEF7E6FF0020BDE812
:100BA000F88361423046FFF713FE01300FD03F1B40
:100BB000104AD8F80830304647F001075F601368E4
:100BC0001B1B1360FEF7D0FF0120BDE8F883002156
:100BD0003046FFF7FDFDD8F80820831A0F2BDADD29
:100BE00043F0010303495360034B1B68C01A0860BC
:100BF000D1E700BF88DA0020F0270020F827002086
:100C000000295AD0F8B50C460746FEF7A7FF734DEA
:100C100054F804CCA4F10802A8682CF001030CF0ED
:100C2000010ED1184E68884226F003067CD0881940
:100C30004E60406800F00100BEF1000F2ED154F864
:100C4000084C05F1080C121B23449468644560D0DD
:100C5000D2F80CE0C4F80CE0CEF8084000287DD0B3
:100C600043F0010050600B60B3F5007F2ED25809AD
:100C7000D9080123834068680131034355F83100E6
:100C80006B6005EBC103083BC2E9020345F8312064
:100C9000C2603846BDE8F840FEF766BF70B933441D
:100CA00005F1080C886843F0010460456ED0C968FE
:100CB000C16088605460D350D6E770474CF00101A2
:100CC000B3F5007F44F8041CD350D0D3B3F5206FA4
:100CD0004FEA532144D2990901F1390001F1380456
:100CE000C100681869580838884203D155E08968FE
:100CF000884204D04C6824F003049C42F7D8C868AA
:100D0000C2E9021082603846CA60BDE8F840FEF7CA
:100D10002BBF80BB1E44D1E90213CB60996046F023
:100D2000010353609651B4E71E44BEF1000F07D192
:100D300054F8083CD21A1E44D2E90213CB609960E1
:100D400046F001035360264BAA601B68B342A0D84B
:100D5000244B38461968FFF7F7FE9AE73344A1E7BA
:100D600014290DD954291FD8190B01F16F0001F175
:100D70006E04C100B5E743F0010050600B6088E7E6
:100D800001F15C0001F15B04C100AAE7C5E904229E
:100D9000C2E902CC5460D3507BE7A4100123A340E6
:100DA0006C6823436B60ABE7B1F5AA7F06D8D90B1B
:100DB00001F1780001F17704C10092E740F254504C
:100DC000814206D8990C01F17D0001F17C04C1003B
:100DD00087E74FF47E717E2483E700BFF827002069
:100DE000F4270020B8DA00209368002B00F0B080D0
:100DF000B1F90CC01CF0080F2DE9F04F174683B075
:100E000080460C4626D00B6923B31CF002093E68CD
:100E10002CD04FF0000ADFF8B8B2B94655465D4510
:100E20002B465246404628BF5B46002D7FD0E169E5
:100E3000676AB847002840F38380D9F808308244B5
:100E40002D1A1B1AC9F80830002BE8D1002003B076
:100E5000BDE8F08F2146404600F060FB002874D1C9
:100E6000B4F90CC03E681CF00209D2D11CF0010A92
:100E700070D1236855460097002D54D01CF4007F94
:100E8000D4F80890184600F0AA80A945CB4600F295
:100E9000E4801CF4906F33D02169A3EB01096369EE
:100EA00013EB430348BF01334FEA630B09F101031E
:100EB0002B445A465B4501D99B461A461CF4806F69
:100EC00000F0EA8011464046FEF78CFB002800F057
:100ED000F9804A4621690190FFF786FDA289019BAE
:100EE00022F4906242F08002A28103EB09002361A8
:100EF000C4F814B0ABEB0903A946AB46A36020606D
:100F000051465A46FFF798FAA2680099A2EB0902E7
:100F10002368A2605B448A682360521B8A60002AAF
:100F200094D0B4F90CC0D6E900A50836A4E7D6E9F8
:100F300000A5083673E72146404600F025FA68B35D
:100F4000B4F90C3043F04003A3814FF0FF307EE74B
:100F5000002070474D46BA4648464F4600965DB35E
:100F6000002831D04A46A168AA426369206828BF98
:100F70002A4603EB010B2169884201D95A457CDCE2
:100F800093426DDC3A46E1694046666AB047B0F18B
:100F9000000BD5DDB9EB0B09CDD00120DAF8083014
:100FA0005F44A5EB0B05A3EB0B03CAF80830002B3D
:100FB0003FF44CAF002DD3D1009A55681346083248
:100FC0000092002DF8D01F682A460A21384600F00A
:100FD00079FB002873D00130A0EB0709C2E7226932
:100FE0009A4222D36269AA421FD86FF00043E16996
:100FF0004046676AAB4228BF2B4693FBF2F302FBE5
:1010000003F35246B847B0F1000999DD009AA5EB09
:101010000905CA449368A3EB09039360002B3FF4CE
:1010200015AFB4F90CC0236826E7A9451846514608
:1010300028BFA9464A46FFF7FFF9A2682368A2EB3A
:1010400009024B44A2602360002ADFD121464046BA
:1010500000F09AF90028D9D072E7A946AB464FE7CD
:1010600039460192FFF7E8F9019AA36893469B1A63
:10107000A3602368134423608CE739465A46FFF780
:10108000DBF92368214640465B44236000F07CF98D
:1010900000283FF47FAF53E74046FEF7EFFD0346DD
:1010A00000287FF422AF21694046FFF7A9FDB4F97B
:1010B0000C300C2223F08003C8F8002042E76A1CA1
:1010C000914650E70C22B4F90C30C8F8002039E7FB
:1010D00000FCFF7F2DE9F8434FF0000907468846E2
:1010E0001646D6E90154013D0FD4A389012B08D936
:1010F000B4F90E3021463846013302D0C04749EAE0
:101100000009013D68346B1CEFD13668002EE8D130
:101110004846BDE8F88300BF70B50E460546144644
:1011200010B1436B002B2FD0636ED80702D4A38974
:10113000990520D5A368013B002BA36019DAA269A9
:1011400093420FDBF0B20A280CD0236805465A1CE4
:1011500022601E70636EDA0702D4A3899B050ED548
:10116000284670BD28462246314600F081F90546E2
:10117000F0E7F0B2E9E7A06DFFF732FCDAE7A06D27
:10118000FFF730FC284670BDFFF776F8CCE700BFCC
:1011900070B500293FD006460C4610B1436B002BBA
:1011A0003CD0636EB4F90C20DD0732D4900538D5FD
:1011B0002146304600F04CF8E36A054633B1E16958
:1011C000304698470028B8BF4FF0FF35A3891A066C
:1011D00039D4216B41B104F14003994202D0304629
:1011E000FFF70EFD00232363616C21B13046FFF74A
:1011F00007FD00236364FFF75DF8636E0022DB07E1
:10120000A2811CD5A06DFFF7E9FBFFF759F828462E
:1012100070BD002ACCD10025284670BDFFF72CF800
:10122000BFE7A06DFFF7DCFBB4F90C30002BBFD19A
:10123000636ED907EFD4A06DFFF7D4FBEBE7A06D89
:10124000FFF7D0FBDEE721693046FFF7D9FCC0E7A6
:10125000B1F90C202DE9F041804610070C4650D41E
:10126000496842F400630029A38165DDA66A002E67
:1012700044D0002112F48052D8F80050C8F8001071
:1012800067D1E16901234046B047411C02466ED058
:10129000B4F90C30A66A5B0705D56368D21A236BD4
:1012A0000BB1E36BD21A0023E1694046B047471CFB
:1012B000B4F90C304FD1D8F800101D2942D8314A6A
:1012C000CA40D6073ED523F40062D904A2814FF06C
:1012D000000262602269226003D5D8F80030002B3A
:1012E00043D0216BC8F8005041B104F1400399424A
:1012F00002D04046FFF784FC002323630020BDE8B2
:10130000F0810E69002EF9D092070D680E600CBFB7
:101310004B690023AD1B8B600BE02B463246E16925
:101320004046676AB847B0F1000CA5EB0C0566446F
:1013300006DD002DF1DCE1E7E16B002996DCDDE75D
:10134000B4F90C3043F040034FF0FF30A381BDE807
:10135000F081226D9FE723F40062DB04A2814FF04D
:101360000002626022692260BBD52065B9E7D8F827
:101370000030002B8CD01D2B01D0162BE0D1C8F8EB
:101380000050BBE70100402038B505460C4608B1C7
:10139000436B03B3B4F90C0088B1636EDB0701D46F
:1013A00081050FD528462146FFF752FF636E05469B
:1013B000DA0702D4A3899B0508D5284638BD05461F
:1013C000284638BDA06DFFF70BFBEBE7A06DFFF7DC
:1013D00009FB284638BDFEF74FFFDBE710B50C468A
:1013E000B1F90E1000F042F9002803DB236D03442D
:1013F000236510BDA38923F48053A38110BD00BFD2
:101400002DE9F0410C46B1F90C101F460546CB05FD
:1014100016460BD421F480513B4632462846A18122
:10142000B4F90E10BDE8F04100F036B9B4F90E1071
:101430000223002200F004F9B4F90C10EAE700BF1F
:1014400010B50C46B1F90E1000F0FAF8421CB4F9D0
:101450000C3004D043F480532065A38110BD23F4E5
:101460008053A38110BD00BFB1F90E1000F0D6B8B3
:10147000F8B50D460646144610B1436B002B4AD012
:10148000B4F90C30A2691807A2601FD52269EAB12D
:10149000EDB29904626E2F4624D592042FD42268AF
:1014A00023696169D31A99422CDD0133A16801399E
:1014B000A160511C2160157062699A4219D00A2DF1
:1014C00002D1A389DB0714D43846F8BD2146304643
:1014D00000F024F898B9B4F90C30EDB2626E9904BA
:1014E0002F46DAD443F4005322F40052A3816266FB
:1014F000D5E721463046FFF747FF0028E4D04FF0FC
:10150000FF37E1E721463046FFF73EFF0028F6D1DE
:1015100022680123CAE7FEF7AFFEB1E738B53E4BBC
:1015200005460C461B6813B15A6B002A5BD0B4F910
:101530000C3019070BD522699AB113F0010221D0A2
:10154000636900225B42A260A361002038BDDA0615
:1015500059D558071BD4226943F00803A381002AF8
:10156000EBD1990529D5180603F0800125D4D807B9
:1015700042D49D073DD5A2600029E6D043F0400348
:10158000A38145E09B0716D46369A360DDE7216B67
:1015900051B104F14002914204D02846FFF730FBDC
:1015A000B4F90C30002222630021226923F02403C5
:1015B000C4E90021D0E7A260C7E72146284600F031
:1015C000C1F8B4F90C30226913F001010FD0616940
:1015D00000204942A060A161002AB6D103F0800139
:1015E0000029B2D0CAE71846FEF746FE9FE79807E3
:1015F00000D46169A160EFE76069A2604042A06128
:101600000029A2D0BAE7092243F040032A60A3814F
:101610004FF0FF3038BD00BF0C2C002038B5002241
:10162000064D044608462A60E4F75EFD431C00D0E0
:1016300038BD2B68002BFBD0236038BD24E200208E
:1016400038B50C4684461146074D1A4600232046FD
:1016500064462B60E4F74CFD431C00D038BD2B687A
:10166000002BFBD0236038BD24E2002038B50C46A7
:1016700084461146074D1A460023204664462B60D7
:10168000E4F714FD431C00D038BD2B68002BFBD0C1
:10169000236038BD24E2002038B50C46844611464C
:1016A000074D1A460023204664462B60E4F70CFDE4
:1016B000431C00D038BD2B68002BFBD0236038BD05
:1016C00024E2002030B586468007CCB215D00EEB60
:1016D0000205F44606E013F8011BA14207D0990762
:1016E00006D09C46654563466046F4D1002030BD77
:1016F000013A72449E46A2EB0C02032A0CD8002A3F
:10170000F4D07346724401E09A42EFD0184613F8C1
:10171000011BA142F8D130BD04EB0425714605EB55
:1017200005458E4651F8043B6B40A3F1013020EA99
:10173000030313F0803FE4D1043A032AF1D88E4624
:10174000DDE700BFB1F90C3070B50C46990796B0D3
:1017500007D504F1430301222360C4E9043216B023
:1017600070BDB4F90E10054600292BDB6A4600F067
:1017700051F8002824DB4FF480612846019EFDF7D4
:1017800031FFB4F90C30A0B306F4704643F0800387
:101790004FF480622060B6F5005F2061A381626132
:1017A00035D1B4F90E10284600F04AF8B4F90C30DF
:1017B00068B323F003034FF4006243F0010314E025
:1017C000B4F90C3013F0800F28460CBF4FF480653D
:1017D00040252946FDF706FFB4F90C3048B143F027
:1017E000800300222060C4E904051343A38116B0DE
:1017F00070BD9A05B3D423F0030304F14302012121
:1018000043F002032260C4E90421A381A7E74FF457
:101810000062EAE770B50C460346084D00262046F4
:1018200011461C462E60E4F767FC431C00D070BDD7
:101830002B68002BFBD0236070BD00BF24E200208A
:1018400038B50022064D044608462A60E4F758FCE5
:10185000431C00D038BD2B68002BFBD0236038BD63
:1018600024E20020F8B500BF5FF800F0451A002020
:101870005FF800F0391A00205FF800F055260020CC
:101880005FF800F01D2600205FF800F04D020020F8
:101890005FF800F0590B00205FF800F0B90A002053
:1018A0005FF800F0CD1100205FF800F05D2200200D
:1018B0005FF800F03D2200205FF800F06F26002066
:1018C0005FF800F01D1300205FF800F0C502002053
:1018D0005FF800F07D1200205FF800F0F9020020B0
:1018E0005FF800F0351A00205FF800F01D0E0020B0
:1018F0005FF800F0492600205FF800F01101002099
:101900005FF800F0150B00205FF800F0A101002047
:101910005FF800F0692600205FF800F0AD0E0020AF
:101920005FF800F0911A00205FF800F01D220020FF
:101930005FF800F0E10A00205FF800F05901002094
:10194000AD430010214300105543001041440010E6
:101950008D43001085420010D543001071420010E5
:10196000AD350010D943001079390010D142001074
:10197000C1430010714300106D2F0010952F00100F
:10198000B96B00100D020010CD1400102D270010AF
:081990004993001035770110A6
:101998005365636F6E64617279205069636F207359
:1019A80074617274696E672E2E2E000000000000AC
:1019B800496E697469616C697A696E6720746173CC
:1019C8006B732E2E2E000000496E697469616C6974
:1019D8007A696E6720555342207461736B2E2E2EE0
:1019E800000000005365636F6E646172792050696E
:1019F800636F20696E697469616C697A65642E0A1F
:101A0800000000005374617274696E672073636824
:101A18006564756C65722E2E2E0A000071756575E9
:101A2800656400007564702071756575652066755C
:101A38006C6C00005B6C6F7261315D20696E69745B
:101A4800206661696C656420256420E280942074B6
:101A580061736B2068616C74696E670A000000002E
:101A68005B6C6F7261315D205358313237362072AA
:101A78006561647920E2809420252E3166204D48E6
:101A88007A20205346257520204257252E3066207F
:101A98006B487A0A000000005B6C6F7261315D2050
:101AA800726561645061636B6574206572726F72F0
:101AB8000A000000414C542C252E32662C256C75EA
:101AC8002C252E31662C252E31660A006C6F72612A
:101AD800310000005B25735D205349474D4132209A
:101AE800475053206C61743D252E3566206C6F6E0F
:101AF8003D252E356620616C743D252E3066206D9F
:101B080020736174733D25752076656C3D252E31F3
:101B180066206D2F7320686163633D252E31662032
:101B28006D20525353493D252E306620534E523D69
:101B3800252E31662025730A000000005B25735DA1
:101B4800205349474D4132204E4156206C61743D27
:101B5800252E3566206C6F6E3D252E356620616C0E
:101B6800743D252E3066206D20766E3D252E31661B
:101B78002076653D252E31662076643D252E31661A
:101B880020525353493D252E306620534E523D2551
:101B98002E31662025730A005B25735D2053494763
:101BA8004D4132204241524F20616C743D252E3107
:101BB80066206D2020503D256C6420506120205403
:101BC8003D252E326620432020525353493D252E71
:101BD800306620534E523D252E31660A0000000023
:101BE8005B25735D205349474D4132206672616D14
:101BF8006520747970652025752069676E6F726538
:101C080064202825752042205253534920252E3020
:101C18006620534E5220252E3166290A0000000006
:101C28005B6C6F7261315D207278206C61743D2548
:101C38002E3566206C6F6E3D252E356620616C74DE
:101C48005F6770733D252E3066206D2020525353F8
:101C5800493D252E30662064426D2020534E523D6A
:101C6800252E31662064420A000000005B6C6F720A
:101C780061315D207278202575204220205253530F
:101C88004920252E30662064426D2020534E522074
:101C9800252E316620644220E2809420626164200F
:101CA8006672616D650A00005B6C6F7261315D2060
:101CB8007564702071756575652066756C6C20E2B9
:101CC8008094206672616D652064726F70706564BF
:101CD8000A0000005B72746F735D20785461736B47
:101CE80043726561746553746174696320666169E0
:101CF8006C65643A202725732720737461636B3DF4
:101D08002575207072693D25750000006265676958
:101D18006E00000073657453796E63576F726400C8
:101D280066697865645061636B65744C656E677449
:101D3800684D6F6465000000736574446174615395
:101D4800686170696E6700007365744F75747075AB
:101D580074506F77657248696768000072656164DE
:101D680079000000616663005B6C6F7261325D2010
:101D7800696E6974206661696C65642025642061F8
:101D88007420257320E28094207461736B2068614D
:101D98006C74696E670A00005B6C6F7261325D205B
:101DA80052464D363920726561647920E28094206C
:101DB800252E3166204D487A2020252E3166206B4D
:101DC8006270730A000000005B6C6F7261325D2004
:101DD800726561645061636B6574206572726F72BD
:101DE8000A0000006C6F7261320000005B6C6F7259
:101DF80061325D207278206261726F3D252E3166F6
:101E0800206D206770733D252E3166206D2052535A
:101E180053493D252E30662064426D0A00000000BB
:101E28005B6C6F7261325D207278202575204220CC
:101E3800205253534920252E30662064426D20E2FB
:101E4800809420626164206672616D650A000000FA
:101E58005B6C6F7261325D20626164206672616DD5
:101E6800652023256C75206669727374202575209A
:101E7800423A00000A0000002025303258000000D5
:101E88005B6C6F7261325D20756470207175657569
:101E9800652066756C6C20E28094206672616D65C1
:101EA8002064726F707065640A0000006E6F742D94
:101EB800737461727465640075700000646F776E86
:101EC800000000006F666600257300000D0000002A
:101ED80068656C7000000000436F6D6D616E64731F
:101EE8003A0A202068656C702020202020202020BD
:101EF80020202073686F772074686973206C697379
:101F0800740A2020737461747573202020202020A7
:101F18002020207072696E7420686561702C2071B1
:101F280075657565206465707468732C20576946FB
:101F3800692073746174650A20206C6F6720205BC8
:101F48006F6E7C6F66665D2020746F67676C652FA7
:101F5800736574206C6F67206F75747075740A20D0
:101F680020636C6561722020202020202020202002
:101F7800636C656172207465726D696E616C207343
:101F8800637265656E000000737461747573000098
:101F980068656170206672656520203A2025752085
:101FA8004220286D696E2025752042290A0000000C
:101FB80077696669202020202020203A2025730A8E
:101FC800000000006C6F675F712020202020203AFD
:101FD800202575202F2025750A0000007564705F84
:101FE800712020202020203A202575202F202575BB
:101FF8000A0000006C6F67206F7574707574203A62
:102008002025730A00000000636C656172000000FF
:102018001B5B324A1B5B48006C6F67206F757470DE
:1020280075743A2025730A00756E6B6E6F776E2093
:10203800636F6D6D616E643A202725732720202811
:1020480074797065202768656C7027290A0000007C
:102058002320000008200800757362000A2A2A2A33
:102068002050414E4943202A2A2A0A005370696E9B
:102078006C6F636B20256420697320616C726561E5
:10208800647920636C61696D656400004E6F20732C
:1020980070696E6C6F636B73206172652061766125
:1020A800696C61626C6500004E6F20757365722003
:1020B800495251732061726520617661696C616271
:1020C8006C650000486172647761726520616C61BB
:1020D800726D20256420616C726561647920636C7F
:1020E80061696D6564000000486172642061737302
:1020F800657274004F7574206F66206D656D6F7220
:102108007900000052656C6561736500626F6F74D9
:10211800325F77323571303830000000302E3100B0
:10212800322E322E3000000067735F7063625F7674
:102138003100000067735F7365636F6E6461727965
:102148005F7069636F0000004A756E203137203276
:1021580030323600666E692B00000000666E69003A
:102168006E616E00666E692D0000000055534220B6
:10217800737464696E202F207374646F7574000023
:1021880052617370626572727920506900000000B4
:102198005069636F00000000426F6172642043441D
:1021A800430000005265736574000000556E686155
:1021B8006E646C65642049525120307825780A0095
:1021C800657020253032582077617320616C726504
:1021D80061647920617661696C61626C65000000F8
:1021E80043616E277420636F6E74696E756520781D
:1021F800666572206F6E20696E616374697665200A
:102208006570202530325800546D7251000000006E
:10221800546D7220537663004E6F20667265652098
:10222800646F6F7262656C6C7300000012131100AA
:10223800474C49424358585F54554E41424C4553C8
:10224800000000006F626A5F73697A650000000031
:102258006F626A5F636F756E74000000676C696215
:102268006378782E65685F706F6F6C007374643A7A
:102278003A657863657074696F6E00007374643AC8
:102288003A6261645F657863657074696F6E0000B7
:102298007465726D696E6174652063616C6C6564E8
:1022A800207265637572736976656C790A0000003F
:1022B8007465726D696E6174652063616C6C6564C8
:1022C800206166746572207468726F77696E672022
:1022D800616E20696E7374616E6365206F66202776
:1022E80000000000270A00007465726D696E617451
:1022F800652063616C6C656420776974686F7574B8
:1023080020616E2061637469766520657863657005
:1023180074696F6E0A0000002020776861742829AC
:102328003A202000256400005F474C4F42414C5F33
:102338000000000028616E6F6E796D6F7573206EF6
:10234800616D657370616365290000006175746F64
:10235800000000006465636C7479706528617574A9
:102368006F290000737472696E67206C69746572F6
:10237800616C0000737464006465636C74797065E3
:10238800286E756C6C707472290000005B6162695C
:102398003A0000002C2000003A3A00007B64656691
:1023A80061756C7420617267230000007D3A3A0001
:1023B8006175746F3A00000074656D706C617465C6
:1023C80020706172616D65746572206F626A656301
:1023D8007420666F72200000696E697469616C69A7
:1023E8007A657220666F72206D6F64756C65200067
:1023F800767461626C6520666F72200056545420B2
:10240800666F722000000000636F6E7374727563EC
:1024180074696F6E20767461626C6520666F7220D5
:10242800000000002D696E2D0000000074797065B1
:10243800696E666F20666F7220000000747970659F
:10244800696E666F206E616D6520666F7220000090
:1024580074797065696E666F20666E20666F72208B
:10246800000000006E6F6E2D7669727475616C20C5
:102478007468756E6B20746F20000000636F76615E
:102488007269616E742072657475726E20746875F5
:102498006E6B20746F2000006A61766120436C6166
:1024A800737320666F7220006775617264207661AD
:1024B800726961626C6520666F722000544C53200B
:1024C800696E69742066756E6374696F6E20666FD5
:1024D80072200000544C532077726170706572202E
:1024E80066756E6374696F6E20666F7220000000F7
:1024F8007265666572656E63652074656D706F726E
:10250800617279202300000020666F7220000000AD
:1025180068696464656E20616C69617320666F72B6
:10252800200000006E6F6E2D7472616E73616374AB
:10253800696F6E20636C6F6E6520666F7220000095
:102548006F70657261746F72000000006F70657261
:1025580061746F72200000003E280000636C000068
:102568006978000071750000203A20006E657720B8
:1025780000000000756C00006C6C0000756C6C004D
:1025880066616C7365000000747275650000000078
:102598006A617661207265736F75726365200000E9
:1025A8006465636C74797065202800002E2E2E00F7
:1025B80074686973000000007B7061726D2300000D
:1025C800676C6F62616C20636F6E7374727563748D
:1025D8006F7273206B6579656420746F200000004A
:1025E800676C6F62616C2064657374727563746F75
:1025F8007273206B6579656420746F200000000099
:102608007B6C616D62646100292300007B756E6ECE
:10261800616D65642074797065230000205B636CCC
:102628006F6E6520000000005B667269656E645D10
:1026380000000000747970656E616D65000000002F
:1026480074656D706C6174650000000020636C61D6
:1026580073730000207265717569726573200000DC
:1026680020726573747269637400000020766F6C61
:102678006174696C6500000020636F6E73740000FC
:10268800207472616E73616374696F6E5F736166E3
:1026980065000000206E6F65786365707400000047
:1026A800207468726F77000026260000205F436F51
:1026B8006D706C6578000000205F496D6167696E18
:1026C800617279003A3A2A00205F5F766563746F19
:1026D800722800007468697320000000282E2E2ECE
:1026E800000000002E2E2E2900000000202E2E2E85
:1026F8002000000024540000244E000024545400FC
:102708007374643A3A616C6C6F6361746F72000041
:10271800616C6C6F6361746F720000007374643A6B
:102728003A62617369635F737472696E670000006F
:1027380062617369635F737472696E670000000099
:102748007374643A3A737472696E67007374643AA6
:102758003A62617369635F737472696E673C636838
:1027680061722C207374643A3A636861725F7472A0
:10277800616974733C636861723E2C207374643AB7
:102788003A616C6C6F6361746F723C636861723E2E
:10279800203E00007374643A3A6973747265616D1F
:1027A800000000007374643A3A62617369635F6998
:1027B80073747265616D3C636861722C2073746414
:1027C8003A3A636861725F7472616974733C6368F2
:1027D80061723E203E00000062617369635F697345
:1027E800747265616D0000007374643A3A6F7374B3
:1027F8007265616D000000007374643A3A62617337
:1028080069635F6F73747265616D3C636861722C94
:10281800207374643A3A636861725F7472616974B0
:10282800733C636861723E203E0000006261736918
:10283800635F6F73747265616D0000007374643A4E
:102848003A696F73747265616D0000007374643A5D
:102858003A62617369635F696F73747265616D3C35
:10286800636861722C207374643A3A636861725FBA
:102878007472616974733C636861723E203E000043
:1028880062617369635F696F73747265616D00007B
:10289800614E0000263D0000615300003D0000002D
:1028A800616100006164000026000000616E0000A4
:1028B800616C69676E6F6620000000006177000038
:1028C800636F5F617761697420000000617A0000BE
:1028D80063630000636F6E73745F636173740000F9
:1028E80028290000636D00002C000000636F0000C1
:1028F8007E000000645600002F3D00006458000070
:102908005B2E2E2E5D3D00006461000064656C65E1
:1029180074655B5D200000006463000064796E618B
:102928006D69635F63617374000000006465000093
:102938002A00000064690000646C000064656C652E
:1029480074652000647300002E2A0000647400007F
:102958002E000000647600002F000000647800005C
:10296800654F00005E3D0000656F00005E000000DE
:10297800657100003D3D0000664C00006652000095
:10298800666C000066720000676500003E3D00004E
:1029980067730000677400003E0000005B5D000084
:1029A8006C5300003C3C3D003C3D00006C6900005D
:1029B8006F70657261746F72222220006C73000060
:1029C8003C3C00006C7400003C0000006D490000B5
:1029D8002D3D00006D4C00002A3D00006D6900008F
:1029E8002D0000006D6C00006D6D00002D2D0000A5
:1029F8006E6100006E65775B5D0000006E6500002B
:102A0800213D00006E740000210000006E77000078
:102A18006E6577006E7800006E6F65786365707418
:102A2800000000006F5200007C3D00006F6F000046
:102A38007C7C00006F7200007C000000704C00007D
:102A48002B3D0000706C00002B000000706D000032
:102A58002D3E2A00707000002B2B000070730000C0
:102A6800707400002D3E00003F000000724D000011
:102A7800253D0000725300003E3E3D007263000099
:102A88007265696E746572707265745F6361737480
:102A980000000000726D0000250000007273000045
:102AA8003E3E00007350000073697A656F662E2EF3
:102AB8002E000000735A0000736300007374617481
:102AC80069635F63617374003C3D3E00737400008A
:102AD80073697A656F662000737A0000747200006B
:102AE8007468726F77000000747700007468726F02
:102AF800772000007369676E6564206368617200FF
:102B0800626F6F6C00000000626F6F6C65616E0031
:102B1800636861720000000062797465000000005B
:102B2800646F75626C6500006C6F6E6720646F750A
:102B3800626C6500666C6F61740000005F5F666CB4
:102B48006F61743132380000756E7369676E656441
:102B58002063686172000000696E7400756E7369A5
:102B6800676E656420696E7400000000756E736995
:102B7800676E6564000000006C6F6E6700000000FF
:102B8800756E7369676E6564206C6F6E6700000010
:102B98005F5F696E7431323800000000756E7369CA
:102BA800676E6564205F5F696E74313238000000BB
:102BB80073686F7274000000756E7369676E656480
:102BC8002073686F72740000766F696400000000FB
:102BD80077636861725F74006C6F6E67206C6F6EEC
:102BE80067000000756E7369676E6564206C6F6EB0
:102BF80067206C6F6E670000646563696D616C3394
:102C080032000000646563696D616C363400000051
:102C1800646563696D616C313238000068616C66A7
:102C28000000000063686172385F74006368617255
:102C380031365F74000000006368617233325F747C
:102C4800000000005F466C6F617400007374643AA2
:102C58003A62666C6F617431365F7400000002037B
:102C680004050700000000000000000099030010A0
:102C780069040010BD030010650300107103001003
:102C88003D05001031050010290500102105001030
:102C9800FD040010F50400108503001089030010DE
:102CA80091030010E9040010950300108D03001033
:102CB8008904001061030010FDC3001001C4001056
:102CC800F9C3001005C4001009C40010000000007A
:102CD80000000000B903001079040010D9030010A7
:102CE800610400109D0300101104001000206244CC
:102CF8000000FA4207051214080000000000211025
:102D0800422063308440A550C660E770088129914D
:102D18004AA16BB18CC1ADD1CEE1EFF131121002F5
:102D280073325222B5529442F772D662399318839D
:102D38007BB35AA3BDD39CC3FFF3DEE362244334C1
:102D480020040114E664C774A44485546AA54BB5ED
:102D580028850995EEE5CFF5ACC58DD55336722695
:102D680011163006D776F6669556B4465BB77AA73D
:102D780019973887DFF7FEE79DD7BCC7C448E558E1
:102D88008668A7784008611802282338CCC9EDD98D
:102D98008EE9AFF9488969990AA92BB9F55AD44A35
:102DA800B77A966A711A500A333A122AFDDBDCCBDD
:102DB800BFFB9EEB799B588B3BBB1AABA66C877C01
:102DC800E44CC55C222C033C600C411CAEED8FFD2D
:102DD800ECCDCDDD2AAD0BBD688D499D977EB66ED5
:102DE800D55EF44E133E322E511E700E9FFFBEEF7D
:102DF800DDDFFCCF1BBF3AAF599F788F8891A9813F
:102E0800CAB1EBA10CD12DC14EF16FE18010A10028
:102E1800C230E3200450254046706760B983989318
:102E2800FBA3DAB33DC31CD37FE35EF3B102901278
:102E3800F322D2323542145277625672EAB5CBA5E4
:102E4800A89589856EF54FE52CD50DC5E234C324C8
:102E5800A01481046674476424540544DBA7FAB7B8
:102E68009987B8975FE77EF71DC73CD7D326F23618
:102E78009106B01657667676154634564CD96DC904
:102E88000EF92FE9C899E9898AB9ABA94458654868
:102E980006782768C018E1088238A3287DCB5CDB58
:102EA8003FEB1EFBF98BD89BBBAB9ABB754A545AB8
:102EB800376A167AF10AD01AB32A923A2EFD0FED24
:102EC8006CDD4DCDAABD8BADE89DC98D267C076C08
:102ED800645C454CA23C832CE01CC10C1FEF3EFFF8
:102EE8005DCF7CDF9BAFBABFD98FF89F176E367E58
:102EF800554E745E932EB23ED10EF01E0000D9439B
:102F08000000FA420907120A080000000000020344
:102F18000405070000000000000000007115001003
:102F2800E5150010F5150010DD15001055150010F9
:102F3800751500100040D4439A9999400000A040AC
:102F48000000FA421401102D0102400200000000A6
:102F580000002110422063308440A550C660E7700D
:102F6800088129914AA16BB18CC1ADD1CEE1EFF1B5
:102F78003112100273325222B5529442F772D6625D
:102F8800399318837BB35AA3BDD39CC3FFF3DEE305
:102F98006224433420040114E664C774A4448554AD
:102FA8006AA54BB528850995EEE5CFF5ACC58DD555
:102FB8005336722611163006D776F6669556B446FD
:102FC8005BB77AA719973887DFF7FEE79DD7BCC7A5
:102FD800C448E5588668A77840086118022823384D
:102FE800CCC9EDD98EE9AFF9488969990AA92BB9F5
:102FF800F55AD44AB77A966A711A500A333A122A9D
:10300800FDDBDCCBBFFB9EEB799B588B3BBB1AAB44
:10301800A66C877CE44CC55C222C033C600C411CEC
:10302800AEED8FFDECCDCDDD2AAD0BBD688D499D94
:10303800977EB66ED55EF44E133E322E511E700E3C
:103048009FFFBEEFDDDFFCCF1BBF3AAF599F788FE4
:103058008891A981CAB1EBA10CD12DC14EF16FE1C4
:103068008010A100C230E3200450254046706760FC
:10307800B9839893FBA3DAB33DC31CD37FE35EF314
:10308800B1029012F322D23235421452776256724C
:10309800EAB5CBA5A89589856EF54FE52CD50DC564
:1030A800E234C324A014810466744764245405449C
:1030B800DBA7FAB79987B8975FE77EF71DC73CD7B4
:1030C800D326F2369106B0165766767615463456EC
:1030D8004CD96DC90EF92FE9C899E9898AB9ABA904
:1030E8004458654806782768C018E1088238A3283C
:1030F8007DCB5CDB3FEB1EFBF98BD89BBBAB9ABB54
:10310800754A545A376A167AF10AD01AB32A923A8B
:103118002EFD0FED6CDD4DCDAABD8BADE89DC98DA3
:10312800267C076C645C454CA23C832CE01CC10CDB
:103138001FEF3EFF5DCF7CDF9BAFBABFD98FF89FF3
:10314800176E367E554E745E932EB23ED10EF01E2B
:103158000000D9439A9999400000A0400000FA4223
:103168000A00100000000000FFFFFFFFFFFFFF7FC5
:1031780006005250D3F075420C210210060052503E
:10318800E182887F14210210060052503ABCA9112E
:103198002421021006005250ABB3605328210210BC
:1031A80006005250BBFF3CB63021021006005250B8
:1031B800861C03023C210210060052505422A29D94
:1031C8005021021005005250DE65F468047D02109B
:1031D800000000000000F03F000000000000244054
:1031E80000000000000059400000000000408F402F
:1031F800000000000088C34000000000006AF8409A
:103208000000000080842E4100000000D0126341BD
:103218000000000084D797410000000065CDCD4133
:103228000D0A0000000000003566001000000000D4
:103238003966001045660010716600106D66001052
:10324800000000000A00000000000306A6000800B5
:10325800020002009C001400030057494E555342D7
:1032680000000000000000000000800004000100D1
:103278002800440065007600690063006500490085
:103288006E007400650072006600610063006500EE
:10329800470055004900440000004E007B006200D2
:1032A80063003700330039003800630031002D0017
:1032B80037003300630064002D00340063006200AF
:1032C80037002D0039003800620038002D00390021
:1032D8003100330061003800660063006100370088
:1032E8006200660036007D0000000000050F210026
:1032F800011C100500DF60DDD88945C74C9CD265EC
:103308009D9E648A9F00000306A60001000000003D
:103318000600525053B4F4A17421021000000000BA
:103328008821021098210210E0690220A0210210D1
:10333800AC21021009025400030100807D080B0033
:103348000202020000090400000102020004052430
:1033580000200105240100010424020605240600BA
:10336800010705810308001009040100020A000092
:10337800000705020240000007058202400000091C
:1033880004020000FF00010512011002EF020140D3
:103398008A2E09000001010203010000000000005C
:1033A800697F0010D97F0010098000105580001037
:1033B80015810010D58100100000000000000000F9
:1033C800CD82001029830010458300106983001006
:1033D800C96600105D840010000000001F00000096
:1033E800000000006034021000000000000000002F
:1033F80000000000000000000000000000000000C5
:1034080000000000000000000000000000000000B4
:1034180000000000000000000000000000000000A4
:10342800000000000000000000000000F9C30010C8
:10343800F9C30010FDC3001001C40010F9C3001047
:1034480005C4001009C400103131526164696F4C21
:10345800696248616C000000A83A021050340210FA
:103468000000FFFF000080000000000008000800C6
:103478000000000000000000E8030000FFFFFFFF5D
:10348800FFFFFFFFFFFFFFFFFFFFFFFFFFFFFFFF44
:103498000D0A526164696F4C696220496E666F0A51
:1034A80056657273696F6E3A202022372E372E3197
:1034B8002E30220D0A506C6174666F726D3A2022AC
:1034C80047656E65726963220D0A224A756E20315E
:1034D80037203230323622202230393A34313A31EC
:1034E8003122000000000000EC350210B9FF001086
:1034F800BDFF001095E30010FDD700102DD8001077
:103508000DDE0010F5DB001029DC001051E2001080
:103518004DDE001041E00010E1DF001089E50010E9
:103528001DE80010E5E40010FDD900103DDD001095
:103538006DDC001049E10010A1E000107567011072
:103548002DD90010856701105D670110BDD70010E7
:103558008D6701108D67011089D800105DD80010A3
:10356800A1670110A9670110B5670110B5670110BF
:10357800B967011065670110656701104D67011093
:10358800C16701104D6701104D670110C167011037
:103598008DD9001009E20010BDD80010FDD8001028
:1035A800DDD80010FDD80010DDD80010CD6701105F
:1035B800D567011055670110C1670110D96701105F
:1035C8004D670110B5D700100000D9439A9999406A
:1035D8000000A0400000FA420A00100034524636AB
:1035E800390000004C3B0210E4350210683A021022
:1035F8000000D9439A9999400000A0400000FA427F
:103608000A0010000000D9430000FA420907120A14
:1036180008000000000000002837021029080110E7
:103628002D0801102D360110152B01102D2E01101B
:103638006D2E0110A52101104968011045380110AF
:10364800F9670110E93201103D310110B134011060
:1036580069420110AD330110CDFF0010250A011099
:10366800652F0110450E0110912401102525011028
:103678006514011081090110B53A0110F5310110E6
:103688006911011085080110612701102D0A011028
:10369800B92701107D290110652B0110C9210110DE
:1036A800E928011045220110452401108D39011027
:1036B800413701102D2901108921011045280110D9
:1036C80095300110B5280110212601101928011084
:1036D800F927011019280110F927011019280110DC
:1036E800F927011019060110ED250110313C0110D0
:1036F800BD2E0110C12101103D080110590A011009
:10370800910A01109D010110750401106500011056
:10371800D1020110A120011036535831323736003A
:103728004C3B021020370210643802100000D943C5
:103738000000FA420907120A080000000000D943F5
:103748009A9999400000A0400000FA420A0010002F
:103758000000000064380210712101107521011069
:103768002D360110152B01102D2E01106D2E011074
:10377800A52101104968011045380110F9670110A9
:10378800E93201103D310110B134011069420110D4
:10379800AD330110B5090110250A0110652F01107C
:1037A800450E011091240110252501106514011002
:1037B80081090110B53A0110F531011069110110A4
:1037C80085080110612701102D0A0110B927011081
:1037D8007D290110652B0110C9210110E92801106C
:1037E80045220110452401108D390110413701107F
:1037F8002D2901108921011045280110953001104B
:10380800B52801102126011019280110F9270110E7
:1038180019280110F927011019280110F92701109A
:10382800810D0110ED250110313C0110BD2E011054
:10383800C12101103D080110590A0110910A011017
:10384800F9180110891A011035170110851C01108B
:10385800A120011036535831323738004C3B021042
:103868005C38021068390210000000006839021044
:10387800296701102D6701102D360110152B011035
:103888002D2E01106D2E0110A5210110496801107F
:1038980045380110F9670110E93201103D31011076
:1038A800B134011069420110AD3301106D67011088
:1038B8006D670110652F01105567011091240110E3
:1038C800252501107D67011085670110B53A0110A3
:1038D800F53101108D6701108D6701106127011006
:1038E800A1670110B92701107D290110652B01106E
:1038F800C9210110E92801104522011045240110B1
:103908008D390110413701102D290110892101102D
:103918004528011095300110B52801102126011005
:1039280019280110F927011019280110F927011089
:1039380019280110F927011055670110ED2501100C
:10394800313C0110BD2E0110C1210110852101104B
:1039580041260110BD210110365358313237780005
:103968004C3B021060390210683A02100000000057
:10397800683A021000000000000000003D670110D6
:103988004D670110E1670110556701104D6701107F
:103998004968011045670110F96701104D6701106A
:1039A8004D6701105D670110656701104D670110D3
:1039B8006D6701106D6701106D6701105567011083
:1039C80055670110756701107D6701108567011043
:1039D8005D670110656701108D6701108D67011023
:1039E8009D670110A1670110A1670110A967011067
:1039F800B5670110B5670110B96701106567011057
:103A0800656701104D670110C16701104D6701100E
:103A18004D670110C1670110C9670110CD6701101A
:103A2800D1670110CD670110D5670110CD6701106E
:103A3800D5670110CD670110D567011055670110D2
:103A4800C1670110D96701104D670110000000001F
:103A58003133506879736963616C4C6179657200C0
:103A6800A83A0210583A02104E31305F5F637878F6
:103A7800616269763131375F5F636C6173735F745C
:103A88007970655F696E666F450000004C3B0210F7
:103A9800703A0210803B021000000000943A0210B5
:103AA800797301108D730110D1750110D175011052
:103AB8000974011035730110ED730110A973011019
:103AC8006D7301104E395F5F676E755F637878328A
:103AD800307265637572736976655F696E69745F64
:103AE8006572726F724500004C3B0210CC3A0210AE
:103AF800983B021000000000F03A021075740110A3
:103B0800897401102D7801104E31305F5F63787829
:103B1800616269763132305F5F73695F636C6173CC
:103B2800735F747970655F696E666F4500000000A9
:103B38004C3B0210103B0210943A021000000000A7
:103B4800383B0210B1740110C5740110D175011011
:103B5800D17501100974011035730110A175011098
:103B68001D750110E1740110537439747970655F23
:103B7800696E666F00000000A83A0210703B0210E0
:103B8800537439657863657074696F6E000000005E
:103B9800A83A0210883B0210537431336261645FA3
:103BA800657863657074696F6E0000004C3B0210A5
:103BB800A03B0210983B02104E31305F5F6378786B
:103BC800616269763131355F5F666F726365645F24
:103BD800756E77696E644500A83A0210C03B021002
:103BE8004E31305F5F637878616269763131395F71
:103BF8005F666F726569676E5F6578636570746923
:103C08006F6E4500A83A0210E83B02100000000061
:103C1800B43B0210297801103D7801103578011065
:103C2800740000007C230210030000007C230210B3
:103C38000300000000000000000000006100000018
:103C4800082702100E000000082702100E000000CE
:103C58001827021009000000620000002427021043
:103C6800110000002427021011000000382702105C
:103C78000C00000073000000482702100B00000031
:103C88005427021046000000382702100C000000DC
:103C9800690000009C2702100C000000AC270210ED
:103CA80031000000E02702100D0000006F00000046
:103CB800F02702100C00000000280210310000005C
:103CC800342802100D00000064000000442802108F
:103CD8000D0000005428021032000000882802104D
:103CE8000E000000FC2A02100B000000FC2A021043
:103CF8000B00000000000000082B02100400000068
:103D0800102B02100700000007000000182B0210FB
:103D180004000000202B0210040000000000000036
:103D2800282B021006000000282B021006000000B5
:103D380008000000302B02100B000000302B02108E
:103D48000B000000080000003C2B021005000000DA
:103D58003C2B02100500000008000000442B021054
:103D68000A000000442B02100A00000008000000AE
:103D7800502B02100D000000502B02100D00000007
:103D880000000000602B021003000000602B0210EE
:103D98000300000001000000642B02100C0000006A
:103DA800742B021008000000020000000000000050
:103DB80000000000000000000000000000000000FB
:103DC800802B021004000000802B02100400000069
:103DD80003000000882B02100D000000882B021041
:103DE8000D00000004000000982B021008000000DD
:103DF800982B02100800000000000000A42B0210FD
:103E080011000000A42B02101100000000000000A7
:103E1800000000000000000000000000000000009A
:103E2800000000000000000000000000000000008A
:103E3800000000000000000000000000000000007A
:103E4800000000000000000000000000B82B021075
:103E580005000000B82B021005000000000000005B
:103E6800C02B02100E000000C02B02100E00000034
:103E7800000000000000000000000000000000003A
:103E88000000000000000000D02B02100400000019
:103E9800D02B02100400000009000000D82B0210EB
:103EA80007000000182B02100400000000000000AA
:103EB800E02B021009000000802B02100400000013
:103EC80005000000EC2B021012000000EC2B021081
:103ED8001200000006000000B425021003000000D4
:103EE800B42502100300000000000000002C02109E
:103EF80009000000002C021009000000000000006A
:103F08000C2C0210090000000C2C02100900000003
:103F180000000000182C02100A000000182C0210E3
:103F28000A00000000000000242C02100400000019
:103F3800242C021004000000080000002C2C0210A1
:103F4800070000002C2C02100700000000000000F1
:103F5800342C021008000000342C02100800000065
:103F680000000000402C021008000000402C021045
:103F7800080000000000000080230210110000006B
:103F88008023021011000000000000004C2C0210D9
:103F9800060000004C2C021006000000080000007B
:103FA800542C02100F000000542C02100F000000C7
:103FB80008000000982802109C2802100200000047
:103FC80002000000A0280210A4280210010000002E
:103FD80002000000A8280210B0260210020000000B
:103FE80002000000AC280210B028021001000000F6
:103FF80001000000B4280210B028021001000000DF
:1040080002000000502C0210B8280210080000001E
:1040180001000000C4280210C8280210090000008E
:1040280001000000D4280210B8280210080000007F
:1040380001000000D8280210DC2802100A00000045
:104048000200000064250210E828021002000000A7
:1040580002000000EC280210F02802100100000005
:1040680002000000F4280210F828021001000000E5
:1040780001000000FC2802100029021002000000C4
:10408800020000000429021008290210060000009E
:104098000300000010290210142902100900000072
:1040A8000100000020290210242902100C00000041
:1040B8000200000034290210382902100100000013
:1040C800010000003C290210A42802100100000091
:1040D80002000000402902104429021007000000D5
:1040E800010000004C2902105029021002000000B3
:1040F8000200000054290210582902100100000093
:10410800020000005C290210602902100100000072
:1041180002000000642902100C29021002000000AD
:1041280002000000682902106C2902100200000039
:10413800020000007029021074290210010000001A
:1041480002000000782902107C29021002000000F9
:104158000200000080290210B425021003000000AC
:104168000300000084290210B42502100300000097
:104178000300000088290210B42502100300000083
:10418800020000008C290210B42502100300000070
:104198000200000090290210942902100200000079
:1041A8000200000098290210A0230210020000005B
:1041B800010000009C290210A02902100100000043
:1041C8000200000068250210A42902100200000065
:1041D80002000000A8290210AC2902100300000008
:1041E80002000000C8200210B029021002000000DE
:1041F80002000000B4290210B82902100B000000C8
:1042080001000000C4290210C829021002000000A1
:1042180002000000CC290210D02902100100000081
:1042280002000000D4290210D82902100200000060
:1042380002000000DC290210E02902100200000040
:1042480002000000E4290210E82902100100000021
:1042580002000000EC2902103829021001000000B9
:1042680002000000F0290210F429021002000000E8
:1042780001000000F8290210FC29021005000000C6
:1042880003000000042A0210082A0210020000009D
:10429800020000004C1D0210E82902100100000075
:1042A800010000000C2A0210102A02100100000070
:1042B80001000000142A0210182A0210030000004E
:1042C800030000001C2A0210202A02100800000027
:1042D800010000002C2A0210302A021002000000FF
:1042E80002000000342A0210382A021002000000DE
:1042F800020000003C2A0210402A021001000000BF
:1043080002000000442A0210482A0210020000009D
:10431800020000004C2A0210502A0210010000007E
:1043280002000000542A0210582A0210030000005C
:10433800020000005C2A0210602A0210020000003D
:1043480001000000642A0210502A02100100000037
:1043580001000000682A02106C2A02100200000006
:10436800020000006C250210702A021001000000F3
:1043780003000000742A0210782A021002000000CC
:10438800020000007C2A0210802A021003000000AC
:1043980002000000842A0210882A0210100000007F
:1043A800020000009C2A0210A02A0210010000004E
:1043B80002000000A42A0210A82A0210020000002D
:1043C80002000000AC2A0210B02A02100900000006
:1043D80001000000BC2A0210B02A021009000000E7
:1043E80001000000C02A0210C42A02100B000000BD
:1043F8000200000058260210D02A02100300000014
:1044080002000000D42A0210D82A02100700000077
:1044180001000000E02A0210D82A0210070000005C
:1044280001000000E42A0210E82A0210050000003A
:1044380000000000F02A0210F42A02100600000012
:104448000100000000000000000000000000000063
:1044580000000000FC2602100027021004270210AA
:10446800002020202020202020202828282828203C
:104478002020202020202020202020202020202034
:10448800208810101010101010101010101010109C
:10449800100404040404040404040410101010108C
:1044A8001010414141414141010101010101010156
:1044B80001010101010101010101010110101010A8
:1044C8001010424242424242020202020202020228
:1044D800020202020202020202020202101010107C
:1044E80020000000000000000000000000000000A4
:1044F80000000000000000000000000000000000B4
:1045080000000000000000000000000000000000A3
:104518000000000000000000000000000000000093
:104528000000000000000000000000000000000083
:104538000000000000000000000000000000000073
:104548000000000000000000000000000000000063
:104558000000000000000000000000000000000053
:04456800000000004F
:10456C0008B10181B0B0008400000000C9030181D2
:10457C00B0B0AA8000000000C9040181B0B0AD80C9
:10458C0000000000C9030181B0B0AC800000000045
:10459C00C9040181B0B0AB800000000008B10181FA
:1045AC00B0B0008400000000C9040181B0B0AB8041
:1045BC0000000000C9030181B0B0AA800000000017
:1045CC00C9040181B0B0A98000000000C9080181B4
:1045DC00B0B0AF8000000000C9080181B0B0AF805E
:1045EC0000000000C90C0181B0B0AB8000000000DD
:1045FC00C9040181B000848000000000C90301815E
:10460C00B0B0AE8000000000C9030181B0B0AC8036
:10461C0000000000C9050181B0B0AA8000000000B4
:10462C00C9050181B0B0AC8000000000C90A01814D
:10463C00B0B0AF8000000000C90A0181B0B0AF80FB
:10464C0000000000C9030181B0B0AA800000000086
:10465C00C9090181B0B0AC8000000000C90401811F
:10466C00B0B0AD800000000008B10181B0B0008492
:10467C0000000000C9060181B0B0AD800000000050
:10468C00C9030181B0B0AA8000000000C9030181F8
:10469C00B0B0AA8000000000C9040181B0B0AD80A8
:1046AC000000000008B10181B0B0008400000000DF
:1046BC0008B10181B0B0008400000000C904018180
:1046CC00B0B0AB800000000079A8FF7F8408B10176
:1046DC00B0B0B000FF100D0104020608010100008B
:1046EC000000000008B10181B0B00084000000009F
:1046FC0008B10181B0B000840000000045A8FF7F24
:10470C00B0AA0100FF10290118303000006A049E85
:10471C000103702E0000BA0118E20100DC010E004A
:10472C00000200017D0000000000000060F4FFFFAB
:10473C0011A8FF7FA908B100FFFF010008B101819A
:10474C00B0B0008400000000F9A7FF7FB0AF1800E4
:10475C00FF1019011122EE050000F00604EE08010D
:10476C00FE06FC010000010000000000D5A7FF7F41
:10477C00B0AF0200FF1019010F320A3C0184013660
:10478C00C00100C80104000001000000000000008E
:10479C0008B10181B0B000840000000008B10181B3
:1047AC00B0B000840000000008B10181B0B00084FA
:0447BC0000000000F9
:1047C000387CFE7F01000000207EFE7FB0B0A88014
:1047D000447EFE7F01000000447EFE7FB0AF028079
:1047E0000C7FFE7FAF08B180A480FE7FB0AC058057
:1047F0004082FE7FB0A90880E883FE7FA908B180CF
:104800001084FE7FB0AC0580B085FE7FB0AA078023
:104810005087FE7FB0A90480B487FE7FB0A90680D0
:104820001089FE7FB0AB0680048CFE7FB0AF08809D
:10483000448EFE7FB0B0AA80608EFE7FB0AA058055
:10484000E88EFE7FB0B0AA80148FFE7F01000000CA
:10485000248FFE7FAB08B1805C8FFE7F01000000DB
:104860005C8FFE7FB0AB0480948FFE7FB0AA038084
:10487000EC8FFE7FF8FCFF7F1090FE7FB0B0A88029
:104880005C90FE7FB0B0AA807490FE7FB0B0AC8028
:104890009C90FE7FB0AD0480F490FE7FB0AB0480AE
:1048A0005C91FE7FD4FCFF7F4892FE7FB0AD048018
:1048B0004493FE7FB0AA0380B493FE7FC8FCFF7FC1
:1048C0007C94FE7FCCFCFF7F4495FE7FB0AA0380E2
:1048D0007C95FE7FB0AE03800897FE7FB0A9048070
:1048E0006097FE7FB0AA03802099FE7FB0B0AC80B5
:1048F0006099FE7FB0AD04809C9AFE7FA0FCFF7F94
:10490000E49BFE7FB0AB0480809CFE7FB0AD048052
:10491000E09DFE7FA908B1803C9EFE7FB0B0A880DC
:10492000889EFE7FB0AA0380F49EFE7FB0AB048019
:104930007C9FFE7FB0A90480989FFE7F010000004D
:10494000A09FFE7FB0A90480BC9FFE7FB0A803801B
:10495000D89FFE7FB0B0AC8000A0FE7FB0B0AA8030
:1049600018A0FE7FB0B0AC8058A0FE7FB0B0AA8087
:1049700078A0FE7FB0B0AC80B8A0FE7FB0B0AA80B7
:10498000D8A0FE7FB0AA0380F4A0FE7FB0AC038065
:104990003CA1FE7FB0AA038078A1FE7F0CFCFF7FC4
:1049A0009CA1FE7FB0B0AA80D0A1FE7FB0A90480F8
:1049B00000A2FE7FB0AA038040A2FE7FB0B0AA8012
:1049C00094A2FE7FF0FBFF7F84A7FE7FB0AA038046
:1049D000DCA7FE7FAB08B1804CA8FE7FB0AD0480A1
:1049E00010A9FE7FB0AF0480F0A9FE7FB0AC0380B9
:1049F00088AAFE7FB0AA0380E4AAFE7FB0AB048041
:104A000054ABFE7FA908B18060ABFE7FB0AC0380E1
:104A100068ACFE7FB0AB0480E4ACFE7FB0AA03803C
:104A20001CADFE7FB0AB04803CAEFE7FB0AA03801D
:104A300074AEFE7FB0A90680C8AEFE7F0100000004
:104A4000D0AEFE7FB0A9048020AFFE7F0100000041
:104A500028AFFE7FB0AE0380F4B0FE7FB0AE05801D
:104A600040B4FE7FB0AD06808CB4FE7FB0AD048054
:104A7000E8B4FE7FB0AA038004B5FE7FB0B0A88082
:104A80001CB5FE7FA908B18030B5FE7F0100000093
:104A90003CB5FE7FA880C980CCB5FE7F24FBFF7F9C
:104AA000FCB6FE7F28FBFF7F28B8FE7F2CFBFF7F34
:104AB000C4B9FE7F30FBFF7F60BBFE7F34FBFF7F0E
:104AC00054BDFE7FB0B0A88060BDFE7F0100000035
:104AD0006CBDFE7FB0B0A880ACBDFE7F20FBFF7F29
:104AE000A0BEFE7F01000000CCBEFE7FA880C98072
:104AF00034BFFE7F0100000060BFFE7FB0AA0380CC
:104B000090BFFE7F04FBFF7F78C2FE7FB0AB0C80BE
:104B100034C3FE7FB0AB048018C4FE7FB0B0A88061
:104B200024C4FE7FF0FAFF7F40C6FE7FB0AC098050
:104B300054C7FE7FB0AA0380B0C7FE7FB0AD04802B
:104B400024C9FE7F0100000078C9FE7FB0AD04805B
:104B500060CAFE7FB0AB048004CBFE7F0100000082
:104B600020CBFE7FB0AB0480CCCBFE7FB4FAFF7FBE
:104B700088CDFE7FB8FAFF7F10CFFE7FBCFAFF7FA3
:104B800004D1FE7FC0FAFF7F2CD3FE7FB0AA038042
:104B900080D3FE7FB0B0A88094D3FE7F01000000D8
:104BA000ACD3FE7FB0AA0380E0D3FE7FB0AE03801B
:104BB000F0D4FE7F9CFAFF7F7CD5FE7FB0AA0380F5
:104BC000B0D5FE7F01000000C0D5FE7F00840480C8
:104BD000D4D5FE7FB0A80180E4D5FE7F010000009F
:104BE000E8D5FE7FA880C9805CD6FE7FB0AF048088
:104BF00054D8FE7FA908B18098D8FE7FB0AB04805E
:104C000024D9FE7FB0AC0380E4D9FE7FB0B0A88089
:104C100030DAFE7FB0AD048048DBFE7FA908B180AA
:104C200098DBFE7FB0B0A880D0DBFE7FB0B0AA805A
:104C3000E8DBFE7FB0B0AC800CDCFE7FB0A8038068
:104C400074DCFE7FB0B0AC80A0DCFE7FB0B0A8808A
:104C50002CDDFE7F01000000BCDEFE7FB0A90480D9
:104C600004DFFE7FF8F9FF7FC4E1FE7FB0AA038076
:104C70004CE2FE7FB0AB0480ECE2FE7FECF9FF7FFC
:104C800014E4FE7FB0AB0480B4E4FE7FB0A90480DE
:104C900064E5FE7FB0AC038050E6FE7FB0AA0380DF
:104CA0000CE7FE7FB0AC038008E8FE7FB0AD048067
:104CB00090EAFE7FB0AB04808CEBFE7FB0AC03804B
:104CC000CCECFE7FB0AB0880ECEDFE7FB0AE038095
:104CD00060EFFE7FB0AF04807CF4FE7FA908B18056
:104CE000D8F4FE7FB0AC038080F5FE7FB0AB0480CB
:104CF00038F6FE7FB0AA03806CF6FE7FB0B0AC80C1
:104D000090F6FE7FB0B0AA80A8F6FE7FB0B0AC806F
:104D1000D4F6FE7FB0B0AA801CF7FE7FB0AA038055
:104D200038F7FE7FB0AC0380A4F7FE7FB0AA038003
:104D3000E0F7FE7F40F9FF7F04F8FE7FB0B0AA8065
:104D400038F8FE7FB0AB048098F8FE7FB0AC0380EB
:104D500010FAFE7FB0AB028070FBFE7FA908B18025
:104D6000B8FBFE7F1CF9FF7FFCFCFE7F010000000A
:104D700098FFFE7F18F9FF7FE002FF7F1CF9FF7F9D
:104D80002806FF7FB0AA03806406FF7FB0AB0480D3
:104D90009806FF7FB0AC03805007FF7FB0AA038066
:104DA000C007FF7FB0AB0480B808FF7FB0A90480C4
:104DB000D408FF7FB0A80380EC08FF7FB0AB04806D
:104DC000A009FF7FE0F8FF7F780AFF7FB0B0AA80DC
:104DD000B40AFF7FB0AC03809C0BFF7F0100000092
:104DE000580CFF7FB0AA0380900CFF7FB0A906800B
:104DF000E40CFF7FB0AC0380C40DFF7FB0B0A8808F
:104E0000280EFF7F01000000400EFF7FB0AD048040
:104E10005C0FFF7FB0A90480780FFF7FB0AD0480E6
:104E2000EC0FFF7FAB08B1804810FF7FB0AB048070
:104E30008410FF7F010000008C10FF7FB0AD048064
:104E40000C11FF7FB0AE0380D812FF7FB0AD06809B
:104E50002C15FF7FA908B1804015FF7FB0AA038001
:104E60005C15FF7F4CF8FF7F6815FF7F50F8FF7FD0
:104E70007415FF7FB0B0A8809415FF7FB0A904809F
:104E80000816FF7F44F8FF7F7817FF7FB0AB0480E0
:104E9000DC17FF7FB0AC03809018FF7F010000009B
:104EA0005819FF7FB0A80380EC19FF7F01000000B4
:104EB000641AFF7FB0AC0380DC1AFF7F01000000A2
:104EC000001BFF7FB0B0A880381BFF7F01000000EF
:104ED000C01BFF7FB0AA01805C1CFF7FB0AB0280CB
:104EE000041DFF7FB0B0AA804C1DFF7F01000000B1
:104EF000C01DFF7FB0B0A880401EFF7F01000000F2
:104F00003424FF7FB0AA03806424FF7F01000000E7
:104F10002425FF7FB0B0A8805425FF7F010000004A
:104F20008026FF7FB0B0AC80A426FF7F0100000088
:104F30001C29FF7FA0F7FF7F2429FF7F01000000CD
:104F40002C29FF7FACF7FF7F2C29FF7FB0F7FF7F75
:104F50003429FF7F010000004429FF7FB0B0A88002
:104F60007829FF7F01000000B429FF7FB0B0AA803C
:104F7000E429FF7FB0B0A8804C2AFF7F8CF7FF7F29
:104F80004C2BFF7F01000000989BFF7FB0AB02809D
:104F9000409CFF7F010000000C9DFF7FA0F7FF7F7A
:104FA000809DFF7F01000000109EFF7FB0B0AA80AF
:104FB000C89EFF7F94F7FF7F049FFF7FAB08B180FF
:104FC0008C9FFF7F90F7FF7F08A4FF7F0100000008
:104FD00074A4FF7FA4F7FF7F44A5FF7F01000000BA
:104FE00050C7FD0FB0A90280E0C7FD0FB0B0A88088
:104FF00030C8FD0F0100000038C8FD0FB0B0AA8016
:1050000070C8FD0FAF76B28044C9FD0F01000000EB
:1050100040C9FD0FAB3F3A80A4C9FD0F010000005D
:10502000B0C9FD0FB0B0AA80ECC9FD0F70F7FF7FCB
:1050300004CAFD0F01000000A4CAFD0FAC0FB2802E
:1050400024CBFD0FB0AF0880C8CDFD0F01000000DC
:10505000CCCDFD0FAC3F0380CCD0FD0F0100000094
:1050600098D2FD0FB0A80380A8D2FD0F0100000068
:10507000A4D2FD0FB0AD0480A4D5FD0FB0A803806D
:10508000C8D5FD0F24F7FF7FCCD5FD0F28F7FF7F94
:08509000D8D5FD0F010000005E
:105098007831021084310210903102109C310210D4
:1050A800A8310210B4310210C0310210CC31021004
:0450B8001833021097
:1050BC0038B5044602F0D8FA2368054603E02046CA
:1050CC0002F0BEFA2368EFF3108172B6D3E8CF0F6B
:1050DC0001220028FAD1C3E8402F0028F6D1BFF3F3
:1050EC005F8F63680133EAD1002322686560C2E8F0
:1050FC008F3F81F3108838BD38B504460368EFF351
:10510C00108572B6D3E8CF0F01220028FAD1C3E87C
:10511C00402F0028F6D1BFF35F8F63685A1C09D06B
:10512C0001B10B60002000232268C2E88F3F85F399
:10513C00108838BD02F098FA034601206360F2E74C
:10514C002DE9F0411F46044616460368EFF310881C
:10515C0072B6D3E8CF1F01220029FAD1C3E8412F40
:10516C000029F6D1BFF35F8F45686B1C0CD0002370
:10517C000268C2E88F3F88F3108802F075FAA842E3
:10518C000ED10020BDE8F08102F06EFA00232268F7
:10519C006060C2E88F3F88F310880120BDE8F08181
:1051AC0002F062FA804606E032463B46204602F0A8
:1051BC0037FA0028E5D12568EFF3108172B6D5E8EF
:1051CC00CF2F0123002AFAD1C5E8423F002AF6D19D
:1051DC00BFF35F8F63680133E6D100232268C4F804
:1051EC000480C2E88F3F81F31088D6E7F8B50F46EC
:1051FC00044602F019FA4FF47A7305464FF0FF3C5F
:10520C006FF00042E7FB0351AC4572EB01033ABF70
:10521C00654616460E4602F027FA074605E02A4672
:10522C003346204602F0FCF9D0B92368EFF3108125
:10523C0072B6D3E8CF0F01220028FAD1C3E8402F71
:10524C000028F6D1BFF35F8F63680133E7D10023E9
:10525C0022686760C2E88F3F81F310880120F8BD97
:10526C000020F8BD00B50268EFF3108172B6D2E8E9
:10527C00CFEF5FF0010CBEF1000FF8D1C2E84ECFBA
:10528C00BEF1000FF3D1BFF35F8F4FF0FF325DF82B
:10529C0004EB426002F0D0B9002108B5134B4FF477
:1052AC00707299601248D960196159619961D9611C
:1052BC00196259629962D962196359639963D96306
:1052CC00196459649964D964196559659965D965E6
:1052DC00196659669966D966196759679967D967C6
:1052EC0002F0B6F9034B044A1A6008BD00001050D6
:1052FC007CE2002048E60020800110502DE9F04FA0
:10530C001F4B85B0D3F858A0BAF1000F22D000245F
:10531C0001254FF4E069DFF870801A4F01E0202C72
:10532C0018D00AEA0502611C2346AB46CCB26D00CC
:10533C00002AF4D004F0010203F0FE06164407EB39
:10534C0046163046C8F858B000F008FC28B93AEABE
:10535C000B0AE4D105B0BDE8F08F00238DF80930BD
:10536C00B37801A88DF80830F38A0121ADF80490C8
:10537C00039300F011FC304600F096FBE7E700BF0A
:10538C00000011503CE2002000301150F0B5BB4B36
:10539C0085B0D3F8985015F4003674D0B84BB94C8E
:1053AC00996A94F83B30B84A022B116000F0D48013
:1053BC00002694F87B30022B00F03B8194F8BB3034
:1053CC00022B00F07D8194F8FB30022B00F06C81F5
:1053DC0094F83B31022B00F0448194F87B31022B82
:1053EC0000F0338194F8BB31022B00F0B68194F8B5
:1053FC00FB31022B00F0A68194F83B32022B00F01B
:10540C00968194F87B32022B00F0868194F8BB32A3
:10541C00022B00F0768194F8FB32022B00F06681AF
:10542C0094F83B33022B00F0568194F87B33022B1B
:10543C0000F0A48094F8BB33022B00F0998194F80F
:10544C00FB33022B00F0B4803EB9904B1B7823B990
:10545C004FF400328E4BC3F890204FF44072874BC0
:10546C0001219B6C01A8C3F30A03ADF8042002933D
:10547C0000F092FBEA064FF40036864C07D5FFF796
:10548C003DFF264603E0EA064FF01004F7D4EB0389
:10549C0022D57C4C46F48036A37E002B40F09980BC
:1054AC00012394F83A20E370002A40F0AD800123E8
:1054BC004FF4C061784A84F82330ADF8041092E8B8
:1054CC00030004AA02E90300194601A800F064FBDA
:1054DC004FF400326E4B1A65E90408D46A041DD4EB
:1054EC002B042AD4AE4240F0C58105B0F0BD002497
:1054FC00624B46F480561C60FFF7CEFE4FF480736F
:10550C00012101A8ADF804308DF8084000F044FBEF
:10551C004FF400225E4B1A656A04E1D54FF48063A8
:10552C00012101A8ADF8043000F036FB1022584BD5
:10553C0046F480461A652B04D4D54FF4A0630121A0
:10554C0001A8ADF8043000F027FB4FF40062504B7B
:10555C0046F400461A65C5E794F83A60002E3FF40D
:10556C0028AF94F83C30002B3FF423AF002304F118
:10557C00200084F83C3000F0BFFA1AE794F87A73F4
:10558C00002F3FF457AF94F87C33002B40F064812C
:10559C0094F8BB33022B40F0F48094F8BA33002B10
:1055AC0040F0EB8094F8FB33022B7FF456AF3E4671
:1055BC0094F8FA33002B3FF447AF94F8FC33002BEC
:1055CC003FF44BAF0023354884F8FC3300F094FAD9
:1055DC0043E70221324B294A1966536E9F07FCD5CB
:1055EC004FF440520021274800F064FA254800F09F
:1055FC005BFA0222264B5A661A66012394F83A206B
:10560C00E370002A3FF453AF254A1366A2F500520B
:10561C00536ED807FCD54FF440520021214800F0BE
:10562C0049FA204800F040FA0122194B5A661A66D2
:10563C003DE794F87A70002F3FF4C0AE94F87C30BC
:10564C00002B40F001813E46B8E694F87A71002FA9
:10565C003FF4C8AE94F87C31002B40F0ED803E4610
:10566C00C0E694F83A71002F3FF4B7AE94F83C3191
:10567C00002B40F0D9803E46AFE600BF0000115031
:10568C0000000B403CE2002020E20020576B02207F
:10569C000030115010000200000010501CE60020D9
:1056AC00002011505CE2002094F8FA70002F3FF4B7
:1056BC008FAE94F8FC30002B40F08E803E4687E68F
:1056CC0094F8BA70002F3FF47EAE94F8BC30002BE7
:1056DC007AD13E4677E694F83A73002F3FF4A5AEA4
:1056EC0094F83C33002B57D13E469EE694F8FA7260
:1056FC00002F3FF495AE94F8FC32002B5CD13E4663
:10570C008EE694F8BA72002F3FF485AE94F8BC3252
:10571C00002B49D13E467EE694F87A72002F3FF476
:10572C0075AE94F87C32002B76D13E466EE694F83A
:10573C003A72002F3FF465AE94F83C32002B63D1E3
:10574C003E465EE694F8FA71002F3FF455AE94F89D
:10575C00FC31002B50D13E464EE694F8BA71002F26
:10576C003FF445AE94F8BC31002B3DD13E463EE6AD
:10577C0094F8BA33002B3FF462AE94F8BC33002B90
:10578C0071D194F8FB33022B7FF467AE94F8FA33A3
:10579C00002B3FF462AE10E70023394884F83C3309
:1057AC003E4600F0A9F940E60023364884F8BC32A6
:1057BC003E4600F0A1F92EE60023334884F8FC3273
:1057CC003E4600F099F92BE60023304884F8BC30B3
:1057DC003E4600F091F9F6E500232D4884F8FC30A4
:1057EC003E4600F089F9F3E500232A4884F8BC31E1
:1057FC003E4600F081F9FAE50023274884F8FC3195
:10580C003E4600F079F9F7E50023244884F83C3251
:10581C003E4600F071F9F4E50023214884F87C320F
:10582C003E4600F069F9F1E500231E4884F83C314E
:10583C003E4600F061F9D0E500231B4884F87C312A
:10584C003E4600F059F9CDE50023184884F87C3029
:10585C003E4600F051F9B1E50023154884F87C333D
:10586C0000F04AF994E60023124884F8BC3300F0A7
:10587C0043F986E7104886EA050101F0CDFE00BF2A
:10588C005CE50020DCE400201CE50020DCE20020CC
:10589C001CE30020DCE300201CE400205CE400207E
:1058AC009CE400205CE300209CE300209CE20020B0
:1058BC009CE50020DCE50020B42102102DE9F04726
:1058CC00828A048B03469442C07828BF1446061E75
:1058DC0018BF012680F00100121B5D78D87092B2BF
:1058EC0044F480609A8240EA4630A5BBD3E9036554
:1058FC0004F1FF3806EB81174CB3B8F1050F31D921
:10590C007E1B013E022EBC462A462BD94FEA940937
:10591C004FEA890A05EB890652F804EBB2424CF8BF
:10592C0004EBF9D15445A8EB0A0607EB0A0C0CD092
:10593C0015F8295007F829503EB15578012E8CF8EE
:10594C00015002D092788CF802201D699A8A254465
:10595C001D6140F400400AB940F4804001B10004DC
:10596C00BDE8F0877A1E2F1915F8016BBD4202F8BD
:10597C00016FF9D1E9E700BF83680246186801B1ED
:10598C00000C5378C0F30900002B3CD02DE9F041FA
:10599C00D2E90334461E03EB811E40B3052E3BD9DE
:1059AC0089014D1C1D44651B022DA44634D9734638
:1059BC0000F47F774FEA9008FD1853F8041BAB42B4
:1059CC004CF8041BF9D1B842A6EB070604EB07030D
:1059DC000EEB07010AD01EF8285004F828502EB1FF
:1059EC004C78012E5C7001D0897899701469D38A37
:1059FC0004440344D382138B1461834284BF002379
:105A0C009382BDE8F081D38A0344D382138B834203
:105A1C0084BF002393827047013C0EEB00011EF8FB
:105A2C00013B8E4504F8013FF9D1DFE710B5044680
:105A3C00836800211B68FFF79FFF63681B685B008E
:105A4C0002D5238B834200D010BD2046BDE8104008
:105A5C000121FFF791BF00BF084B1B6C13F0020331
:105A6C0002D18278D20901D100207047C07EA0F10A
:105A7C000200B0FA80F04009704700BF00001150DE
:105A8C0008B5FFF7E9FF50B1054A064B906A1B6851
:105A9C00A0F54870C01AC6288CBF0020012008BD94
:105AAC0000000B4020E200200023C0E90433837681
:105ABC00704700BF10B5836809B11C68214082B1E2
:105ACC00114352050DD51A6854050CD4084A21F41B
:105ADC0080641C60126C920703D40C23033BFDD230
:105AEC008368196010BD8178024801F095FD00BFF4
:105AFC0000001150C821021030B54368002183B05A
:105B0C0004461D68FFF7DAFE134B40F48052196C03
:105B1C00A37889070ED55B060ED025F0A04545F07D
:105B2C0000550021204663681D6003B0BDE830407D
:105B3C00FFF7C0BFDB09F0D0A38A002BEDD0012109
:105B4C0020460192FFF7BAFE019A25F00055024358
:105B5C0045F0A045E5E700BF0000115038B5857E43
:105B6C00044695B1FFF762FFA38A0BB9284638BDEE
:105B7C002046FFF785FF20B1012323770025284617
:105B8C0038BD2046FFF7B8FFF8E78178014801F0EF
:105B9C0043FD00BFE82102102DE9F0434378814614
:105BAC00023B0D4685B0042B13D8DFE803F0034A03
:105BBC006A73440000217B4B1A7822F001021A70A0
:105BCC001A7822F002021A7059701A7861F3820264
:105BDC001A70754B1C686369EFF3108272B6D3E8C8
:105BEC00CF0F01210028FAD1C3E8401F0028F6D1BD
:105BFC00BFF35F8FA2614946204601F019FD0023D7
:105C0C006269C2E88F3FA36983F3108848B94FF0EB
:105C1C00E023D3F8F03DDB070AD500BE05B0BDE8A4
:105C2C00F0832A4699F8011099F8000001F014FD50
:105C3C0005B0BDE8F0835D4A13780133DBB2137015
:105C4C00C7E700245A4E23463178DFF86C81594F50
:105C5C0011E03B6813EB441307D0DB692BB1D9F887
:105C6C00041099F80000984731780134E4B24A1CCA
:105C7C00A242234617DBA142EBD85B1A08EB431375
:105C8C00EBE7484B1A78D607D2D51A7842F00402C3
:105C9C001A709EE7434B1A78D407C9D51A7822F0AC
:105CAC0004021A7095E73F4C237858073AD4E378EE
:105CBC00DA07BDD5032300263B4A99F80010146877
:105CCC00D9F804208DF804108DF805306369CDF8EF
:105CDC000660CDF80A60ADF80E600292EFF3108208
:105CEC0072B6D3E8CF0F01210028FAD1C3E8401FC8
:105CFC000028F6D1BFF35F8F2046A26101A901F005
:105D0C0097FC6369C3E88F6FA36983F3108800283D
:105D1C003FF47DAF2A469DF805109DF8040001F074
:105D2C009BFC85E72378002723F0040323700523CD
:105D3C001D4A8DF80530166899F80020ADF80E70E4
:105D4C008DF804207369CDF80670CDF80A70EFF366
:105D5C00108272B6D3E8CF0F01210028FAD1C3E824
:105D6C00401F0028F6D1BFF35F8F3046B26101A906
:105D7C0001F05EFC7369C3E88F7FB36983F310880D
:105D8C0038B94FF0E023D3F8F03DD9078FD500BEDA
:105D9C008DE72A469DF805109DF8040001F05CFC87
:105DAC0085E700BFC8DD002020DE0020586B0220F4
:105DBC00566B0220F8DB0020A433021070B51D4690
:105DCC0084461C4615B3C4B1DCF80C6004F1080E13
:105DDC00B60706D5754533D211F8010B013CCCF84A
:105DEC000800DCF80C004007EDD5DCF80860013D3C
:105DFC0002F8016B002DE6D108E0DCF80C607607A8
:105E0C00F3D4DCF80C607607EFD4F6E76CB1DCF871
:105E1C000C209007FBD514F1080F08D011F8012BBA
:105E2C00013CCCF80820002CF1D1184670BDDCF8F0
:105E3C000C209207EBD5DCF80C209207F7D4E6E7A0
:105E4C00DCF80C004007D0D4BEE700BF08B52DED40
:105E5C00028B08EE100A00F01DF8B4EE488AF1EE41
:105E6C0010FA06D6DFED0A8AB4EEE88AF1EE10FAE3
:105E7C0002D4BDEC028B08BD01F0FAFBC8EEA87A87
:105E8C00034621221A60BDEC028B17EE900A08BD66
:105E9C000000000007EE900AF1EEE77A17EE900A88
:105EAC00704700BF81F0004102E000BF83F0004367
:105EBC0030B54FEA41044FEA430594EA050F08BF99
:105ECC0090EA020F1FBF54EA000C55EA020C7FEA5D
:105EDC00645C7FEA655C00F0E2804FEA5454D4EBDA
:105EEC005555B8BF6D420CDD2C4480EA020281EAA4
:105EFC00030382EA000083EA010180EA020281EADC
:105F0C000303362D88BF30BD11F0004F4FEA01312D
:105F1C004FF4801C4CEA113102D0404261EB41013C
:105F2C0013F0004F4FEA03334CEA133302D05242C2
:105F3C0063EB430394EA050F00F0A780A4F101047E
:105F4C00D5F1200E0DDB02FA0EFC22FA05F28018B8
:105F5C0041F1000103FA0EF2801843FA05F359419E
:105F6C000EE0A5F120050EF1200E012A03FA0EFC1D
:105F7C0028BF4CF0020C43FA05F3C01851EBE37147
:105F8C0001F0004507D54FF0000EDCF1000C7EEB64
:105F9C0000006EEB0101B1F5801F1BD3B1F5001FA2
:105FAC000CD349085FEA30004FEA3C0C04F10104C1
:105FBC004FEA445212F5800F80F09A80BCF1004FEA
:105FCC0008BF5FEA500C50F1000041EB045141EA6C
:105FDC00050130BD5FEA4C0C404141EB0101013C35
:105FEC0028BFB1F5801FE9D291F0000F04BF014624
:105FFC000020B1FA81F308BF2033A3F10B03B3F1F6
:10600C0020020CDA0C3208DD02F1140CC2F10C0285
:10601C0001FA0CF021FA02F10CE002F11402D8BFE3
:10602C00C2F1200C01FA02F120FA0CFCDCBF41EAAF
:10603C000C019040E41AA2BF01EB0451294330BD7E
:10604C006FEA04041F3C1CDA0C340EDC04F114045B
:10605C00C4F1200220FA04F001FA02F340EA030032
:10606C0021FA04F345EA030130BDC4F10C04C4F178
:10607C00200220FA02F001FA04F340EA0300294658
:10608C0030BD21FA04F0294630BD94F0000F83F4A2
:10609C00801306BF81F480110134013D4EE77FEA85
:1060AC00645C18BF7FEA655C29D094EA050F08BFD1
:1060BC0090EA020F05D054EA000C04BF19461046B2
:1060CC0030BD91EA030F1EBF0021002030BD5FEAF6
:1060DC00545C05D14000494128BF41F0004130BD1E
:1060EC0014F580043CBF01F5801130BD01F0004572
:1060FC0045F0FE4141F470014FF0000030BD7FEAE5
:10610C00645C1ABF194610467FEA655C1CBF0B46DF
:10611C00024650EA013406BF52EA033591EA030FF6
:10612C0041F4002130BD00BF90F0000F04BF0021EE
:10613C00704730B54FF4806404F132044FF0000521
:10614C004FF0000150E700BF90F0000F04BF00219A
:10615C00704730B54FF4806404F1320410F0004500
:10616C0048BF40424FF000013EE700BF42004FEAFB
:10617C00E2014FEA31014FEA02701FBF12F07F4378
:10618C0093F07F4F81F06051704732F07F4208BF2F
:10619C00704793F07F4F04BF41F40021704730B536
:1061AC004FF4607401F0004521F000411CE700BF82
:1061BC0050EA010208BF704730B54FF000050AE005
:1061CC0050EA010208BF704730B511F0004502D506
:1061DC00404261EB41014FF4806404F132045FEA08
:1061EC00915C3FF4D8AE4FF003025FEADC0C18BFB1
:1061FC0003325FEADC0C18BF033202EBDC02C2F1A3
:10620C00200300FA03FC20FA02F001FA03FE40EA34
:10621C000E0021FA02F11444BDE600BF7BB972B93D
:10622C000029BEBF00204FF0004106E008BF002847
:10623C001CBF6FF000414FF0FF3001F0EBB9ADF136
:10624C00080C6DE904CE002909DB002B1ADB00F0E9
:10625C004DF8DDF804E0DDE9022304B0704740425C
:10626C0061EB4101002B1BDB00F040F8DDF804E092
:10627C00DDE9022304B0404261EB4101524263EB81
:10628C0043037047524263EB430300F02FF8DDF8F1
:10629C0004E0DDE9022304B0404261EB41017047A8
:1062AC00524263EB430300F021F8DDF804E0DDE932
:1062BC00022304B0524263EB4303704753B94AB90B
:1062CC00002908BF00281CBF4FF0FF314FF0FF30F2
:1062DC0001F0A0B9ADF1080C6DE904CE00F006F8A0
:1062EC00DDF804E0DDE9022304B070472DE9F04F3E
:1062FC008C46099E04460F46002B48D18A4215460F
:10630C005ED9B2FA82F33BB1C3F120029F409D40AB
:10631C009C4020FA02F217434FEA154E1FFA85FCF7
:10632C00220CB7FBFEF10EFB117701FB0CF042EADD
:10633C000742904207D9AA1801F1FF3702D29042C6
:10634C0000F258813946121AA4B2B2FBFEF00EFBD1
:10635C00102200FB0CFC44EA0244A4450BD92C1976
:10636C0000F1FF322CBF01270027A44502D9002FD2
:10637C0000F04381104640EA0140A4EB0C040021DC
:10638C001EB1DC400023C6E90043BDE8F08F8B4210
:10639C0006D90EB1C6E9000100210846BDE8F08F10
:1063AC00B3FA83F1002951D16345C0F016818242C2
:1063BC0040F213810846002EE7D0C6E90047E4E717
:1063CC00002A00F0AF80B2FA82F3002B40F0C280BA
:1063DC008A1A4FEA154EAFB20121200CB2FBFEFC1B
:1063EC000EFB1C2240EA024207FB0CF090420ED935
:1063FC00AA180CF1FF382CBF4FF001094FF000091F
:10640C00904203D9B9F1000F00F0F080C446121A83
:10641C00A4B2B2FBFEF00EFB102200FB07F744EA1D
:10642C000244A7420ED92C1900F1FF322CBF4FF0B9
:10643C00010E4FF0000EA74203D9BEF1000F00F081
:10644C00D2801046E41B40EA0C4099E7C1F12005CC
:10645C008B400CFA01F400FA01F922FA05F72CFA38
:10646C0005FC8A401F4320FA05F3380C23431FFA1E
:10647C0087FE1C0CBCFBF0F800FB18CC44EA0C4467
:10648C0008FB0EFCA4450ED93C1908F1FF3A2CBFB1
:10649C004FF0010B4FF0000BA44503D9BBF1000FDB
:1064AC0000F0B880D046A4EB0C041FFA83FCB4FBBC
:1064BC00F0F300FB134403FB0EFE4CEA0444A64528
:1064CC000ED93C1903F1FF302CBF4FF0010C4FF0EB
:1064DC00000CA64503D9BCF1000F00F09F800346C9
:1064EC0043EA0840A4EB0E04A0FB02EC644573469F
:1064FC00E04602D307D1F14505D2BEEB02036CEBAB
:10650C00070C0138E0465EB1B9EB030264EB0804FA
:10651C0004FA05F522FA01F3CC401D43C6E90054F8
:10652C00002132E742082F464B08AC4642EAC172C2
:10653C00AE46C407110C92B241EA034142EA014251
:10654C00B1FBF5F1B3FBF5F01F23A2EB0C0241EA12
:10655C00004142E79D40C3F1200299409C402CFA37
:10656C0002FC4FEA154E20FA02F2AFB2BCFBFEF869
:10657C000A430EFB18CC110C41EA0C4108FB07FC3A
:10658C008C4550D9691808F1FF302CBF4FF0010928
:10659C004FF000098C4502D9B9F1000F30D0A1EBB6
:1065AC000C01B1FBFEF808FB07FC0EFB181192B2B4
:1065BC0042EA0142624534D2AA1808F1FF312CBFDD
:1065CC004FF001094FF000096245BED2B9F1000F3E
:1065DC00BBD1A8F102012A44B7E7841A6CEB030281
:1065EC0001201746E7E62C4402382BE7ACF1020CED
:1065FC002A440CE702392A44A5E62C440238BAE6B0
:10660C00A5EB0C0CA8F102006144B1FBFEF808FBF1
:10661C0007FCCAE7A8F102083C4444E7023B3C44AF
:10662C005EE7414691E7A1EB0C014046B1FBFEF859
:10663C0008FB07FCB9E700BF03685A004CBF43F0E6
:10664C00004323F000431844704700BF2DE9F04786
:10665C0029B301F1FF3A8046914600255646A91907
:10666C0048BF0131491008EBC107CC003846FFF791
:10667C00E3FF8A450DD00834484508EB04000AD8DE
:10668C00FFF7DAFF01384D1C4845E8D33846BDE822
:10669C00F0874845FAD98D4201F1FF36DFD100274A
:1066AC003846BDE8F08700BF012806D0022802D08A
:1066BC0028B90448704704487047044870470020C4
:1066CC00704700BF111E0020191E0020151E00204F
:1066DC00224B30B5044683B08D1E43B301A9284626
:1066EC00AFF30080F0B101992A46FFF7AFFF0146E6
:1066FC00C0B1FFF7A1FFA0644B68012B2AD0002B7F
:10670C0001F1040024DBFFF797FF002323650368E6
:10671C00E064002B11DBFFF78FFF034600202361A1
:10672C0003B030BD00230920236103B030BD0C48F9
:10673C000C49091AC9100191D6E7C3F30360FFF79E
:10674C00B3FF031E0CBF09200020236103B030BD32
:10675C000123DBE700230520E1E700BF0000000078
:10676C00C0470210985002100368DA0710B50446AF
:10677C0006D49B0700F1500009D500F0B7FC236844
:10678C00590709D51A070ED5DB0613D510BD00F035
:10679C00A5FC23685907F5D404F1D80000F0AEFC31
:1067AC0023681A07F0D404F5AC7000F0AFFC236832
:1067BC00DB06EBD404F5EC70BDE8104000F0EABC4D
:1067CC000346006800B11844704700BF704700BF13
:1067DC0070B504460E46316C2046FFF779FF05462E
:1067EC0098B9D6F840C03246236921460120C4F836
:1067FC0014C098470828EED0072806D12846316CDB
:10680C00FFF7E4FF301D00F05DFC00F029FF00BF36
:10681C002DE9F04F0F1DADF5777DD0F80C900646A5
:10682C00D0F818A014460DF10C0C02AD4FF0000E70
:10683C000DF5F8780FCFACE80F000FCFACE80F00D8
:10684C000FCFACE80F0097E80F00C5F800E08CE81C
:10685C000F0021E02B6C4FF4F47229464046736113
:10686C0000F00EFF336942463146584698472146A0
:10687C00D8F83840074633463246AC640120CDE99F
:10688C00005AC847044618BB4FF4F47241462846D8
:10689C0000F0F6FE082F19D10934296C3046FFF7A9
:1068AC0017FF07465FFA84FB0028D3D0AC6B334646
:1068BC0032464BF01001AC640120CDE9005AC847B8
:1068CC0030B938460DF5777DBDE8F08F072F05D030
:1068DC00092738460DF5777DBDE8F08F2046296CE9
:1068EC00FFF774FF03A800F0EDFB00BF806C70474E
:1068FC00F0B5CB6BFBB001F1040C0F460B6401AC93
:10690C0005464FF0FF3E6E46BCE80F000FC4BCE8D6
:10691C000F000FC4BCE80F000FC49CE80F00CDF8AB
:10692C0000E084E80F0006E02B69324629469847C0
:10693C000828044608D1316C2846FFF7C9FE002808
:10694C00F2D009207BB0F0BD3046FFF70DFF062CCE
:10695C00F7D139462846FFF73BFF00BFC160194607
:10696C0082610022D3F83CC0C3F840C050E700BF9E
:10697C00436970B50B64C668AEB903690A46044630
:10698C000D46014602209847072805D008280FD14C
:10699C0029462046FFF71CFF3046296CFFF716FFEF
:1069AC00281D00F08FFB0122FFF732FF00F058FE8C
:1069BC0000F056FEC26808B53AB1D1F83CC00022CE
:1069CC00BDE80840C1F840C022E7FFF791FF09205D
:1069DC0008BD00BF704700BF836801460BB10120A2
:1069EC0018477047052915D8DFE801F00A0314038E
:1069FC00030501207047436C0020009A1360704718
:106A0C0043B90F2A06D800EB820200205368009A83
:106A1C00136070470220704710B584B000230A46FB
:106A2C0003AC19460094FFF7DDFF039804B010BDCA
:106A3C00052915D8DFE801F00A031403030501202A
:106A4C007047009B1B6843640020704743B90F2AB2
:106A5C0006D8009B00EB820200201B685360704735
:106A6C000220704710B584B0002303AC03920A4691
:106A7C0019460094FFF7DCFF04B010BD2DE9F0417E
:106A8C00D36BADF5107D141D804613640DF15C0CB9
:106A9C000F4616AD4FF0FF3E6E460FCCACE80F0024
:106AAC000FCCACE80F000FCCACE80F0094E80F0053
:106ABC00C5F800E08CE80F0010E0FFF7D3FF394673
:106ACC002846C04703462A463146082083B9336915
:106ADC009847052804460CD009280AD0296C304662
:106AEC00FFF7F6FD034632460C212846002BE4D076
:106AFC0009242846FFF738FE20460DF5107DBDE829
:106B0C00F08100BF2DE9F04F1646CA6C89B00D46D6
:106B1C0052F8041B00F0030C0692E3B10C0C0904B0
:106B2C008DF81D40E4B20591022102EB8402BCF108
:106B3C00020F8DF81C10296D08BFAA6B11F001080B
:106B4C000FD005A9304600F0B5FB002861D1082014
:106B5C0009B0BDE8F08F09028DF81D3005910321B5
:106B6C00E5E71768002FECD000F00801BB469A4609
:106B7C0067460191CDF80880BAF1020F4DD0B2F8FA
:106B8C0000B002F10409548824F00102AB6C6400DB
:106B9C000F2102EB03083046FFF73EFF04F002041E
:106BAC000BF00103804543EA04032CD82BF0010BB6
:106BBC00012BC34468D0022B41D053BB17B1834582
:106BCC0000F2D08009F10402D2F800B0BBF1000F42
:106BDC00D2D105A93046DDF8088000F06BFBC0B9B6
:106BEC00B8F1000FB3D00F213046FFF715FF0E217F
:106BFC0002463046FFF736FF6C4A0F213046FFF74E
:106C0C0031FF0720A4E7012B3AD0022B09D0002B2F
:106C1C00D8D0092009B0BDE8F08F546802F10809FA
:106C2C00B2E7D9F8004024F0004877B9002C01DA1B
:106C3C0009F1040908F1010309EB8302C4E7D9F84F
:106C4C00004024F00048002F61D0D5F820B00D2171
:106C5C003046FFF7E1FE8345E8D1AA6A9145E5D1BC
:106C6C0000240422C5F82880C5E90B424A446A6313
:106C7C00D9F80020A242C0F2938001230293D9E7F5
:106C8C001FB909F108029FE7BFB12C6A0D213046EC
:106C9C00FFF7C2FE8442F4D1AB6A9945F1D1484664
:106CAC00FFF7CAFC0F2102463046FFF7DBFE2A46EF
:106CBC0000213046FFF7D6FEA3E78345E1D9D9F88A
:106CCC000430D9F80020991C4FEAD272A1D005F1FA
:106CDC005804013304945CD009F10400FFF770FDF3
:106CEC0004AB0146284600F0AFFC0028C9D004468E
:106CFC000D213046049EFFF78FFE022C286202D134
:106D0C00EE6205F12C060620C5E9096920E78345EA
:106D1C008CD9019B13B1B8F1000F87D105F1580341
:106D2C00039709F1040B00241F460CE0584600227F
:106D3C000497FFF745FD04AB014628460BF1040B05
:106D4C0000F082FC08BB444504F10104EED10D2196
:106D5C003046FFF761FE049B024606202A62C5E915
:106D6C000939F5E64846FFF767FC09F104020446C9
:106D7C002846AA6300F080FC00283FF44AAF224664
:106D8C000F213046FFF76EFE3BE7039FD9F800401A
:106D9C004CE730460D21FFF73FFE26462862B2E74E
:106DAC0008F1010209EB82007AE700BF45F40110FB
:106DBC000023A7E60123A5E60223A3E62DE9F04173
:106DCC000546C4B01446052904D8DFE801F0122B9F
:106DDC00036B9107022044B0BDE8F081836B002C5B
:106DEC00F8D153F8042B42648363002044B0BDE80F
:106DFC00F081002BEED11FFA84FC806B01262F1D35
:106E0C0006FA03F1024611EA0C0F04D052F8041BE7
:106E1C00104647F823100133102BF1D1A404E4D40D
:106E2C00A863E2E703F0FB02260CA4B2012AD1D13D
:106E3C00012B06EB040200F0B880202ACAD80F2ED2
:106E4C007BD9002CD1D002680193510700F10B8142
:106E5C0002AF384600F056F9D5F838C0019B102E19
:106E6C0031464FEA4404604638BF102104F1FF3E1E
:106E7C0007EBC1017246843950F8044B013A41F8D2
:106E8C00044F541CF8D10CF1040C012B0CEB8E02AA
:106E9C0000F0C3800F2EAA6340F2C880384600F081
:106EAC002DF9A2E7032B95D11FFA84F8260C08EBD9
:106EBC001444102C8ED80368180700F19B8022AF65
:106ECC00384600F045F9AC6B4FEA480107EBC603B6
:106EDC004A1E41B1E01A1958013A43F8041B511CDF
:106EEC00F9D104EBC8043846AC6300F00FF97CE729
:106EFC00002B7FF46FAF102C3FF66CAF0368DA06F3
:106F0C0070D422AF384600F04FF9AE6B39460023EF
:106F1C004FF0010C0CFA03F230460133224203D03D
:106F2C0050F8042B06460A60042B01F10401F1D140
:106F3C003846AE6300F02EF957E7102A40F29A80DB
:106F4C002968A2F11004CF0774D44A0708D521F0A0
:106F5C0004012846019340F8D81B00F0D3F8019B9C
:106F6C0022AF0193C6F11008384600F0C3F802A80E
:106F7C0000F0C8F8D5F838C0019B4FEA48086046C5
:106F8C0007EBC60108F1FF3804394246013A50F8C4
:106F9C0004EBB2F1FF3F41F804EFF7D10CF1040C14
:106FAC000CEB880C74B302AF59E7102A3FF612AF02
:106FBC00102E3FF40FAF0268D10707D522F0030261
:106FCC00019340F8502B00F08DF8019B22AF0193F8
:106FDC00384600F087F8D5F838C0019BFCB1A046C4
:106FEC000024CAE723F0100300F5EC702B6000F0CE
:106FFC00DBF886E723F0080305F5AC702B6000F096
:10700C00A7F85CE7012B0AD00F2EC5F838C03FF665
:10701C00ECAE384600F06AF8E7E6944622AF0CF185
:10702C0004033846AB6300F059F8DEE622A800F002
:10703C005DF833E721F001022846019342F0020289
:10704C0040F8502B00F056F82A68019B12F0040F00
:10705C0086D022F004022846019340F8D82B00F089
:10706C0051F8019B7CE722F0040240F8D82B00F089
:10707C0049F8EDE60268D0070CD422AF01933846EC
:10708C0000F038F8002CC4D0A046D5F838C0002445
:10709C00019B72E7052B01930AD122F001022846CD
:1070AC0042F0020240F8502B00F024F8019BE4E778
:1070BC0022F00302284640F8502B00F013F8019BF5
:1070CC00DBE700BF00F1340191E838009C46A6468E
:1070DC004CF8045D90E8FF0FE54600BD90EC210BE9
:1070EC00704700BF80EC210B704700BF90EC200B69
:1070FC00704700BF80EC200B704700BFD0EC200B1A
:10710C00704700BFC0EC200B704700BFF0EC0201D1
:10711C00F0EC0211F0EC0221F0EC0231F0EC024147
:10712C00F0EC0251F0EC0261F0EC0271F0EC028137
:10713C00F0EC0291F0EC02A1F0EC02B1F0EC02C127
:10714C00F0EC02D1F0EC02E1F0EC02F1704700BF80
:10715C00E0EC0201E0EC0211E0EC0221E0EC023187
:10716C00E0EC0241E0EC0251E0EC0261E0EC027177
:10717C00E0EC0281E0EC0291E0EC02A1E0EC02B167
:10718C00E0EC02C1E0EC02D1E0EC02E1E0EC02F157
:10719C00704700BFB0FC0181B0FC0191B0FC01A1B3
:1071AC00B0FC01B1704700BFA0FC0181A0FC0191B3
:1071BC00A0FC01A1A0FC01B1704700BFEC4600B5DA
:1071CC002DE900502DE9FF1F4FF000030CB401A96D
:1071DC00FFF78EFBDDF840E012B07047EC4600B5CF
:1071EC002DE900502DE9FF1F4FF000030CB401A94D
:1071FC00FFF7BEFBDDF840E012B07047EC4600B57F
:10720C002DE900502DE9FF1F4FF000030CB401A92C
:10721C00FFF7D0FBDDF840E012B07047EC4600B54C
:10722C002DE900502DE9FF1F4FF000030CB401AB0A
:10723C00FFF794FBDDF840E012B07047EC4600B568
:10724C002DE900502DE9FF1F4FF000030CB401AAEB
:10725C00FFF714FCDDF840E012B07047027A0346E9
:10726C008AB9427AB2B14168013A4FF0030C10B4BA
:10727C0042720C1D086883F808C002025C60000EA4
:10728C0010BC1A6070470068013A1A720202000EB4
:10729C001A607047B020704710B584B000230C22E0
:1072AC0003AC19460094FFF79DFB039804B010BD86
:1072BC00F2E700BF2DE9F043002785B006460D46E6
:1072CC002846FFF7CBFFB028044600F024810306C4
:1072DC0038D500F0F003A02B00F083800CD8802B65
:1072EC0060D0902B04D100F00D030D2B40F08F805B
:1072FC00092005B0BDE8F083B02B68D0C02B40D17D
:10730C00C62800F0F580C72800F0088100F0F803CB
:10731C00C02B00F01581C82800F02081C928E7D1C6
:10732C002846FFF79BFF020300F00F0002F47022C7
:10733C0001300243012105233046FFF73FFD0028B1
:10734C00BED0D5E783000DF108090D223046DBB223
:10735C00CDF8009003F1040800231946FFF742FB17
:10736C00029A60064FF000033046CDF800904CBFF7
:10737C00A2EB08024244194602920D22FFF758FB79
:10738C009EE700F0F803D02BB2D100F007020523E2
:10739C0001213046013242F40022FFF70FFD002894
:1073AC008ED0A5E724022846FFF758FF2043B0F5FE
:1073BC00004F9DD0040100233046A2B21946FFF7BE
:1073CC00FDFC002894D1C4F3C030074378E7A0F14A
:1073DC00B103042B00F2DE80DFE803F0815340366A
:1073EC002D00C3434FF47F62010703F0070342FAF9
:1073FC0003F202F47F6201D542F48042002330464E
:10740C001946FFF7DBFC00283FF45AAF70E70DF18B
:10741C000808002300F00F0230461946CDF8008012
:10742C00FFF7E0FA00230D2230461946CDF8008014
:10743C00FFF7FEFA44E703AA0023304600921946F0
:10744C000D22FFF7CFFA3BE70023052130461A4601
:10745C00FFF7B4FC00283FF433AF49E72846FFF7A9
:10746C00FDFE0123020300F00F001946013002F467
:10747C00702202433046FFF7A1FC00283FF420AFF6
:10748C0036E700230DF108090D2230461946CDF8D8
:10749C000090FFF7A7FA2846FFF7E0FE0206029CD1
:1074AC004FF002080CD500F07F0000FA08F008F14C
:1074BC000708044428460294FFF7D0FE0306F2D4D2
:1074CC0000FA08F004F5017400230D220444CDF8F1
:1074DC000090194630460294FFF7AAFAF0E62846C7
:1074EC00FFF7BCFE431E0246DBB20E2B86D9FFE62D
:1074FC002846FFF7B3FE0323020300F00F001946E2
:10750C00013002F4702202433046FFF757FC00288A
:10751C003FF4D6AEECE66FB30020EAE62846FFF760
:10752C009DFE431E0246DBB20E2B3FF6E1AE00235E
:10753C0004213046FFF742FC00283FF4C1AED7E6E9
:10754C0000F00F02032330460132194642F4202288
:10755C00FFF734FC00283FF4B3AEC9E62846FFF72A
:10756C007DFE00F0F00200F00F031032013343EA0D
:10757C000232DFE602AC3B4639460E22304600941E
:10758C00FFF730FA0F223B46394630460094FFF79E
:10759C004FFAC1E700F0FC03B42B3FF4A9AE00F0A6
:1075AC000702012330461A44194642F40022FFF721
:1075BC0005FC00283FF484AE9AE600BF0246032384
:1075CC000846D26C10B584B008328DF80C3001A985
:1075DC0052F8043C1C021B0ECDE901428DF80D3013
:1075EC00FFF768FE04B010BD08B5FFF761FE806CB4
:1075FC0008BD00BF08B5FFF75BFEC06CC37900EB9C
:10760C008300083008BD00BF08B500F029F808B5A4
:10761C00FFF7FAFF704700BF5FF800F0E12D001094
:10762C005FF800F0559200105FF800F05D3F00101D
:10763C005FF800F0A98A00105FF800F0C591001007
:10764C005FF800F0619100105FF800F021EB011081
:10765C005FF800F0690502105FF800F0D5700010BB
:10766C005FF800F01DF501105FF800F03591001087
:10767C005FF800F0F50702105FF800F0D1EB011095
:10768C005FF800F0E9090210011000000000000092
:10769C0000000100000000000000000000000200DB
:1076AC0000000000000000000000030000000000CB
:1076BC00000000000000FF000000000001B5486859
:1076CC0001318E460047704609380149884701BD93
:1076DC00BD3400100000000000000000000000009D
:1076EC000000000000000000582D002085680010EC
:1076FC0031680010A9670010196700100000000025
:10770C000001000024DE002010000C00000000002E
:10771C00000000000000000000000000000000005D
:10772C00FFFFFF000000000001000000000000004F
:10773C00000000000000000000000000000000003D
:10774C00020000000000000000000000000000002B
:10775C00000000000000000003000000000000001A
:10776C00000000000000000000000000000000000D
:10777C0000000000000000000000000000000000FD
:10778C0000000000000000005D780110C5790110B8
:10779C00FFFFFFFF000002000000000000000000DF
:1077AC00F8270020F82700200028002000280020BF
:1077BC00082800200828002010280020102800206D
:1077CC00182800201828002020280020202800201D
:1077DC0028280020282800203028002030280020CD
:1077EC00382800203828002040280020402800207D
:1077FC00482800204828002050280020502800202D
:10780C0058280020582800206028002060280020DC
:10781C00682800206828002070280020702800208C
:10782C00782800207828002080280020802800203C
:10783C0088280020882800209028002090280020EC
:10784C009828002098280020A0280020A02800209C
:10785C00A8280020A8280020B0280020B02800204C
:10786C00B8280020B8280020C0280020C0280020FC
:10787C00C8280020C8280020D0280020D0280020AC
:10788C00D8280020D8280020E0280020E02800205C
:10789C00E8280020E8280020F0280020F02800200C
:1078AC00F8280020F82800200029002000290020BA
:1078BC000829002008290020102900201029002068
:1078CC001829002018290020202900202029002018
:1078DC0028290020282900203029002030290020C8
:1078EC003829002038290020402900204029002078
:1078FC004829002048290020502900205029002028
:10790C0058290020582900206029002060290020D7
:10791C006829002068290020702900207029002087
:10792C007829002078290020802900208029002037
:10793C0088290020882900209029002090290020E7
:10794C009829002098290020A0290020A029002097
:10795C00A8290020A8290020B0290020B029002047
:10796C00B8290020B8290020C0290020C0290020F7
:10797C00C8290020C8290020D0290020D0290020A7
:10798C00D8290020D8290020E0290020E029002057
:10799C00E8290020E8290020F0290020F029002007
:1079AC00F8290020F8290020002A0020002A0020B5
:1079BC00082A0020082A0020102A0020102A002063
:1079CC00182A0020182A0020202A0020202A002013
:1079DC00282A0020282A0020302A0020302A0020C3
:1079EC00382A0020382A0020402A0020402A002073
:1079FC00482A0020482A0020502A0020502A002023
:107A0C00582A0020582A0020602A0020602A0020D2
:107A1C00682A0020682A0020702A0020702A002082
:107A2C00782A0020782A0020802A0020802A002032
:107A3C00882A0020882A0020902A0020902A0020E2
:107A4C00982A0020982A0020A02A0020A02A002092
:107A5C00A82A0020A82A0020B02A0020B02A002042
:107A6C00B82A0020B82A0020C02A0020C02A0020F2
:107A7C00C82A0020C82A0020D02A0020D02A0020A2
:107A8C00D82A0020D82A0020E02A0020E02A002052
:107A9C00E82A0020E82A0020F02A0020F02A002002
:107AAC00F82A0020F82A0020002B0020002B0020B0
:107ABC00082B0020082B0020102B0020102B00205E
:107ACC00182B0020182B0020202B0020202B00200E
:107ADC00282B0020282B0020302B0020302B0020BE
:107AEC00382B0020382B0020402B0020402B00206E
:107AFC00482B0020482B0020502B0020502B00201E
:107B0C00582B0020582B0020602B0020602B0020CD
:107B1C00682B0020682B0020702B0020702B00207D
:107B2C00782B0020782B0020802B0020802B00202D
:107B3C00882B0020882B0020902B0020902B0020DD
:107B4C00982B0020982B0020A02B0020A02B00208D
:107B5C00A82B0020A82B0020B02B0020B02B00203D
:107B6C00B82B0020B82B0020C02B0020C02B0020ED
:107B7C00C82B0020C82B0020D02B0020D02B00209D
:107B8C00D82B0020D82B0020E02B0020E02B00204D
:107B9C00E82B0020E82B0020F02B0020F02B0020FD
:107BAC000000000003000000BCDA0020102C0020B4
:107BBC0000000000BCDA002024DB00208CDB00205D
:107BCC0000000000000000000000000000000000A9
:107BDC000000000000000000000000000000000099
:107BEC000000000000000000000000000000000089
:107BFC000000000000000000000000000000000079
:107C0C000000000000000000000000000000000068
:107C1C000000000000000000000000000000000058
:107C2C000000000000000000000000000000000048
:107C3C000000000000000000000000000000000038
:107C4C000000000000000000010000000000000027
:107C5C000E33CDAB34126DE6ECDE05000B000000EC
:107C6C000000000000000000000000000000000008
:107C7C0000000000000000000000000000000000F8
:107C8C0000000000000000000000000000000000E8
:107C9C0000000000000000000000000000000000D8
:107CAC0000000000000000000000000000000000C8
:107CBC0000000000000000000000000000000000B8
:107CCC0000000000000000000000000000000000A8
:107CDC003CE6002000000000000000000000000056
:047CEC000000000094
:107CF000D3DEFFFFFE010000FF0100004884FDFF0E
:047D0000793512AB14
:040000051000014D99
:00000001FF
